Date,Open,High,Low,Close,Volume
2024-08-28 00:00:00+00:00,59634.77734375,59634.77734375,58966.78515625,59363.85546875,1096884224
2024-08-28 04:00:00+00:00,58616.234375,59642.328125,58616.234375,59599.23046875,1408253952
2024-08-28 08:00:00+00:00,59956.0703125,60199.6875,58579.80078125,58631.05859375,2045857792
2024-08-28 12:00:00+00:00,59007.1484375,60143.35546875,58507.59765625,59945.23828125,176193536
2024-08-28 16:00:00+00:00,59155.9140625,59822.64453125,57913.9921875,59013.67578125,4344246272
2024-08-28 20:00:00+00:00,59027.46875,59522.9453125,58889.1171875,58903.37109375,1529135104
2024-08-29 00:00:00+00:00,59163.234375,59311.53125,58941.50390625,59030.64453125,0
2024-08-29 04:00:00+00:00,59599.828125,59741.38671875,59116.5703125,59157.7734375,287612928
2024-08-29 08:00:00+00:00,60135.0078125,60465.23046875,59396.78125,59600.125,839774208
2024-08-29 12:00:00+00:00,60816.8828125,61128.07421875,60030.33984375,60106.28515625,1181700096
2024-08-29 16:00:00+00:00,59216.83984375,60965.78125,58965.5625,60806.51171875,1436403712
2024-08-29 20:00:00+00:00,59388.6015625,59635.39453125,58888.50390625,59284.7109375,467099648
2024-08-30 00:00:00+00:00,59069.96875,59472.11328125,58924.578125,59374.44140625,548814848
2024-08-30 04:00:00+00:00,59316.0,59576.765625,58707.625,59047.49609375,837431296
2024-08-30 08:00:00+00:00,59398.61328125,59656.2578125,59304.25390625,59309.1171875,179884032
2024-08-30 12:00:00+00:00,58034.6484375,59823.2109375,58020.82421875,59401.74609375,2531307520
2024-08-30 16:00:00+00:00,58793.48046875,59347.32421875,57925.1953125,58088.8515625,1214779392
2024-08-30 20:00:00+00:00,59119.4765625,59267.7421875,58742.90625,58742.90625,0
2024-08-31 00:00:00+00:00,59232.58203125,59419.83984375,59100.74609375,59119.34765625,130541568
2024-08-31 04:00:00+00:00,59101.87890625,59337.68359375,59074.13671875,59228.734375,0
2024-08-31 08:00:00+00:00,59117.01171875,59171.84375,58852.76171875,59094.55078125,0
2024-08-31 12:00:00+00:00,58999.04296875,59229.84375,58926.3515625,59116.64453125,0
2024-08-31 16:00:00+00:00,58858.3046875,59127.41796875,58779.34375,59009.1328125,0
2024-08-31 20:00:00+00:00,58969.80078125,59126.9921875,58798.7578125,58864.4609375,0
2024-09-01 00:00:00+00:00,58521.00390625,59042.515625,58308.25,58966.2734375,1136892928
2024-09-01 04:00:00+00:00,58431.32421875,58592.1953125,57811.04296875,58516.03515625,2071561216
2024-09-01 08:00:00+00:00,58211.90625,58496.890625,57860.7265625,58456.74609375,1073007616
2024-09-01 12:00:00+00:00,58180.9140625,58334.39453125,57488.2578125,58215.12109375,3629188096
2024-09-01 16:00:00+00:00,58474.84765625,58736.03125,57893.5390625,58197.78515625,1368913920
2024-09-01 20:00:00+00:00,57326.96875,58612.1171875,57268.40625,58507.05078125,3071170560
2024-09-02 00:00:00+00:00,57726.29296875,57746.70703125,57266.89453125,57315.91015625,2352951296
2024-09-02 04:00:00+00:00,57530.3203125,57903.03515625,57404.03515625,57733.9453125,373319680
2024-09-02 08:00:00+00:00,58418.4765625,58660.30078125,57534.3125,57534.3125,2620448768
2024-09-02 12:00:00+00:00,58551.1015625,58758.390625,58103.203125,58417.890625,20936704
2024-09-02 16:00:00+00:00,58443.62109375,58646.24609375,58311.453125,58533.5078125,222404608
2024-09-02 20:00:00+00:00,59106.19140625,59349.109375,58407.20703125,58441.97265625,1463377920
2024-09-03 00:00:00+00:00,59096.51953125,59781.046875,59064.97265625,59140.20703125,268021760
2024-09-03 04:00:00+00:00,59112.75,59253.91015625,58889.17578125,59101.57421875,142262272
2024-09-03 08:00:00+00:00,59051.015625,59168.9375,58741.890625,59101.9609375,0
2024-09-03 12:00:00+00:00,57679.83984375,59314.33984375,57593.9140625,59056.5390625,3278172160
2024-09-03 16:00:00+00:00,58018.109375,58220.8125,57597.7578125,57730.58984375,1572184064
2024-09-03 20:00:00+00:00,57430.34765625,58202.421875,57430.34765625,58065.7109375,158388224
2024-09-04 00:00:00+00:00,56647.53515625,57894.45703125,55676.51953125,57472.953125,4805173248
2024-09-04 04:00:00+00:00,56739.92578125,56826.94140625,56196.375,56643.5234375,1780078592
2024-09-04 08:00:00+00:00,56588.25390625,56883.828125,56460.8359375,56739.44921875,503992320
2024-09-04 12:00:00+00:00,58139.38671875,58139.38671875,56274.61328125,56562.390625,2102511616
2024-09-04 16:00:00+00:00,58127.19140625,58501.9140625,57652.078125,58135.671875,1355440128
2024-09-04 20:00:00+00:00,57971.703125,58357.3125,57894.69140625,58047.66015625,120008704
2024-09-05 00:00:00+00:00,57112.09765625,58280.16015625,56972.015625,57969.75390625,1040601088
2024-09-05 04:00:00+00:00,57158.8984375,57272.98046875,56573.359375,57104.7265625,117506048
2024-09-05 08:00:00+00:00,56688.84375,57207.8203125,56664.1484375,57151.10546875,288368640
2024-09-05 12:00:00+00:00,55987.69140625,57225.73046875,55870.86328125,56689.93359375,1402597376
2024-09-05 16:00:00+00:00,55971.80859375,56681.3203125,55861.25,56003.1171875,566941696
2024-09-05 20:00:00+00:00,56160.19140625,56234.671875,55806.03515625,56017.796875,691351552
2024-09-06 00:00:00+00:00,56586.53125,56821.25,55990.1015625,56156.9140625,821669888
2024-09-06 04:00:00+00:00,55789.296875,56706.68359375,55304.03515625,56575.296875,2018684928
2024-09-06 08:00:00+00:00,55994.69140625,56236.5078125,55642.20703125,55787.07421875,1125976064
2024-09-06 12:00:00+00:00,54016.6328125,56976.109375,53806.171875,55989.19921875,6355687424
2024-09-06 16:00:00+00:00,53554.32421875,54397.234375,53250.48828125,54003.9296875,5593944064
2024-09-06 20:00:00+00:00,53949.0859375,53949.0859375,52629.5234375,53513.5390625,4580687872
2024-09-07 00:00:00+00:00,53807.8203125,54040.53125,53747.7265625,53935.4296875,63528960
2024-09-07 04:00:00+00:00,54266.1875,54362.6015625,53803.171875,53804.5703125,556023808
2024-09-07 08:00:00+00:00,54336.359375,54452.7734375,54190.40625,54282.7734375,0
2024-09-07 12:00:00+00:00,54787.37109375,54808.8828125,54372.73046875,54372.73046875,0
2024-09-07 16:00:00+00:00,54408.8125,54822.828125,54049.32421875,54790.00390625,0
2024-09-07 20:00:00+00:00,54147.93359375,54422.7421875,53829.40234375,54422.7421875,0
2024-09-08 00:00:00+00:00,54370.46484375,54487.6640625,53975.859375,54168.890625,61149184
2024-09-08 04:00:00+00:00,54414.3046875,54546.3828125,54284.76171875,54381.47265625,158855168
2024-09-08 08:00:00+00:00,54548.59765625,54698.14453125,54350.359375,54429.0546875,172053504
2024-09-08 12:00:00+00:00,53773.28125,54564.94140625,53733.8125,54549.0390625,368868352
2024-09-08 16:00:00+00:00,54337.359375,54492.5625,53674.3046875,53692.28515625,142699520
2024-09-08 20:00:00+00:00,54851.88671875,55290.71875,54195.65625,54338.10546875,2398862336
2024-09-09 00:00:00+00:00,55128.90625,55340.4296875,54740.60546875,54864.86328125,2718334976
2024-09-09 04:00:00+00:00,54960.0078125,55143.46875,54600.5234375,55118.61328125,1259044864
2024-09-09 08:00:00+00:00,55250.74609375,55516.46875,54975.5234375,54975.5234375,1787418624
2024-09-09 12:00:00+00:00,55400.25,55747.11328125,54848.59375,55256.984375,3307030528
2024-09-09 16:00:00+00:00,57163.04296875,57163.04296875,55383.515625,55386.7421875,6507675648
2024-09-09 20:00:00+00:00,57020.09765625,57936.734375,56854.63671875,57142.5703125,2576748544
2024-09-10 00:00:00+00:00,56560.37109375,57054.2109375,56554.078125,57054.2109375,102017024
2024-09-10 04:00:00+00:00,57206.94140625,57282.97265625,56425.56640625,56546.1796875,458244096
2024-09-10 08:00:00+00:00,57239.625,57357.7109375,56938.28515625,57217.6484375,299741184
2024-09-10 12:00:00+00:00,56684.12109375,57397.8984375,56541.87890625,57234.73828125,123744256
2024-09-10 16:00:00+00:00,58011.03515625,58015.015625,56595.60546875,56595.60546875,79947776
2024-09-10 20:00:00+00:00,57650.2890625,57978.19140625,57454.94140625,57978.19140625,0
2024-09-11 00:00:00+00:00,56788.8828125,57736.58203125,56711.67578125,57634.66796875,1872216064
2024-09-11 04:00:00+00:00,56714.19140625,56812.98046875,56151.76171875,56812.98046875,1295116288
2024-09-11 08:00:00+00:00,56769.0,56846.28125,56382.66015625,56705.66015625,1022642176
2024-09-11 12:00:00+00:00,56716.01171875,57105.1640625,55587.24609375,56789.23828125,3977115648
2024-09-11 16:00:00+00:00,57673.984375,57977.3828125,56692.21875,56728.2734375,2704711680
2024-09-11 20:00:00+00:00,57343.171875,57662.50390625,57247.19140625,57648.12890625,5238784
2024-09-12 00:00:00+00:00,58251.6484375,58446.21484375,57344.03125,57344.03125,1339875328
2024-09-12 04:00:00+00:00,58119.0546875,58423.27734375,57873.42578125,58249.703125,267927552
2024-09-12 08:00:00+00:00,58047.91015625,58341.87109375,57924.1015625,58145.24609375,334659584
2024-09-12 12:00:00+00:00,57506.4296875,58506.21484375,57360.32421875,58055.50390625,114356224
2024-09-12 16:00:00+00:00,58387.02734375,58442.23046875,57498.22265625,57498.22265625,829079552
2024-09-12 20:00:00+00:00,58130.32421875,58383.6796875,57829.8125,58383.6796875,1404229632
2024-09-13 00:00:00+00:00,57850.9140625,58226.265625,57850.9140625,58129.22265625,0
2024-09-13 04:00:00+00:00,58140.328125,58140.328125,57768.4140625,57852.4609375,0
2024-09-13 08:00:00+00:00,57852.71875,58338.51953125,57852.71875,58123.4609375,0
2024-09-13 12:00:00+00:00,59621.0390625,59712.27734375,57658.73046875,57869.125,1784721408
2024-09-13 16:00:00+00:00,59700.98046875,60012.1875,59338.3828125,59674.4453125,1456971776
2024-09-13 20:00:00+00:00,60569.1171875,60640.19140625,59673.390625,59761.87109375,2884423680
2024-09-14 00:00:00+00:00,60379.34375,60645.54296875,60327.08984375,60544.2265625,235257856
2024-09-14 04:00:00+00:00,60168.54296875,60365.07421875,59930.02734375,60359.734375,327542784
2024-09-14 08:00:00+00:00,59736.859375,60178.71875,59637.1484375,60165.48046875,0
2024-09-14 12:00:00+00:00,59895.89453125,60016.9296875,59672.5859375,59734.7109375,0
2024-09-14 16:00:00+00:00,59820.45703125,59996.75390625,59541.2890625,59893.10546875,0
2024-09-14 20:00:00+00:00,60000.7265625,60118.37890625,59810.58984375,59822.86328125,0
2024-09-15 00:00:00+00:00,60165.60546875,60272.4140625,60007.734375,60007.734375,0
2024-09-15 04:00:00+00:00,60202.33984375,60252.39453125,60121.703125,60174.77734375,0
2024-09-15 08:00:00+00:00,60013.19921875,60212.94140625,59927.71484375,60204.19921875,0
2024-09-15 12:00:00+00:00,60352.7265625,60377.87890625,59913.5703125,60014.4453125,637199360
2024-09-15 16:00:00+00:00,59888.3828125,60348.37109375,59771.015625,60346.125,1605139456
2024-09-15 20:00:00+00:00,59185.2265625,59920.53515625,58734.30078125,59890.86328125,3227370496
2024-09-16 00:00:00+00:00,58581.89453125,59195.609375,58173.53515625,59141.94921875,4537831424
2024-09-16 04:00:00+00:00,58906.94921875,58952.56640625,58333.83203125,58569.51171875,2235916288
2024-09-16 08:00:00+00:00,58656.88671875,59154.6171875,58515.109375,58903.5078125,2590969856
2024-09-16 12:00:00+00:00,57914.42578125,58773.3984375,57582.54296875,58655.33984375,4188692480
2024-09-16 16:00:00+00:00,57978.54296875,58212.9296875,57526.57421875,57875.87109375,2094254080
2024-09-16 20:00:00+00:00,58192.5078125,58386.05859375,57658.56640625,57924.140625,392192000
2024-09-17 00:00:00+00:00,58058.48828125,58336.74609375,57643.33203125,58204.09375,0
2024-09-17 04:00:00+00:00,58690.1015625,58751.83984375,58043.18359375,58057.546875,124100608
2024-09-17 08:00:00+00:00,59114.56640625,59273.88671875,58649.67578125,58694.80859375,642729984
2024-09-17 12:00:00+00:00,61137.2734375,61289.640625,58910.32421875,59092.84765625,6406739968
2024-09-17 16:00:00+00:00,60024.77734375,61258.15625,59750.45703125,61121.13671875,2495074304
2024-09-17 20:00:00+00:00,60309.0,60398.3671875,59767.8046875,59982.42578125,979152896
2024-09-18 00:00:00+00:00,60526.796875,60716.76953125,59913.9140625,60316.3828125,1252593664
2024-09-18 04:00:00+00:00,60445.30078125,60678.96875,60231.1640625,60518.12109375,261021696
2024-09-18 08:00:00+00:00,59880.828125,60437.484375,59392.53125,60437.484375,839815168
2024-09-18 12:00:00+00:00,59476.66796875,60140.046875,59353.9609375,59853.79296875,0
2024-09-18 16:00:00+00:00,60063.84765625,61153.91796875,59218.25390625,59428.51171875,7725678592
2024-09-18 20:00:00+00:00,61651.15625,61651.15625,59653.125,60062.36328125,2226614272
2024-09-19 00:00:00+00:00,62104.41015625,62540.09765625,61609.8671875,61760.109375,5096579072
2024-09-19 04:00:00+00:00,62094.35546875,62180.41796875,61861.71875,62119.37109375,1442205696
2024-09-19 08:00:00+00:00,62685.5234375,62702.8671875,61906.4765625,62097.58984375,697552896
2024-09-19 12:00:00+00:00,63177.40625,63509.4375,62642.58203125,62669.34375,4473815040
2024-09-19 16:00:00+00:00,63283.08984375,63854.0234375,63008.953125,63166.44140625,1481433088
2024-09-19 20:00:00+00:00,62941.42578125,63292.31640625,62670.171875,63292.31640625,498032640
2024-09-20 00:00:00+00:00,63607.8828125,63644.1640625,62636.74609375,62958.390625,460214272
2024-09-20 04:00:00+00:00,63549.46484375,64059.8828125,63428.46875,63751.57421875,3553832960
2024-09-20 08:00:00+00:00,63439.390625,63694.28515625,63152.46484375,63536.1015625,501096448
2024-09-20 12:00:00+00:00,63204.3828125,63511.99609375,62586.25,63444.3515625,221728768
2024-09-20 16:00:00+00:00,62952.44140625,63260.6171875,62388.29296875,63148.5703125,0
2024-09-20 20:00:00+00:00,63184.33984375,63285.91796875,62733.79296875,62823.80078125,179388416
2024-09-21 00:00:00+00:00,62890.34765625,63293.9765625,62846.53125,63199.53515625,0
2024-09-21 04:00:00+00:00,63099.625,63135.2890625,62784.71875,62895.04296875,0
2024-09-21 08:00:00+00:00,63103.76171875,63147.47265625,62978.30859375,63093.9609375,0
2024-09-21 12:00:00+00:00,63204.09765625,63300.1171875,63064.890625,63097.55078125,0
2024-09-21 16:00:00+00:00,63207.55078125,63409.953125,63131.375,63208.37890625,0
2024-09-21 20:00:00+00:00,63396.8046875,63538.93359375,63076.01953125,63245.06640625,418233344
2024-09-22 00:00:00+00:00,63126.2578125,63452.08203125,62853.45703125,63420.4453125,508866560
2024-09-22 04:00:00+00:00,62956.15625,63197.015625,62862.484375,63131.00390625,11994112
2024-09-22 08:00:00+00:00,62827.8046875,63041.03515625,62598.16796875,62939.81640625,911618048
2024-09-22 12:00:00+00:00,62702.0234375,62924.2734375,62508.12109375,62815.484375,609098752
2024-09-22 16:00:00+00:00,63178.171875,63225.96875,62496.03515625,62676.03515625,656564224
2024-09-22 20:00:00+00:00,63643.1015625,63983.56640625,62445.515625,63203.5,3942220800
2024-09-23 00:00:00+00:00,64349.203125,64733.55859375,62630.015625,63614.1796875,5139589120
2024-09-23 04:00:00+00:00,63550.58984375,64451.96484375,63429.9453125,64370.69140625,2667841536
2024-09-23 08:00:00+00:00,63407.48828125,63686.5703125,63334.24609375,63554.44140625,997922816
2024-09-23 12:00:00+00:00,63651.41015625,63762.85546875,63106.3671875,63424.5390625,3763523584
2024-09-23 16:00:00+00:00,63281.14453125,63790.18359375,63128.59765625,63617.53515625,1522765824
2024-09-23 20:00:00+00:00,63326.83984375,63460.9765625,63122.078125,63303.59375,203386880
2024-09-24 00:00:00+00:00,63114.89453125,63394.4609375,62740.75390625,63328.78125,626472960
2024-09-24 04:00:00+00:00,63548.3359375,63559.84765625,62933.04296875,63118.89453125,0
2024-09-24 08:00:00+00:00,63466.83984375,63914.6328125,63395.70703125,63552.16015625,287037440
2024-09-24 12:00:00+00:00,63191.19140625,63762.5625,62773.484375,63468.2734375,723415040
2024-09-24 16:00:00+00:00,64284.71875,64287.421875,63120.75390625,63173.06640625,1811572736
2024-09-24 20:00:00+00:00,64302.58984375,64629.11328125,63994.4453125,64316.328125,2240202752
2024-09-25 00:00:00+00:00,64448.8203125,64772.03125,64082.10546875,64269.984375,339017728
2024-09-25 04:00:00+00:00,63843.453125,64456.3203125,63670.96484375,64456.3203125,490403840
2024-09-25 08:00:00+00:00,63834.78125,63897.4609375,63433.1015625,63836.3984375,455604224
2024-09-25 12:00:00+00:00,63490.2890625,63979.05859375,63362.7265625,63834.23046875,281692160
2024-09-25 16:00:00+00:00,63219.828125,63652.99609375,63004.55859375,63495.0859375,86290432
2024-09-25 20:00:00+00:00,63138.546875,63538.96484375,62952.55078125,63168.09765625,15671296
2024-09-26 00:00:00+00:00,63471.25,63514.4765625,62669.26953125,63139.6015625,159471616
2024-09-26 04:00:00+00:00,63835.34765625,63852.984375,63330.69921875,63499.3125,173060096
2024-09-26 08:00:00+00:00,64401.359375,64482.29296875,63581.375,63855.55859375,1764675584
2024-09-26 12:00:00+00:00,65273.96484375,65473.30859375,64203.37890625,64401.28125,6744893440
2024-09-26 16:00:00+00:00,64819.99609375,65747.7421875,64819.99609375,65249.5078125,2595184640
2024-09-26 20:00:00+00:00,65180.6640625,65238.28125,64679.12109375,64750.05078125,1244217344
2024-09-27 00:00:00+00:00,65373.5390625,65393.02734375,64854.9921875,65179.78125,371126272
2024-09-27 04:00:00+00:00,65496.71875,65561.359375,65125.5859375,65372.28125,1703276544
2024-09-27 08:00:00+00:00,65440.65234375,65989.0078125,65360.3515625,65502.80078125,1336160256
2024-09-27 12:00:00+00:00,66046.8671875,66453.9921875,65354.80078125,65445.46484375,0
2024-09-27 16:00:00+00:00,65692.9921875,66362.78125,65583.875,66035.3671875,0
2024-09-27 20:00:00+00:00,65792.1796875,65976.1484375,65651.453125,65690.0078125,0
2024-09-28 00:00:00+00:00,66080.2421875,66229.328125,65757.6171875,65789.1484375,0
2024-09-28 04:00:00+00:00,65847.6796875,66103.46875,65771.6171875,66081.953125,0
2024-09-28 08:00:00+00:00,65792.3515625,65841.4921875,65508.61328125,65841.4921875,0
2024-09-28 12:00:00+00:00,65633.9375,65810.6171875,65464.6328125,65798.8125,0
2024-09-28 16:00:00+00:00,65732.53125,65824.5234375,65522.27734375,65632.0234375,0
2024-09-28 20:00:00+00:00,65888.8984375,65948.3984375,65469.9765625,65741.890625,50075648
2024-09-29 00:00:00+00:00,65820.53125,65956.1640625,65678.25,65888.78125,88033280
2024-09-29 04:00:00+00:00,65493.3515625,65818.09375,65467.15234375,65818.09375,135489536
2024-09-29 08:00:00+00:00,65699.796875,65725.2109375,65454.41796875,65484.515625,260235264
2024-09-29 12:00:00+00:00,65772.8125,65855.1171875,65608.796875,65700.71875,455301120
2024-09-29 16:00:00+00:00,65976.078125,65978.40625,65671.078125,65759.5859375,75421696
2024-09-29 20:00:00+00:00,65634.65625,66069.34375,65548.7421875,65966.2265625,1140952064
2024-09-30 00:00:00+00:00,64529.84765625,65613.390625,64229.0625,65613.390625,4975734784
2024-09-30 04:00:00+00:00,64581.19921875,64698.0703125,64355.78125,64551.25390625,1835257856
2024-09-30 08:00:00+00:00,63854.0703125,64564.88671875,63299.2578125,64564.88671875,5507874816
2024-09-30 12:00:00+00:00,63585.37109375,64140.27734375,63585.37109375,63831.80859375,3652032512
2024-09-30 16:00:00+00:00,63588.3828125,63691.1015625,63081.37890625,63558.75,5088466944
2024-09-30 20:00:00+00:00,63329.5,63834.79296875,62931.3203125,63453.49609375,1479368704
2024-10-01 00:00:00+00:00,63679.0625,63679.0625,63014.2734375,63320.25390625,240807936
2024-10-01 04:00:00+00:00,64019.8125,64106.921875,63631.94921875,63683.28515625,750301184
2024-10-01 08:00:00+00:00,63733.515625,64074.70703125,63724.23828125,64028.71484375,0
2024-10-01 12:00:00+00:00,62702.33203125,63803.28515625,61959.953125,63730.3125,6989266944
2024-10-01 16:00:00+00:00,61726.2265625,62725.0,61076.9609375,62624.546875,6441066496
2024-10-01 20:00:00+00:00,60836.32421875,61724.87890625,60221.6875,61720.08984375,5444939776
2024-10-02 00:00:00+00:00,61757.02734375,61854.58984375,60753.125,60824.83203125,512602112
2024-10-02 04:00:00+00:00,61733.68359375,61900.6015625,61360.43359375,61751.46484375,109404160
2024-10-02 08:00:00+00:00,61180.859375,61886.0,60908.875,61732.04296875,1257046016
2024-10-02 12:00:00+00:00,61830.18359375,61912.77734375,60585.39453125,61162.01171875,645885952
2024-10-02 16:00:00+00:00,60341.5078125,62322.40625,60019.35546875,61883.8203125,1217736704
2024-10-02 20:00:00+00:00,60632.484375,60962.19921875,60143.27734375,60175.875,2478080
2024-10-03 00:00:00+00:00,61449.83984375,61449.83984375,60542.91015625,60636.19140625,499085312
2024-10-03 04:00:00+00:00,60973.2578125,61457.328125,60892.5078125,61456.19140625,419885056
2024-10-03 08:00:00+00:00,60767.96875,61039.375,60157.16796875,60958.4140625,1314590720
2024-10-03 12:00:00+00:00,60608.80078125,60841.09765625,59930.140625,60753.328125,778207232
2024-10-03 16:00:00+00:00,60984.953125,60989.94921875,60038.16796875,60617.16015625,508637184
2024-10-03 20:00:00+00:00,60754.625,61075.8828125,60613.31640625,61047.95703125,0
2024-10-04 00:00:00+00:00,60935.140625,61264.2421875,60467.296875,60747.640625,261582848
2024-10-04 04:00:00+00:00,61451.94921875,61471.0703125,60945.32421875,60945.32421875,2564096
2024-10-04 08:00:00+00:00,61438.76171875,61626.30859375,61264.70703125,61453.73828125,0
2024-10-04 12:00:00+00:00,61833.66796875,61914.98828125,60809.96875,61433.9296875,715403264
2024-10-04 16:00:00+00:00,62382.94921875,62463.86328125,61703.4453125,61850.671875,179980288
2024-10-04 20:00:00+00:00,62067.609375,62464.609375,61994.08984375,62395.703125,0
2024-10-05 00:00:00+00:00,61870.1171875,62197.58203125,61689.58203125,62067.1015625,132063232
2024-10-05 04:00:00+00:00,62091.13671875,62252.34375,61831.12109375,61878.953125,0
2024-10-05 08:00:00+00:00,62186.4921875,62321.2265625,62093.17578125,62094.9375,19122176
2024-10-05 12:00:00+00:00,62170.0625,62370.578125,62124.8125,62185.5859375,0
2024-10-05 16:00:00+00:00,61832.875,62176.62890625,61784.76171875,62166.19921875,0
2024-10-05 20:00:00+00:00,62084.98828125,62089.9453125,61721.21875,61844.5625,0
2024-10-06 00:00:00+00:00,61896.91796875,62143.23828125,61883.11328125,62066.37109375,144497664
2024-10-06 04:00:00+00:00,61952.36328125,62007.73828125,61837.4921875,61886.52734375,0
2024-10-06 08:00:00+00:00,62107.50390625,62146.1640625,61926.89453125,61956.03125,37165056
2024-10-06 12:00:00+00:00,62716.82421875,62745.671875,62085.4453125,62111.65234375,1538455552
2024-10-06 16:00:00+00:00,62630.296875,62922.4765625,62579.0625,62715.94921875,545128448
2024-10-06 20:00:00+00:00,62819.109375,62899.4609375,62308.5546875,62632.46875,888282112
2024-10-07 00:00:00+00:00,63508.1328125,63927.2265625,62674.87109375,62817.12890625,4101173248
2024-10-07 04:00:00+00:00,63553.015625,63702.19140625,63342.6875,63513.515625,1499467776
2024-10-07 08:00:00+00:00,63054.69921875,63697.390625,62665.421875,63551.65625,3188428800
2024-10-07 12:00:00+00:00,63656.97265625,64358.9765625,62833.15625,63114.5625,5772570624
2024-10-07 16:00:00+00:00,63352.53125,63870.87890625,62780.26953125,63644.76953125,3205402624
2024-10-07 20:00:00+00:00,62221.64453125,63360.01171875,62210.0703125,63346.47265625,1710284800
2024-10-08 00:00:00+00:00,62590.23046875,62784.5,62226.50390625,62227.6640625,0
2024-10-08 04:00:00+00:00,62269.0703125,62756.0703125,62050.29296875,62608.40625,772261888
2024-10-08 08:00:00+00:00,62610.234375,62617.5546875,62236.2109375,62286.90234375,250859520
2024-10-08 12:00:00+00:00,62266.04296875,63156.3046875,61902.44140625,62597.5625,371494912
2024-10-08 16:00:00+00:00,62300.26953125,62527.58984375,61875.328125,62253.39453125,162560000
2024-10-08 20:00:00+00:00,62164.6484375,62477.39453125,62010.87890625,62208.7265625,0
2024-10-09 00:00:00+00:00,62339.625,62436.94921875,62008.77734375,62122.8359375,180617216
2024-10-09 04:00:00+00:00,62244.2734375,62499.3203125,62174.8828125,62344.16015625,0
2024-10-09 08:00:00+00:00,62138.29296875,62248.77734375,62014.35546875,62241.4140625,0
2024-10-09 12:00:00+00:00,62278.21875,62336.3046875,61617.984375,62145.99609375,577306624
2024-10-09 16:00:00+00:00,61004.12109375,62269.890625,60802.50390625,62266.23046875,2218049536
2024-10-09 20:00:00+00:00,60582.2265625,61065.10546875,60394.44921875,60984.1484375,976467968
2024-10-10 00:00:00+00:00,60808.140625,60893.0859375,60351.39453125,60580.85546875,406806528
2024-10-10 04:00:00+00:00,60865.63671875,61081.20703125,60772.1953125,60803.86328125,178192384
2024-10-10 08:00:00+00:00,61192.796875,61221.046875,60600.109375,60851.74609375,1031708672
2024-10-10 12:00:00+00:00,60732.06640625,61223.6015625,60416.296875,61215.87109375,243605504
2024-10-10 16:00:00+00:00,59659.26953125,60890.98828125,58895.20703125,60764.51171875,3083335680
2024-10-10 20:00:00+00:00,60275.4609375,60275.4609375,59556.98828125,59689.06640625,425836544
2024-10-11 00:00:00+00:00,60591.875,60638.69921875,60048.89453125,60280.33203125,218066944
2024-10-11 04:00:00+00:00,60641.03125,60863.69921875,60541.94921875,60581.69140625,411138048
2024-10-11 08:00:00+00:00,61164.7890625,61214.5859375,60621.55078125,60660.3046875,497418240
2024-10-11 12:00:00+00:00,62416.00390625,62416.00390625,61121.27734375,61137.82421875,1627430912
2024-10-11 16:00:00+00:00,63017.21875,63372.8203125,62135.4609375,62280.76953125,1539680256
2024-10-11 20:00:00+00:00,62417.61328125,63155.21875,62352.515625,63084.94140625,32356352
2024-10-12 00:00:00+00:00,62539.2734375,63040.4375,62480.38671875,62512.046875,323813376
2024-10-12 04:00:00+00:00,62747.26953125,62760.73828125,62539.87109375,62539.87109375,130648064
2024-10-12 08:00:00+00:00,62905.4375,63225.2734375,62659.39453125,62739.55078125,193036288
2024-10-12 12:00:00+00:00,63121.12109375,63438.76953125,62837.99609375,62916.83984375,0
2024-10-12 16:00:00+00:00,63016.546875,63379.4375,62931.08203125,63148.75390625,0
2024-10-12 20:00:00+00:00,63192.9453125,63350.11328125,62999.87109375,62999.87109375,2737152
2024-10-13 00:00:00+00:00,62684.33203125,63270.203125,62673.96484375,63190.76953125,61743104
2024-10-13 04:00:00+00:00,62834.20703125,62954.69921875,62694.1171875,62694.1171875,71213056
2024-10-13 08:00:00+00:00,62537.5,62945.3671875,62514.1484375,62837.3828125,457504768
2024-10-13 12:00:00+00:00,62226.04296875,62766.9140625,62045.83984375,62542.28515625,263940096
2024-10-13 16:00:00+00:00,62708.03125,62802.42578125,62173.88671875,62215.28515625,935302144
2024-10-13 20:00:00+00:00,62848.3984375,63086.8359375,62592.54296875,62719.62890625,1210401792
2024-10-14 00:00:00+00:00,64236.484375,64252.234375,62458.0,62843.5859375,2951145472
2024-10-14 04:00:00+00:00,64578.03515625,64600.0703125,63783.03515625,64246.40234375,5436426240
2024-10-14 08:00:00+00:00,64893.58984375,65059.859375,64326.57421875,64577.75390625,3666776064
2024-10-14 12:00:00+00:00,65974.3984375,66232.8828125,64649.046875,64877.8125,8043776000
2024-10-14 16:00:00+00:00,65904.421875,66045.28125,65520.73046875,65834.8046875,3575230464
2024-10-14 20:00:00+00:00,66050.3671875,66457.46875,65753.609375,65922.28125,2278674432
2024-10-15 00:00:00+00:00,65316.7578125,66290.0625,65316.7578125,66064.0859375,1181270016
2024-10-15 04:00:00+00:00,65644.203125,65785.6171875,65221.7265625,65358.6953125,0
2024-10-15 08:00:00+00:00,65311.10546875,65783.5546875,65267.7890625,65627.6328125,0
2024-10-15 12:00:00+00:00,65932.53125,67857.4296875,64856.5390625,65360.63671875,6438641664
2024-10-15 16:00:00+00:00,66998.140625,67372.03125,65990.0859375,65999.875,3321974784
2024-10-15 20:00:00+00:00,67042.4609375,67091.3046875,66160.703125,66976.703125,1414414336
2024-10-16 00:00:00+00:00,67109.03125,67542.296875,66767.6484375,67053.1328125,1002934272
2024-10-16 04:00:00+00:00,66959.0234375,67335.203125,66780.5,67087.7890625,169259008
2024-10-16 08:00:00+00:00,68030.046875,68333.8203125,66944.0,66966.0,3943952384
2024-10-16 12:00:00+00:00,67705.859375,68226.703125,67196.9140625,67916.6484375,798789632
2024-10-16 16:00:00+00:00,67783.28125,68039.5625,67505.2734375,67728.1875,0
2024-10-16 20:00:00+00:00,67617.078125,67920.140625,67494.8203125,67741.09375,0
2024-10-17 00:00:00+00:00,67594.09375,67910.15625,67419.765625,67607.5390625,0
2024-10-17 04:00:00+00:00,67249.65625,67584.046875,67077.7421875,67584.046875,427560960
2024-10-17 08:00:00+00:00,66853.09375,67470.8125,66798.1484375,67256.0546875,0
2024-10-17 12:00:00+00:00,67548.0390625,67588.578125,66654.3984375,66848.984375,313536512
2024-10-17 16:00:00+00:00,66800.8515625,67558.171875,66713.9453125,67558.171875,1073577984
2024-10-17 20:00:00+00:00,67419.109375,67458.0234375,66822.0078125,66822.0078125,570808320
2024-10-18 00:00:00+00:00,67572.984375,68161.9140625,67181.984375,67411.1875,2122496000
2024-10-18 04:00:00+00:00,67947.921875,68289.3828125,67527.6171875,67527.6171875,980033536
2024-10-18 08:00:00+00:00,67666.59375,68000.9375,67666.59375,67952.734375,157372416
2024-10-18 12:00:00+00:00,68779.8203125,68832.453125,67629.6328125,67676.6953125,2208821248
2024-10-18 16:00:00+00:00,68585.34375,68962.640625,68363.625,68716.375,526073856
2024-10-18 20:00:00+00:00,68418.9765625,68670.3671875,68201.2890625,68606.953125,350523392
2024-10-19 00:00:00+00:00,68442.8671875,68667.75,68297.6640625,68421.5,0
2024-10-19 04:00:00+00:00,68338.1875,68540.4140625,68301.1875,68436.84375,0
2024-10-19 08:00:00+00:00,68081.53125,68450.640625,68081.53125,68331.7734375,0
2024-10-19 12:00:00+00:00,68214.375,68320.21875,68072.15625,68072.15625,0
2024-10-19 16:00:00+00:00,68169.734375,68235.78125,68039.0625,68218.609375,0
2024-10-19 20:00:00+00:00,68362.734375,68389.7421875,68167.03125,68170.9453125,12457984
2024-10-20 00:00:00+00:00,68178.1796875,68418.7734375,68113.890625,68366.5625,67067904
2024-10-20 04:00:00+00:00,68366.859375,68411.734375,68162.84375,68180.9765625,267158528
2024-10-20 08:00:00+00:00,68414.34375,68469.7578125,68350.0546875,68361.3671875,68923392
2024-10-20 12:00:00+00:00,68595.1953125,68738.015625,68209.453125,68414.2265625,1723166720
2024-10-20 16:00:00+00:00,68488.96875,68643.7890625,68436.484375,68604.0703125,131155968
2024-10-20 20:00:00+00:00,68999.9921875,69298.2578125,68460.21875,68489.234375,3631699968
2024-10-21 00:00:00+00:00,68893.2421875,69427.09375,68628.3203125,69009.3671875,3669649408
2024-10-21 04:00:00+00:00,68490.2734375,69133.65625,68481.328125,68906.8046875,1762353152
2024-10-21 08:00:00+00:00,68204.015625,68617.046875,68126.90625,68498.8671875,2945667072
2024-10-21 12:00:00+00:00,67216.1796875,68270.0234375,66832.296875,68196.5,7421597696
2024-10-21 16:00:00+00:00,67844.125,67881.21875,66899.921875,67290.65625,5144371200
2024-10-21 20:00:00+00:00,67360.703125,67881.9921875,67360.703125,67749.9609375,317394944
2024-10-22 00:00:00+00:00,67351.578125,67642.9375,66611.578125,67358.8046875,419590144
2024-10-22 04:00:00+00:00,67354.890625,67739.953125,67277.078125,67353.515625,293580800
2024-10-22 08:00:00+00:00,67263.09375,67423.28125,66730.609375,67353.84375,1407242240
2024-10-22 12:00:00+00:00,67274.59375,67626.0234375,66623.578125,67260.6875,83775488
2024-10-22 16:00:00+00:00,67512.328125,67585.484375,66909.6796875,67240.796875,0
2024-10-22 20:00:00+00:00,67361.40625,67783.75,67288.7421875,67474.046875,66396160
2024-10-23 00:00:00+00:00,67024.796875,67383.3359375,66885.109375,67375.8515625,48209920
2024-10-23 04:00:00+00:00,66804.765625,67239.3125,66749.53125,67029.3515625,253392896
2024-10-23 08:00:00+00:00,66344.0390625,66954.2890625,66191.53125,66794.453125,116580352
2024-10-23 12:00:00+00:00,66156.2421875,66800.328125,65873.7265625,66347.140625,1181202432
2024-10-23 16:00:00+00:00,66391.90625,66414.390625,65198.04296875,66156.28125,4180731904
2024-10-23 20:00:00+00:00,66653.703125,66714.2109375,66263.8359375,66375.5390625,759343104
2024-10-24 00:00:00+00:00,67144.375,67511.2890625,66459.359375,66637.390625,2151262208
2024-10-24 04:00:00+00:00,67021.5703125,67388.5390625,67021.5703125,67144.0078125,90386432
2024-10-24 08:00:00+00:00,67177.625,67227.6953125,66713.2578125,67048.171875,301801472
2024-10-24 12:00:00+00:00,67660.9453125,67879.015625,67199.0546875,67199.0546875,1325502464
2024-10-24 16:00:00+00:00,68237.1171875,68262.3671875,67342.59375,67641.296875,0
2024-10-24 20:00:00+00:00,68165.296875,68779.9296875,67978.8046875,68247.0546875,1392785408
2024-10-25 00:00:00+00:00,67963.8984375,68228.34375,67820.2578125,68160.875,0
2024-10-25 04:00:00+00:00,67456.65625,67992.9921875,67253.3984375,67967.2109375,1021624320
2024-10-25 08:00:00+00:00,68083.0703125,68120.1640625,67345.5859375,67460.25,538845184
2024-10-25 12:00:00+00:00,67655.4296875,68703.5546875,67445.875,68071.3203125,1320015872
2024-10-25 16:00:00+00:00,66850.453125,67796.6875,65984.421875,67540.1875,7280662528
2024-10-25 20:00:00+00:00,66625.484375,67244.6484375,65596.734375,66721.3828125,3608657920
2024-10-26 00:00:00+00:00,66824.828125,66891.3515625,66368.609375,66599.015625,1675874304
2024-10-26 04:00:00+00:00,66940.4140625,67137.09375,66762.0703125,66817.5625,0
2024-10-26 08:00:00+00:00,67051.8984375,67158.59375,66893.8359375,66935.5703125,0
2024-10-26 12:00:00+00:00,66779.703125,67074.234375,66683.1328125,67049.171875,0
2024-10-26 16:00:00+00:00,67082.78125,67093.8984375,66759.375,66793.6015625,0
2024-10-26 20:00:00+00:00,67023.4765625,67314.0625,67009.8515625,67085.6953125,0
2024-10-27 00:00:00+00:00,67178.53125,67197.125,66850.9375,67016.796875,0
2024-10-27 04:00:00+00:00,67110.8359375,67202.4609375,67036.7890625,67188.4453125,0
2024-10-27 08:00:00+00:00,67043.546875,67167.953125,66967.7265625,67111.9375,0
2024-10-27 12:00:00+00:00,67690.515625,67763.6953125,67038.796875,67046.6875,506350592
2024-10-27 16:00:00+00:00,67729.375,67888.3203125,67486.5703125,67750.1015625,462090240
2024-10-27 20:00:00+00:00,67929.296875,68221.3125,67662.3671875,67757.1953125,1825236992
2024-10-28 00:00:00+00:00,67645.7890625,68009.453125,67602.6484375,67974.59375,1450790912
2024-10-28 04:00:00+00:00,68343.0546875,68551.21875,67543.765625,67647.921875,2616061952
2024-10-28 08:00:00+00:00,68669.5,68742.7578125,68159.765625,68332.6171875,2214385664
2024-10-28 12:00:00+00:00,68445.5078125,69225.3203125,68438.71875,68672.8828125,5743347712
2024-10-28 16:00:00+00:00,69480.671875,69854.609375,68431.8203125,68431.8203125,6774061056
2024-10-28 20:00:00+00:00,69902.265625,70212.265625,69430.359375,69600.546875,3270553600
2024-10-29 00:00:00+00:00,70905.1015625,71450.953125,69737.1171875,69911.7421875,6507589632
2024-10-29 04:00:00+00:00,70916.21875,71260.6328125,70821.875,70872.6484375,2305294336
2024-10-29 08:00:00+00:00,71412.3203125,71541.2734375,70934.6875,70934.6875,1436057600
2024-10-29 12:00:00+00:00,72382.2578125,72382.2578125,70938.2265625,71395.9609375,3923099648
2024-10-29 16:00:00+00:00,72787.375,73546.4765625,72400.1328125,72401.171875,5992140800
2024-10-29 20:00:00+00:00,72729.890625,72929.09375,71882.75,72520.765625,2363858944
2024-10-30 00:00:00+00:00,72215.9765625,72707.6328125,72032.0625,72707.6328125,636149760
2024-10-30 04:00:00+00:00,72203.6953125,72566.2890625,72104.5546875,72221.75,0
2024-10-30 08:00:00+00:00,71912.3515625,72570.9765625,71912.3515625,72238.3671875,489914368
2024-10-30 12:00:00+00:00,72037.6640625,72418.328125,71462.375,71954.28125,1273569280
2024-10-30 16:00:00+00:00,71907.421875,72167.1171875,71636.40625,72047.8203125,0
2024-10-30 20:00:00+00:00,72335.046875,72902.21875,71703.4140625,71835.640625,1087987712
2024-10-31 00:00:00+00:00,72308.3203125,72562.015625,72034.5703125,72334.6015625,0
2024-10-31 04:00:00+00:00,72414.609375,72441.40625,72138.0703125,72316.0625,111357952
2024-10-31 08:00:00+00:00,72205.703125,72647.0546875,72145.484375,72404.9765625,59383808
2024-10-31 12:00:00+00:00,70620.734375,72231.5,70435.0390625,72202.7578125,2785546240
2024-10-31 16:00:00+00:00,70151.484375,70838.8046875,70116.90625,70564.671875,2439958528
2024-10-31 20:00:00+00:00,70216.8984375,70522.4609375,69647.1953125,69967.2734375,179675136
2024-11-01 00:00:00+00:00,69294.359375,70362.109375,68801.5390625,70202.875,3781525504
2024-11-01 04:00:00+00:00,69213.7421875,69607.7265625,69032.1015625,69284.2265625,1357991936
2024-11-01 08:00:00+00:00,69952.125,70143.8359375,69186.296875,69204.7109375,1263775744
2024-11-01 12:00:00+00:00,69392.5,71529.5078125,69133.1640625,69952.6953125,2391556096
2024-11-01 16:00:00+00:00,69188.1953125,70428.609375,68823.0625,69364.046875,3303321600
2024-11-01 20:00:00+00:00,69486.0234375,69548.859375,68886.0078125,69233.0234375,0
2024-11-02 00:00:00+00:00,69567.7890625,69853.2421875,69460.6328125,69476.78125,0
2024-11-02 04:00:00+00:00,69779.2109375,69790.09375,69451.875,69569.6875,0
2024-11-02 08:00:00+00:00,69597.1953125,69802.6484375,69407.6640625,69776.078125,0
2024-11-02 12:00:00+00:00,69399.3359375,69670.7734375,69045.5078125,69591.828125,0
2024-11-02 16:00:00+00:00,69510.546875,69573.015625,69237.84375,69371.75,0
2024-11-02 20:00:00+00:00,69280.5234375,69546.1171875,69151.578125,69497.9140625,0
2024-11-03 00:00:00+00:00,68388.5546875,69354.1015625,67893.703125,69346.71875,4522985472
2024-11-03 04:00:00+00:00,68381.8125,68725.1953125,68325.0234375,68377.8203125,1011668992
2024-11-03 08:00:00+00:00,68325.5625,68542.5546875,68199.859375,68378.71875,1072068608
2024-11-03 12:00:00+00:00,68067.1875,68512.2265625,67554.7421875,68328.859375,2708238336
2024-11-03 16:00:00+00:00,68616.15625,68635.375,67747.015625,68088.171875,3711213568
2024-11-03 20:00:00+00:00,68746.71875,69285.2109375,68536.296875,68649.34375,3754622976
2024-11-04 00:00:00+00:00,69021.03125,69410.171875,68261.3359375,68746.7890625,1137356800
2024-11-04 04:00:00+00:00,68588.9140625,69297.9921875,68588.9140625,69025.6796875,681271296
2024-11-04 08:00:00+00:00,68754.671875,68947.9140625,68438.9453125,68561.3046875,1352814592
2024-11-04 12:00:00+00:00,68648.6640625,69198.0703125,68239.75,68749.84375,764698624
2024-11-04 16:00:00+00:00,67844.421875,68747.046875,67330.5234375,68637.4375,2709987328
2024-11-04 20:00:00+00:00,67779.8828125,68049.7734375,66805.625,67801.0234375,2819411968
2024-11-05 00:00:00+00:00,68123.34375,68123.34375,67509.375,67785.1953125,278638592
2024-11-05 04:00:00+00:00,68850.984375,68916.8515625,68182.609375,68182.609375,876498944
2024-11-05 08:00:00+00:00,68787.5625,69023.8203125,68595.2578125,68863.7890625,357867520
2024-11-05 12:00:00+00:00,69542.453125,70219.890625,68667.984375,68788.28125,3553370112
2024-11-05 16:00:00+00:00,68814.109375,70415.7890625,68814.109375,69587.5546875,1460088832
2024-11-05 20:00:00+00:00,69363.703125,69861.484375,68927.609375,69018.0,2743955456
2024-11-06 00:00:00+00:00,74278.59375,74811.8125,69322.03125,69371.3203125,25589776384
2024-11-06 04:00:00+00:00,73337.4921875,75361.0859375,73287.53125,74313.7421875,21250080768
2024-11-06 08:00:00+00:00,74315.265625,74425.1640625,72740.3125,73410.7421875,11085971456
2024-11-06 12:00:00+00:00,74490.7421875,74785.21875,73571.2890625,74312.5390625,4954439680
2024-11-06 16:00:00+00:00,75856.9375,75856.9375,74205.7734375,74390.171875,5246238720
2024-11-06 20:00:00+00:00,75637.0859375,76447.8828125,75605.390625,75890.1015625,4467007488
2024-11-07 00:00:00+00:00,75094.0546875,76007.3984375,75058.796875,75634.90625,0
2024-11-07 04:00:00+00:00,74823.671875,75086.9765625,74494.9375,75086.9765625,0
2024-11-07 08:00:00+00:00,74764.4921875,75174.6015625,74728.875,74800.421875,0
2024-11-07 12:00:00+00:00,75996.96875,75996.96875,74630.1484375,74767.0625,0
2024-11-07 16:00:00+00:00,76547.3203125,76661.5234375,75653.2890625,76103.8515625,2281660416
2024-11-07 20:00:00+00:00,75902.8359375,76902.140625,75538.2421875,76560.234375,261095424
2024-11-08 00:00:00+00:00,75933.5078125,76369.4921875,75687.859375,75900.03125,292634624
2024-11-08 04:00:00+00:00,76244.875,76311.1015625,75762.546875,75940.5703125,1225924608
2024-11-08 08:00:00+00:00,76064.0390625,76345.453125,75842.6796875,76262.4609375,125771776
2024-11-08 12:00:00+00:00,76407.40625,76577.1953125,75706.53125,76021.5390625,1654554624
2024-11-08 16:00:00+00:00,77094.2734375,77252.75,75907.90625,76467.3828125,0
2024-11-08 20:00:00+00:00,76556.1875,77145.6640625,76379.109375,77023.8828125,0
2024-11-09 00:00:00+00:00,76361.0234375,76641.8046875,76182.4296875,76549.1171875,0
2024-11-09 04:00:00+00:00,76537.0234375,76779.0625,76347.125,76365.765625,509255680
2024-11-09 08:00:00+00:00,76522.4765625,76714.859375,76421.3984375,76559.4921875,0
2024-11-09 12:00:00+00:00,76344.359375,76550.3359375,76307.9453125,76526.015625,0
2024-11-09 16:00:00+00:00,76232.5234375,76667.8359375,75789.4765625,76340.4453125,0
2024-11-09 20:00:00+00:00,76778.8671875,76928.9296875,76226.5625,76234.7421875,1332133888
2024-11-10 00:00:00+00:00,77263.3515625,77489.3359375,76580.65625,76721.0859375,4707584000
2024-11-10 04:00:00+00:00,78880.921875,79703.7734375,77209.140625,77269.65625,13123428352
2024-11-10 08:00:00+00:00,79992.625,79992.625,78857.5859375,78857.5859375,5648576512
2024-11-10 12:00:00+00:00,79729.9375,80062.1875,79286.0546875,79898.1640625,9977901056
2024-11-10 16:00:00+00:00,79661.71875,81007.5859375,79464.296875,79748.5,8925253632
2024-11-10 20:00:00+00:00,80470.53125,81456.671875,78716.84375,79756.796875,11181760512
2024-11-11 00:00:00+00:00,81728.2109375,81844.4453125,80331.71875,80444.125,2804072448
2024-11-11 04:00:00+00:00,81235.9765625,81715.671875,80537.71875,81701.078125,0
2024-11-11 08:00:00+00:00,82235.5703125,82368.1484375,81093.484375,81195.3828125,3555368960
2024-11-11 12:00:00+00:00,84177.4140625,84223.3046875,81568.546875,82201.765625,10918486016
2024-11-11 16:00:00+00:00,86267.7578125,86586.8984375,84023.4296875,84103.9375,12506898432
2024-11-11 20:00:00+00:00,88705.5625,89581.1640625,86267.7734375,86267.7734375,16131833856
2024-11-12 00:00:00+00:00,88187.1953125,89476.0234375,86723.609375,88741.7890625,13440737280
2024-11-12 04:00:00+00:00,89142.8046875,89939.1953125,87847.6015625,88189.5390625,7174758400
2024-11-12 08:00:00+00:00,87260.4296875,89381.625,85476.1875,89086.09375,16549183488
2024-11-12 12:00:00+00:00,86629.59375,87866.9609375,85155.109375,87218.1328125,4045291520
2024-11-12 16:00:00+00:00,88885.8984375,89828.984375,85851.421875,86669.0234375,0
2024-11-12 20:00:00+00:00,87929.96875,89847.8515625,87550.1875,88827.390625,0
2024-11-13 00:00:00+00:00,87240.859375,88577.7421875,87178.3828125,88032.2890625,0
2024-11-13 04:00:00+00:00,87446.28125,87748.7421875,86257.90625,87276.84375,0
2024-11-13 08:00:00+00:00,87795.0,88054.9453125,87236.4765625,87465.4140625,0
2024-11-13 12:00:00+00:00,92732.4296875,92732.4296875,87682.7265625,87793.375,10541285376
2024-11-13 16:00:00+00:00,90493.640625,93409.0234375,90150.21875,92753.171875,7363198976
2024-11-13 20:00:00+00:00,90574.8828125,91095.234375,88158.046875,90313.5078125,5036335104
2024-11-14 00:00:00+00:00,90014.65625,90497.5390625,89640.34375,90497.5390625,0
2024-11-14 04:00:00+00:00,90853.984375,90862.5078125,89222.609375,90017.96875,90742784
2024-11-14 08:00:00+00:00,91576.546875,91624.1015625,90418.515625,90833.2265625,2783436800
2024-11-14 12:00:00+00:00,88157.9765625,91760.078125,88019.4140625,91539.0546875,78790656
2024-11-14 16:00:00+00:00,89422.859375,89669.9296875,87755.609375,87948.4140625,0
2024-11-14 20:00:00+00:00,87328.890625,89477.140625,86844.859375,89477.140625,755810304
2024-11-15 00:00:00+00:00,88270.4296875,88463.140625,87302.5390625,87302.5390625,308682752
2024-11-15 04:00:00+00:00,87681.1484375,88365.1328125,87135.5703125,88238.546875,288415744
2024-11-15 08:00:00+00:00,89735.9375,89735.9375,87457.09375,87665.4921875,1008984064
2024-11-15 12:00:00+00:00,88353.375,90677.1796875,87814.171875,89745.5625,1160060928
2024-11-15 16:00:00+00:00,90370.234375,90811.484375,88437.703125,88442.03125,1524776960
2024-11-15 20:00:00+00:00,91061.09375,91829.203125,90386.7421875,90386.7421875,301088768
2024-11-16 00:00:00+00:00,91319.7109375,91685.890625,90912.734375,91041.71875,0
2024-11-16 04:00:00+00:00,91149.4140625,91758.8125,91123.546875,91251.3125,0
2024-11-16 08:00:00+00:00,91178.328125,91589.828125,90990.078125,91134.078125,0
2024-11-16 12:00:00+00:00,90437.71875,91296.71875,90144.734375,91171.484375,0
2024-11-16 16:00:00+00:00,91107.1796875,91408.4296875,90273.6640625,90543.0390625,0
2024-11-16 20:00:00+00:00,90558.4609375,91144.8125,90369.875,91139.4375,0
2024-11-17 00:00:00+00:00,90227.6875,90894.3359375,89431.0546875,90560.3046875,1724383232
2024-11-17 04:00:00+00:00,90497.28125,90846.734375,90196.8046875,90271.8515625,712278016
2024-11-17 08:00:00+00:00,90741.2734375,91414.5625,90510.28125,90527.34375,1105436672
2024-11-17 12:00:00+00:00,90296.1640625,91116.515625,90004.5,90712.2265625,803483648
2024-11-17 16:00:00+00:00,90099.4453125,90612.03125,89743.078125,90263.4375,373530624
2024-11-17 20:00:00+00:00,89834.9921875,90198.125,88779.1484375,90042.828125,3180941312
2024-11-18 00:00:00+00:00,90641.96875,90840.9140625,89698.75,89849.765625,723742720
2024-11-18 04:00:00+00:00,91782.03125,92163.4296875,90451.015625,90659.546875,4820815872
2024-11-18 08:00:00+00:00,90261.921875,92168.9609375,90111.28125,91741.03125,2696007680
2024-11-18 12:00:00+00:00,92421.390625,92530.734375,89501.9375,90267.1953125,10805866496
2024-11-18 16:00:00+00:00,90696.5390625,92596.7890625,89775.0859375,92379.90625,9693327360
2024-11-18 20:00:00+00:00,90536.8125,92035.5625,90314.8984375,90720.5546875,5092974592
2024-11-19 00:00:00+00:00,91485.15625,91551.2734375,90427.921875,90489.140625,876167168
2024-11-19 04:00:00+00:00,91684.140625,92016.0703125,91298.7890625,91473.734375,1156268032
2024-11-19 08:00:00+00:00,91723.125,91968.5703125,91281.359375,91669.6796875,259997696
2024-11-19 12:00:00+00:00,92462.5234375,92761.8359375,91126.296875,91722.6640625,3662438400
2024-11-19 16:00:00+00:00,93268.9296875,93977.4609375,92314.71875,92488.53125,4270997504
2024-11-19 20:00:00+00:00,92341.890625,93648.3359375,91531.125,93338.3203125,1619361792
2024-11-20 00:00:00+00:00,92139.65625,92488.7578125,91641.90625,92381.0625,1485520896
2024-11-20 04:00:00+00:00,92886.484375,92886.484375,91981.84375,92137.6171875,96886784
2024-11-20 08:00:00+00:00,93560.1796875,93674.765625,92846.6953125,92895.5390625,2499706880
2024-11-20 12:00:00+00:00,94834.2734375,94871.234375,93419.3984375,93560.1640625,509526016
2024-11-20 16:00:00+00:00,94029.71875,94854.015625,93300.828125,94853.515625,2546786304
2024-11-20 20:00:00+00:00,94334.640625,94662.890625,93898.5546875,94082.1328125,34471936
2024-11-21 00:00:00+00:00,95867.96875,95974.515625,94145.796875,94350.7578125,5672361984
2024-11-21 04:00:00+00:00,97012.1484375,97805.609375,95886.75,95886.75,13161783296
2024-11-21 08:00:00+00:00,97872.546875,98292.1171875,96785.8359375,96945.109375,4786626560
2024-11-21 12:00:00+00:00,96864.7734375,98132.453125,95756.234375,97953.9375,4285079552
2024-11-21 16:00:00+00:00,98085.3828125,98962.9765625,96350.2734375,96698.8359375,3358466048
2024-11-21 20:00:00+00:00,98504.765625,98765.25,97740.796875,97904.296875,3380518912
2024-11-22 00:00:00+00:00,98914.40625,99292.8125,97949.4609375,98453.703125,442253312
2024-11-22 04:00:00+00:00,99266.8203125,99491.046875,98651.5,98931.484375,1620811776
2024-11-22 08:00:00+00:00,98934.25,99314.421875,98337.109375,99293.796875,383508480
2024-11-22 12:00:00+00:00,98850.8671875,98985.984375,97276.4609375,98935.7265625,228777984
2024-11-22 16:00:00+00:00,99341.765625,99611.0078125,98366.6640625,98807.609375,52748288
2024-11-22 20:00:00+00:00,99006.7421875,99480.6796875,98719.9765625,99192.0859375,94470144
2024-11-23 00:00:00+00:00,98736.015625,99014.6796875,98426.8828125,99005.3046875,0
2024-11-23 04:00:00+00:00,98664.1015625,98890.8984375,98421.7890625,98760.09375,0
2024-11-23 08:00:00+00:00,98531.6484375,98678.1015625,98443.4609375,98678.1015625,0
2024-11-23 12:00:00+00:00,98604.2734375,98937.8046875,98520.0546875,98548.078125,0
2024-11-23 16:00:00+00:00,97641.5625,98613.15625,97500.0859375,98589.765625,945868800
2024-11-23 20:00:00+00:00,97775.203125,98114.359375,97272.59375,97619.2578125,19955712
2024-11-24 00:00:00+00:00,98245.7578125,98624.609375,97769.3359375,97769.3359375,21286912
2024-11-24 04:00:00+00:00,98445.46875,98504.5234375,98046.34375,98290.125,636760064
2024-11-24 08:00:00+00:00,97374.96875,98522.921875,97374.96875,98491.2265625,1041829888
2024-11-24 12:00:00+00:00,96028.0625,97706.28125,96016.5859375,97389.2734375,6504804352
2024-11-24 16:00:00+00:00,96392.078125,96725.7734375,95795.4453125,95966.265625,429928448
2024-11-24 20:00:00+00:00,97939.4765625,98420.5625,96258.1171875,96359.125,3711275008
2024-11-25 00:00:00+00:00,97936.9921875,98110.03125,97028.6953125,97939.4765625,1363406848
2024-11-25 04:00:00+00:00,98148.8046875,98463.5859375,97719.4921875,97961.1015625,2313199616
2024-11-25 08:00:00+00:00,98282.953125,98894.6875,98012.625,98152.9765625,3027697664
2024-11-25 12:00:00+00:00,96147.0703125,98360.8671875,94903.4375,98275.71875,7912972288
2024-11-25 16:00:00+00:00,94745.8515625,96459.8359375,94488.5,96015.5859375,7466418176
2024-11-25 20:00:00+00:00,93106.5390625,95297.8125,92853.1171875,94688.2109375,9805201408
2024-11-26 00:00:00+00:00,94588.5,94913.71875,92856.0,93027.5546875,4152868864
2024-11-26 04:00:00+00:00,93924.3515625,94984.6171875,93653.046875,94496.34375,497967104
2024-11-26 08:00:00+00:00,92365.703125,93821.2421875,91546.921875,93821.2421875,8458608640
2024-11-26 12:00:00+00:00,92920.9921875,93500.4296875,91813.234375,92368.0,6632071168
2024-11-26 16:00:00+00:00,91660.5625,94612.5234375,91623.96875,92865.5234375,772653056
2024-11-26 20:00:00+00:00,91978.140625,92311.4453125,90798.078125,91684.90625,2240233472
2024-11-27 00:00:00+00:00,92599.0546875,92987.1953125,91804.3671875,91938.3203125,602529792
2024-11-27 04:00:00+00:00,93576.765625,93622.234375,92378.609375,92558.109375,1556094976
2024-11-27 08:00:00+00:00,93359.9453125,93866.6484375,93132.84375,93582.7890625,0
2024-11-27 12:00:00+00:00,95832.7109375,95895.265625,92872.75,93375.9140625,532873216
2024-11-27 16:00:00+00:00,96689.2578125,96689.2578125,95284.171875,95724.890625,656941056
2024-11-27 20:00:00+00:00,95954.9453125,97357.9921875,95881.359375,96749.65625,438124544
2024-11-28 00:00:00+00:00,95614.296875,96650.203125,94919.1484375,95948.7421875,880771072
2024-11-28 04:00:00+00:00,95291.25,95948.4296875,95188.5,95555.1640625,208650240
2024-11-28 08:00:00+00:00,95562.9375,95752.65625,94689.203125,95347.9140625,1298841600
2024-11-28 12:00:00+00:00,95016.0703125,96214.0078125,94953.9765625,95483.8984375,0
2024-11-28 16:00:00+00:00,95110.203125,95440.1015625,94875.4609375,95015.6796875,0
2024-11-28 20:00:00+00:00,95653.953125,96004.859375,94729.71875,95121.7890625,0
2024-11-29 00:00:00+00:00,96590.640625,96861.9609375,95433.3359375,95675.8984375,361037824
2024-11-29 04:00:00+00:00,95614.84375,96621.1171875,95614.84375,96617.5390625,160157696
2024-11-29 08:00:00+00:00,97288.28125,97366.8671875,95639.109375,95639.109375,167706624
2024-11-29 12:00:00+00:00,98326.8515625,98631.9453125,96803.96875,97281.3203125,4489170944
2024-11-29 16:00:00+00:00,97422.59375,98494.4765625,97000.5859375,98157.375,4913000448
2024-11-29 20:00:00+00:00,97468.8125,97689.7890625,97113.4296875,97419.59375,365420544
2024-11-30 00:00:00+00:00,96662.0,97486.3046875,96395.296875,97486.3046875,372224000
2024-11-30 04:00:00+00:00,96815.0625,97252.25,96608.9453125,96677.71875,1178509312
2024-11-30 08:00:00+00:00,96298.1953125,96996.4140625,96177.953125,96819.734375,0
2024-11-30 12:00:00+00:00,96726.078125,96766.375,96299.3046875,96299.3046875,0
2024-11-30 16:00:00+00:00,97068.0,97087.703125,96577.546875,96702.8203125,0
2024-11-30 20:00:00+00:00,96447.59375,97095.96875,96382.1015625,97073.40625,21448704
2024-12-01 00:00:00+00:00,96366.0390625,96691.0390625,95813.4765625,96475.828125,1503078400
2024-12-01 04:00:00+00:00,96514.1328125,96539.1953125,96258.515625,96361.5859375,0
2024-12-01 08:00:00+00:00,97172.453125,97193.8203125,96505.71875,96515.921875,1443631104
2024-12-01 12:00:00+00:00,97087.5234375,97439.734375,96793.0859375,97174.7109375,1791985664
2024-12-01 16:00:00+00:00,97239.4296875,97555.96875,97060.7109375,97105.671875,1401980928
2024-12-01 20:00:00+00:00,97287.140625,97856.2109375,96892.0625,97230.7109375,2999670784
2024-12-02 00:00:00+00:00,96634.703125,98140.4453125,96540.296875,97280.265625,3089825792
2024-12-02 04:00:00+00:00,96063.9765625,96944.015625,95852.953125,96555.3984375,6207086592
2024-12-02 08:00:00+00:00,95172.4765625,96141.3828125,94862.109375,96038.1796875,6197166080
2024-12-02 12:00:00+00:00,97200.3203125,97262.6875,94877.0625,95142.2421875,8354979840
2024-12-02 16:00:00+00:00,95824.2265625,97382.3515625,94620.703125,97164.765625,11080556544
2024-12-02 20:00:00+00:00,95851.265625,96324.7890625,95179.4765625,95829.8671875,2182160384
2024-12-03 00:00:00+00:00,96093.3515625,96257.703125,95440.2890625,95855.9296875,241713152
2024-12-03 04:00:00+00:00,95633.7734375,96243.359375,95335.3828125,96095.375,42127360
2024-12-03 08:00:00+00:00,95027.1484375,95676.4453125,94691.2890625,95581.234375,319090688
2024-12-03 12:00:00+00:00,95700.9921875,96172.6640625,93645.6328125,95004.8671875,7749865472
2024-12-03 16:00:00+00:00,95471.6015625,96143.6484375,94945.3828125,95707.1953125,0
2024-12-03 20:00:00+00:00,95981.703125,96192.7265625,95326.171875,95470.4765625,1058283520
2024-12-04 00:00:00+00:00,95838.09375,96648.71875,95458.2421875,95936.109375,2398904320
2024-12-04 04:00:00+00:00,96632.0390625,96753.6875,95804.53125,95841.546875,820436992
2024-12-04 08:00:00+00:00,96302.8671875,97016.8984375,96258.8515625,96662.9765625,375578624
2024-12-04 12:00:00+00:00,95806.6171875,96561.046875,95496.921875,96256.3203125,290729984
2024-12-04 16:00:00+00:00,97306.421875,97306.421875,94741.984375,95837.6796875,3335258112
2024-12-04 20:00:00+00:00,98928.640625,99207.328125,97312.203125,97312.203125,13651312640
2024-12-05 00:00:00+00:00,103090.0390625,103541.84375,98112.328125,98690.765625,26928521216
2024-12-05 04:00:00+00:00,102357.421875,103511.5625,101426.8984375,103041.3515625,17204879360
2024-12-05 08:00:00+00:00,102693.484375,103191.546875,102296.4765625,102296.4765625,7030890496
2024-12-05 12:00:00+00:00,101507.0703125,103565.8828125,101170.765625,102643.1484375,8706088960
2024-12-05 16:00:00+00:00,98968.9140625,102033.0625,98888.8203125,101416.453125,6032179200
2024-12-05 20:00:00+00:00,97078.9765625,99540.625,94035.21875,99057.75,12339757056
2024-12-06 00:00:00+00:00,97721.8203125,98806.6484375,96546.453125,97060.8203125,3622731776
2024-12-06 04:00:00+00:00,98179.0625,98295.6328125,97439.90625,97769.265625,0
2024-12-06 08:00:00+00:00,98163.0390625,98742.0546875,97807.0390625,98189.6953125,471826432
2024-12-06 12:00:00+00:00,99218.0546875,99553.8828125,97694.265625,98253.5,1929732096
2024-12-06 16:00:00+00:00,101604.4921875,101920.875,98915.796875,99422.5625,3055263744
2024-12-06 20:00:00+00:00,99899.7890625,102029.0390625,99523.0390625,101622.9296875,0
2024-12-07 00:00:00+00:00,99450.8515625,100559.6953125,99450.8515625,99869.9765625,0
2024-12-07 04:00:00+00:00,99573.953125,99776.9296875,99142.0859375,99435.453125,0
2024-12-07 08:00:00+00:00,99749.3828125,99912.625,99405.125,99532.890625,0
2024-12-07 12:00:00+00:00,99879.1015625,99879.1015625,99188.0546875,99729.9296875,0
2024-12-07 16:00:00+00:00,100200.84375,100310.9140625,99554.6953125,99853.078125,0
2024-12-07 20:00:00+00:00,99914.65625,100479.5625,99703.8515625,100174.3515625,0
2024-12-08 00:00:00+00:00,100000.2265625,100404.9609375,99758.578125,99908.5390625,102068224
2024-12-08 04:00:00+00:00,99755.3125,100079.2890625,99449.6171875,100011.9296875,0
2024-12-08 08:00:00+00:00,99768.34375,99840.6015625,98778.8203125,99748.3671875,1257906176
2024-12-08 12:00:00+00:00,99958.7109375,100499.5625,99458.2265625,99763.9609375,2837925888
2024-12-08 16:00:00+00:00,99980.4765625,100148.0390625,99562.8984375,99984.140625,695373824
2024-12-08 20:00:00+00:00,101237.0625,101352.5390625,99773.7265625,100141.0859375,2194894848
2024-12-09 00:00:00+00:00,99100.390625,101222.703125,98766.5625,101212.4765625,7704076288
2024-12-09 04:00:00+00:00,99600.890625,99718.015625,98451.078125,99144.296875,5583265792
2024-12-09 08:00:00+00:00,98021.9609375,99681.15625,98021.9609375,99602.3828125,6349463552
2024-12-09 12:00:00+00:00,97894.140625,100416.078125,97523.6171875,98059.2890625,11494191104
2024-12-09 16:00:00+00:00,97000.0703125,98319.015625,96980.5390625,97789.3515625,11746443264
2024-12-09 20:00:00+00:00,97441.234375,97496.484375,95042.921875,96990.7109375,23777083392
2024-12-10 00:00:00+00:00,96785.578125,98115.53125,95795.140625,97391.328125,4738031616
2024-12-10 04:00:00+00:00,97210.4140625,97473.234375,96069.75,96962.1484375,2686722048
2024-12-10 08:00:00+00:00,97868.921875,97905.234375,97044.4296875,97216.984375,140959744
2024-12-10 12:00:00+00:00,95689.046875,98234.03125,95689.046875,97820.65625,1127399424
2024-12-10 16:00:00+00:00,95926.375,96407.015625,94383.078125,95701.6171875,9460391936
2024-12-10 20:00:00+00:00,96656.0625,97238.9140625,95666.8984375,95904.2265625,0
2024-12-11 00:00:00+00:00,97435.21875,97611.1171875,95796.8515625,96652.28125,580509696
2024-12-11 04:00:00+00:00,97404.828125,97807.3203125,97234.0078125,97408.84375,0
2024-12-11 08:00:00+00:00,98332.5703125,98486.7578125,97381.1484375,97417.40625,835346432
2024-12-11 12:00:00+00:00,100446.09375,100731.921875,98141.890625,98330.5078125,1886724096
2024-12-11 16:00:00+00:00,101178.0546875,101219.0390625,99747.3515625,100462.5234375,107102208
2024-12-11 20:00:00+00:00,101174.0,101899.515625,100977.875,101214.8515625,532529152
2024-12-12 00:00:00+00:00,100907.5078125,101819.7109375,100421.84375,101189.0859375,563527680
2024-12-12 04:00:00+00:00,100515.8984375,101221.34375,100483.296875,101080.875,661020672
2024-12-12 08:00:00+00:00,100258.765625,101089.984375,100240.3984375,100514.171875,65748992
2024-12-12 12:00:00+00:00,101733.7109375,101814.75,100360.34375,100360.34375,806658048
2024-12-12 16:00:00+00:00,99453.1796875,102507.0390625,99368.0625,101841.578125,892764160
2024-12-12 20:00:00+00:00,100046.6484375,100437.5,99504.2890625,99504.2890625,9707520
2024-12-13 00:00:00+00:00,99761.953125,100330.3515625,99237.8828125,100030.8515625,485474304
2024-12-13 04:00:00+00:00,100239.6640625,100239.6640625,99556.109375,99751.40625,922079232
2024-12-13 08:00:00+00:00,100439.921875,100640.859375,99929.96875,100171.4765625,117669888
2024-12-13 12:00:00+00:00,99829.96875,101368.28125,99825.9140625,100378.1484375,0
2024-12-13 16:00:00+00:00,101535.578125,101861.1640625,99893.921875,99893.921875,1718624256
2024-12-13 20:00:00+00:00,101458.1484375,101864.828125,101138.0390625,101523.453125,77598720
2024-12-14 00:00:00+00:00,102116.703125,102602.75,101158.0,101434.6171875,2135351296
2024-12-14 04:00:00+00:00,101858.4296875,102127.5859375,101625.25,102086.7578125,149590016
2024-12-14 08:00:00+00:00,101573.109375,101840.8984375,101342.5546875,101813.1953125,0
2024-12-14 12:00:00+00:00,101604.9296875,101706.484375,100859.5546875,101556.6875,779816960
2024-12-14 16:00:00+00:00,101299.34375,101683.8984375,100837.2421875,101610.8828125,0
2024-12-14 20:00:00+00:00,101373.53125,101425.4453125,100664.5390625,101315.875,0
2024-12-15 00:00:00+00:00,101733.4765625,102124.21875,101227.953125,101393.6796875,0
2024-12-15 04:00:00+00:00,101703.4609375,102731.3046875,101539.265625,101697.9375,1885855744
2024-12-15 08:00:00+00:00,102617.5390625,102617.5390625,101621.828125,101718.0390625,1000062976
2024-12-15 12:00:00+00:00,102737.53125,103234.046875,102441.53125,102632.953125,3988680704
2024-12-15 16:00:00+00:00,103219.859375,103366.15625,102579.9609375,102679.0859375,1134481408
2024-12-15 20:00:00+00:00,104318.0234375,104971.7265625,102640.2265625,103212.765625,8540037120
2024-12-16 00:00:00+00:00,104537.1875,106408.8828125,104311.125,104447.6640625,12229705728
2024-12-16 04:00:00+00:00,104953.828125,105321.7421875,104453.6328125,104537.8984375,1608638464
2024-12-16 08:00:00+00:00,103686.0625,104958.6015625,103622.84375,104958.6015625,3635306496
2024-12-16 12:00:00+00:00,106309.84375,106435.7421875,103377.9453125,103720.0859375,9566654464
2024-12-16 16:00:00+00:00,106599.1875,107756.8359375,105897.15625,106331.2421875,16740319232
2024-12-16 20:00:00+00:00,106030.6875,106647.9296875,105506.1015625,106600.90625,3712565248
2024-12-17 00:00:00+00:00,106841.9296875,106923.578125,105761.453125,106052.015625,0
2024-12-17 04:00:00+00:00,106803.796875,107062.703125,106374.421875,106864.03125,432644096
2024-12-17 08:00:00+00:00,106873.1171875,107473.6953125,106767.625,106808.8125,794214400
2024-12-17 12:00:00+00:00,106493.2890625,108240.0859375,105803.125,106800.5234375,300335104
2024-12-17 16:00:00+00:00,106493.6875,107625.15625,106188.7578125,106465.0625,0
2024-12-17 20:00:00+00:00,106131.6640625,106862.28125,105340.671875,106472.3984375,1540820992
2024-12-18 00:00:00+00:00,104799.59375,106449.8125,104600.65625,106145.015625,3159265280
2024-12-18 04:00:00+00:00,104276.6484375,104737.1875,103258.109375,104737.1875,8394285056
2024-12-18 08:00:00+00:00,104956.8515625,104956.8515625,103720.09375,104231.7265625,62857216
2024-12-18 12:00:00+00:00,104429.9375,105294.5234375,103696.8046875,104977.9453125,546086912
2024-12-18 16:00:00+00:00,102911.7734375,104921.2890625,102911.7734375,104392.1328125,3314745344
2024-12-18 20:00:00+00:00,100161.5,102757.7734375,100104.4765625,102733.0234375,18618826752
2024-12-19 00:00:00+00:00,101162.640625,101190.8046875,98963.015625,100150.28125,7836647424
2024-12-19 04:00:00+00:00,101643.8046875,101666.0390625,100619.8515625,101123.125,0
2024-12-19 08:00:00+00:00,102382.0,102525.234375,101343.8359375,101596.8046875,1383219200
2024-12-19 12:00:00+00:00,100578.984375,102715.203125,99479.625,102375.171875,3061776384
2024-12-19 16:00:00+00:00,97021.625,101038.1015625,96212.703125,100585.6953125,9851969536
2024-12-19 20:00:00+00:00,97484.6953125,98281.7734375,95612.7265625,97085.2421875,7938048
2024-12-20 00:00:00+00:00,97039.3984375,97678.0859375,95914.375,97406.453125,523427840
2024-12-20 04:00:00+00:00,97652.21875,98017.5,96330.890625,97017.828125,4218232832
2024-12-20 08:00:00+00:00,92832.4453125,97718.4921875,92627.7734375,97718.4921875,14956265472
2024-12-20 12:00:00+00:00,97001.703125,97390.53125,92265.328125,92572.828125,11937775616
2024-12-20 16:00:00+00:00,97161.421875,97716.7109375,96423.71875,96928.8984375,419438592
2024-12-20 20:00:00+00:00,97755.9609375,97755.9609375,95494.9140625,97084.1015625,0
2024-12-21 00:00:00+00:00,97390.9140625,97787.0859375,97171.515625,97768.9921875,0
2024-12-21 04:00:00+00:00,99128.1328125,99485.9921875,97358.6328125,97409.890625,171188224
2024-12-21 08:00:00+00:00,98256.2578125,99103.5078125,97791.3671875,98987.84375,0
2024-12-21 12:00:00+00:00,97483.1484375,98232.2890625,96469.4765625,98232.2890625,0
2024-12-21 16:00:00+00:00,97210.1171875,97655.6171875,96806.3046875,97477.1328125,0
2024-12-21 20:00:00+00:00,97218.3203125,97962.5859375,96597.609375,97211.8046875,0
2024-12-22 00:00:00+00:00,96900.40625,97358.1484375,96535.1015625,97225.8359375,413405184
2024-12-22 04:00:00+00:00,96071.203125,96949.6328125,95852.7109375,96917.09375,519983104
2024-12-22 08:00:00+00:00,97111.1953125,97240.0625,96112.3125,96112.3125,0
2024-12-22 12:00:00+00:00,95317.765625,97187.4765625,95087.484375,97035.484375,1318789120
2024-12-22 16:00:00+00:00,94692.0234375,96351.1015625,94692.0234375,95303.1171875,729169920
2024-12-22 20:00:00+00:00,95099.390625,95637.2734375,94204.0,94712.4296875,1857298432
2024-12-23 00:00:00+00:00,95884.3203125,95884.3203125,93712.5859375,95092.5703125,5307650048
2024-12-23 04:00:00+00:00,95319.125,96392.328125,94673.15625,95901.3515625,1748439040
2024-12-23 08:00:00+00:00,95803.390625,96390.03125,94996.6171875,95310.0625,2771828736
2024-12-23 12:00:00+00:00,93052.265625,96275.4375,93052.265625,95811.0,4772745216
2024-12-23 16:00:00+00:00,92888.640625,94082.7421875,92625.1875,93125.703125,4648050688
2024-12-23 20:00:00+00:00,94687.7734375,95349.765625,92403.1328125,92896.0390625,3195146240
2024-12-24 00:00:00+00:00,94194.875,94759.3671875,93468.6875,94759.3671875,0
2024-12-24 04:00:00+00:00,94101.375,94497.0390625,93705.3125,94217.875,0
2024-12-24 08:00:00+00:00,94242.5625,94478.859375,93744.453125,94088.2890625,0
2024-12-24 12:00:00+00:00,98102.625,98112.765625,93952.3671875,94260.9921875,298553344
2024-12-24 16:00:00+00:00,97628.2578125,99315.15625,97612.7421875,98188.8828125,169598976
2024-12-24 20:00:00+00:00,98706.6796875,98988.1328125,97247.1640625,97569.4375,0
2024-12-25 00:00:00+00:00,97958.640625,98754.1328125,97723.3671875,98623.5078125,0
2024-12-25 04:00:00+00:00,98004.6328125,98471.3515625,97809.2734375,97970.984375,0
2024-12-25 08:00:00+00:00,97980.21875,99201.5,97888.0,98017.0546875,1722335232
2024-12-25 12:00:00+00:00,98487.390625,98728.8828125,97622.9921875,97829.75,1646743552
2024-12-25 16:00:00+00:00,98944.25,99165.9453125,98055.984375,98435.8671875,0
2024-12-25 20:00:00+00:00,99297.6953125,99475.421875,98341.46875,98932.59375,812787712
2024-12-26 00:00:00+00:00,98912.0390625,99800.578125,98497.9921875,99376.0,2237306880
2024-12-26 04:00:00+00:00,97768.8984375,98883.484375,97715.359375,98883.484375,1562169344
2024-12-26 08:00:00+00:00,95585.2265625,97700.6328125,95171.5703125,97700.6328125,4825853952
2024-12-26 12:00:00+00:00,95962.5859375,96147.3125,95204.71875,95572.890625,3563098112
2024-12-26 16:00:00+00:00,96027.9375,96503.671875,95368.453125,95953.59375,2872188928
2024-12-26 20:00:00+00:00,95698.515625,96005.1640625,95261.2265625,96005.1640625,347729920
2024-12-27 00:00:00+00:00,96258.8515625,96293.9609375,95304.453125,95652.4609375,349515776
2024-12-27 04:00:00+00:00,94899.265625,96447.8203125,94664.0859375,96295.2109375,1907318784
2024-12-27 08:00:00+00:00,96820.0234375,97144.59375,94996.265625,94996.265625,1222471680
2024-12-27 12:00:00+00:00,94421.140625,96891.7734375,93907.875,96815.9765625,2296983552
2024-12-27 16:00:00+00:00,94574.625,94825.8046875,93342.5546875,94400.9453125,3281895424
2024-12-27 20:00:00+00:00,94158.8984375,94653.078125,94013.9453125,94603.8828125,333414400
2024-12-28 00:00:00+00:00,94440.6015625,94534.5859375,94027.4140625,94159.828125,0
2024-12-28 04:00:00+00:00,94224.5,94629.34375,94152.1953125,94445.546875,0
2024-12-28 08:00:00+00:00,94609.9140625,94690.75,94174.59375,94207.671875,0
2024-12-28 12:00:00+00:00,94241.2578125,95114.0859375,94241.2578125,94610.453125,0
2024-12-28 16:00:00+00:00,94848.0625,95065.984375,94265.9140625,94265.9140625,0
2024-12-28 20:00:00+00:00,95204.7578125,95362.5625,94712.3203125,94859.75,0
2024-12-29 00:00:00+00:00,95004.1953125,95143.1171875,94701.890625,95143.1171875,0
2024-12-29 04:00:00+00:00,95092.484375,95101.2109375,94832.71875,95003.4921875,31410176
2024-12-29 08:00:00+00:00,94883.390625,95097.3828125,94883.390625,95095.3125,0
2024-12-29 12:00:00+00:00,94436.5625,95059.7890625,93973.5234375,94895.8359375,845209600
2024-12-29 16:00:00+00:00,93458.6640625,94380.9375,93274.234375,94380.9375,2554767360
2024-12-29 20:00:00+00:00,93527.1953125,93711.140625,92897.875,93460.453125,3906279424
2024-12-30 00:00:00+00:00,93487.3125,93961.0859375,93226.625,93508.3671875,3545604096
2024-12-30 04:00:00+00:00,93569.6171875,93794.4921875,93056.9921875,93513.4375,2694776832
2024-12-30 08:00:00+00:00,93741.4921875,93876.4375,93329.2265625,93555.703125,1931988992
2024-12-30 12:00:00+00:00,91911.453125,94074.703125,91347.03125,93744.984375,9241718784
2024-12-30 16:00:00+00:00,94291.046875,94568.2890625,91679.8828125,91888.140625,6483324928
2024-12-30 20:00:00+00:00,92642.40625,94835.9375,91788.6171875,94318.7265625,3497336832
2024-12-31 00:00:00+00:00,92352.6171875,92693.5078125,91921.265625,92619.421875,94867456
2024-12-31 04:00:00+00:00,92738.1796875,92866.609375,92232.0546875,92360.1796875,0
2024-12-31 08:00:00+00:00,94083.5078125,94427.6015625,92727.921875,92728.0,2938191872
2024-12-31 12:00:00+00:00,95301.5078125,96059.265625,94117.2734375,94117.2734375,1073721344
2024-12-31 16:00:00+00:00,93972.9921875,95399.734375,93282.28125,95315.21875,0
2024-12-31 20:00:00+00:00,93425.1015625,94036.4921875,93254.0625,93996.1796875,0
2025-01-01 00:00:00+00:00,93614.7421875,94256.0546875,93312.703125,93396.03125,27361280
2025-01-01 04:00:00+00:00,93509.3203125,93665.9140625,93356.2421875,93632.890625,0
2025-01-01 08:00:00+00:00,93267.125,93547.2734375,92849.7265625,93491.0,266563584
2025-01-01 12:00:00+00:00,94211.0625,94225.3203125,93230.3046875,93265.0078125,0
2025-01-01 16:00:00+00:00,94427.8828125,94588.5234375,93603.5625,94212.1875,0
2025-01-01 20:00:00+00:00,94416.2890625,94924.4296875,94395.4921875,94426.140625,248084480
2025-01-02 00:00:00+00:00,94851.8125,95289.4765625,94282.609375,94390.2734375,2865977344
2025-01-02 04:00:00+00:00,95696.8125,95824.390625,94841.3828125,94841.3828125,2844340224
2025-01-02 08:00:00+00:00,96619.8828125,96741.953125,95525.96875,95693.1171875,2825510912
2025-01-02 12:00:00+00:00,96414.7265625,96788.125,96163.1875,96624.1953125,6803892224
2025-01-02 16:00:00+00:00,97246.359375,97624.875,96083.0234375,96379.828125,6006525952
2025-01-02 20:00:00+00:00,96876.2421875,97721.2265625,96660.859375,97223.734375,684269568
2025-01-03 00:00:00+00:00,96948.3515625,97193.296875,96573.2265625,96890.0078125,0
2025-01-03 04:00:00+00:00,96270.5703125,96971.703125,96247.84375,96971.703125,154279936
2025-01-03 08:00:00+00:00,96720.28125,96736.3671875,96042.515625,96253.109375,0
2025-01-03 12:00:00+00:00,97528.328125,97528.328125,96429.7109375,96688.0703125,0
2025-01-03 16:00:00+00:00,98535.625,98917.234375,97381.0703125,97465.0859375,289013760
2025-01-03 20:00:00+00:00,98116.234375,98727.5703125,98047.40625,98571.3359375,247140352
2025-01-04 00:00:00+00:00,98197.2578125,98265.53125,97812.8671875,98167.5703125,902184960
2025-01-04 04:00:00+00:00,98209.8671875,98274.1640625,97858.0078125,98143.5078125,0
2025-01-04 08:00:00+00:00,97864.296875,98247.875,97606.8515625,98222.953125,0
2025-01-04 12:00:00+00:00,97659.484375,98129.1015625,97587.78125,97852.328125,0
2025-01-04 16:00:00+00:00,98186.703125,98322.453125,97582.9453125,97653.953125,0
2025-01-04 20:00:00+00:00,98236.7421875,98725.25,98161.5703125,98161.5703125,0
2025-01-05 00:00:00+00:00,98134.3046875,98333.8203125,98028.421875,98211.265625,0
2025-01-05 04:00:00+00:00,98270.0625,98475.875,98143.984375,98143.984375,0
2025-01-05 08:00:00+00:00,97628.15625,98272.9296875,97567.8359375,98272.9296875,369219584
2025-01-05 12:00:00+00:00,98006.1484375,98177.3671875,97329.0546875,97615.5703125,686024704
2025-01-05 16:00:00+00:00,98029.2578125,98246.390625,97595.578125,98006.1796875,284891136
2025-01-05 20:00:00+00:00,98319.6640625,98796.5078125,98000.078125,98077.8203125,859238400
2025-01-06 00:00:00+00:00,99005.15625,99229.3984375,97959.1953125,98448.671875,4298203136
2025-01-06 04:00:00+00:00,99292.6171875,99849.1171875,99141.640625,99141.640625,3663509504
2025-01-06 08:00:00+00:00,99218.109375,99538.5703125,98717.2265625,99288.0,1765122048
2025-01-06 12:00:00+00:00,102174.2265625,102408.3984375,98775.3515625,99254.328125,10858786816
2025-01-06 16:00:00+00:00,101854.2421875,102464.4375,101394.265625,102136.3203125,7993462784
2025-01-06 20:00:00+00:00,102255.21875,102356.6875,101639.0625,101897.7734375,2720903168
2025-01-07 00:00:00+00:00,101742.0390625,102674.328125,101592.6953125,102247.3359375,691826688
2025-01-07 04:00:00+00:00,101686.375,102014.3046875,101649.6484375,101769.0546875,0
2025-01-07 08:00:00+00:00,100897.8203125,101966.5390625,100501.9765625,101712.2734375,1055289344
2025-01-07 12:00:00+00:00,97960.390625,100926.84375,97473.9140625,100831.9921875,4830806016
2025-01-07 16:00:00+00:00,96496.671875,98232.96875,96370.53125,97914.8671875,3781046272
2025-01-07 20:00:00+00:00,96936.1875,97157.296875,96162.7109375,96411.046875,2801672192
2025-01-08 00:00:00+00:00,96480.5703125,97247.40625,96250.2421875,96938.7734375,1982836736
2025-01-08 04:00:00+00:00,95692.390625,96599.8125,95263.8125,96508.4296875,5402730496
2025-01-08 08:00:00+00:00,95161.71875,96082.1875,94632.4609375,95644.8359375,1412325376
2025-01-08 12:00:00+00:00,95359.8984375,95889.078125,94706.8046875,95100.9375,2730790912
2025-01-08 16:00:00+00:00,94258.359375,95453.0,92822.0234375,95453.0,3891982336
2025-01-08 20:00:00+00:00,95043.484375,95240.296875,93718.109375,94219.859375,145629184
2025-01-09 00:00:00+00:00,94026.609375,95314.75,93625.15625,95038.078125,2434740224
2025-01-09 04:00:00+00:00,93219.71875,94544.5,93217.7265625,93990.734375,0
2025-01-09 08:00:00+00:00,93409.7109375,93719.9765625,92812.9453125,93208.5546875,2424299520
2025-01-09 12:00:00+00:00,94250.75,94380.671875,91826.828125,93415.1328125,1765072896
2025-01-09 16:00:00+00:00,92068.375,94547.3515625,92068.375,94207.0234375,0
2025-01-09 20:00:00+00:00,92480.140625,92666.2734375,91232.859375,91937.265625,4983820288
2025-01-10 00:00:00+00:00,93696.375,93696.375,92495.1875,92529.9921875,773779456
2025-01-10 04:00:00+00:00,94527.296875,94949.25,93512.5859375,93701.765625,1194770432
2025-01-10 08:00:00+00:00,94957.3984375,95227.5546875,94444.953125,94487.6875,0
2025-01-10 12:00:00+00:00,93852.59375,95096.15625,92371.84375,95047.5390625,5399097344
2025-01-10 16:00:00+00:00,95342.2734375,95750.3828125,93216.0,93726.09375,3928096768
2025-01-10 20:00:00+00:00,94701.453125,95368.078125,94615.3046875,95313.6875,0
2025-01-11 00:00:00+00:00,94167.421875,94695.6171875,94107.7578125,94694.875,0
2025-01-11 04:00:00+00:00,94189.1875,94401.5,93844.4375,94175.078125,0
2025-01-11 08:00:00+00:00,94586.984375,94733.578125,94031.328125,94218.4609375,0
2025-01-11 12:00:00+00:00,94373.1640625,94603.3125,94296.890625,94603.3125,0
2025-01-11 16:00:00+00:00,94193.1171875,94659.59375,93990.078125,94382.6796875,0
2025-01-11 20:00:00+00:00,94555.1484375,94933.2890625,94164.890625,94194.21875,115695616
2025-01-12 00:00:00+00:00,94566.0546875,94630.3125,94285.09375,94567.640625,0
2025-01-12 04:00:00+00:00,94265.03125,94592.8984375,94261.8515625,94583.890625,0
2025-01-12 08:00:00+00:00,94231.125,94334.1328125,93743.234375,94270.2109375,700805120
2025-01-12 12:00:00+00:00,95017.2109375,95290.3515625,94133.6796875,94214.78125,1918482432
2025-01-12 16:00:00+00:00,94604.1640625,95226.84375,94552.078125,95054.9296875,582578176
2025-01-12 20:00:00+00:00,94488.890625,94733.671875,93780.71875,94603.0078125,1131071488
2025-01-13 00:00:00+00:00,94130.3671875,95805.546875,93920.75,94489.796875,5215418368
2025-01-13 04:00:00+00:00,93547.8828125,94814.1875,93287.0,94176.109375,3734040576
2025-01-13 08:00:00+00:00,90930.453125,93548.65625,90814.328125,93506.6640625,9323808768
2025-01-13 12:00:00+00:00,92209.2890625,92997.1875,89260.1015625,90768.453125,18833432576
2025-01-13 16:00:00+00:00,92248.5,92396.3828125,91279.7109375,92113.4140625,8874614784
2025-01-13 20:00:00+00:00,94519.0078125,94611.2734375,91918.65625,92259.9296875,6332473344
2025-01-14 00:00:00+00:00,94827.8046875,95214.25,94330.8203125,94510.078125,86597632
2025-01-14 04:00:00+00:00,94863.59375,95406.546875,94737.8984375,94885.4921875,220610560
2025-01-14 08:00:00+00:00,96520.75,97346.2265625,94863.46875,94863.46875,2509725696
2025-01-14 12:00:00+00:00,96567.3984375,97169.3828125,95747.078125,96594.6484375,0
2025-01-14 16:00:00+00:00,96489.5234375,97049.7421875,95354.875,96441.71875,0
2025-01-14 20:00:00+00:00,96539.6796875,96853.6015625,96216.0,96415.9921875,0
2025-01-15 00:00:00+00:00,97264.4765625,97411.421875,96511.7109375,96552.5234375,655085568
2025-01-15 04:00:00+00:00,97255.40625,97637.9140625,96760.703125,97275.2109375,999010304
2025-01-15 08:00:00+00:00,96696.9609375,97460.6328125,96510.015625,97253.6875,0
2025-01-15 12:00:00+00:00,99209.421875,99727.078125,96515.9765625,96717.59375,5398740992
2025-01-15 16:00:00+00:00,99854.84375,99916.1484375,98652.546875,99003.4375,530370560
2025-01-15 20:00:00+00:00,100507.03125,100673.015625,99509.8125,99863.65625,3276881920
2025-01-16 00:00:00+00:00,99471.203125,100739.640625,99221.2890625,100500.3515625,1506557952
2025-01-16 04:00:00+00:00,99728.875,99810.3984375,99355.1328125,99460.4453125,366731264
2025-01-16 08:00:00+00:00,99184.4375,99755.09375,98660.96875,99747.8125,1459904512
2025-01-16 12:00:00+00:00,99146.984375,99434.09375,97421.203125,99097.1796875,483770368
2025-01-16 16:00:00+00:00,100412.46875,100412.46875,99123.0859375,99199.578125,2332360704
2025-01-16 20:00:00+00:00,99999.5703125,100600.796875,99391.8046875,100404.1953125,139485184
2025-01-17 00:00:00+00:00,101007.3984375,102036.5859375,99949.6953125,99981.2734375,4697174016
2025-01-17 04:00:00+00:00,101450.9375,101761.8125,100936.578125,100998.5234375,2361348096
2025-01-17 08:00:00+00:00,102235.3359375,102499.046875,101515.6015625,101526.3515625,2913447936
2025-01-17 12:00:00+00:00,103926.4375,104241.9296875,102205.6328125,102229.25,3033911296
2025-01-17 16:00:00+00:00,105844.7578125,105844.7578125,103921.1953125,103984.296875,5717450752
2025-01-17 20:00:00+00:00,104124.953125,105848.5,104124.953125,105841.6328125,2428518400
2025-01-18 00:00:00+00:00,103564.0078125,104628.7734375,103278.28125,104114.4140625,935014400
2025-01-18 04:00:00+00:00,102774.015625,103690.7109375,102592.2109375,103502.1953125,2959351808
2025-01-18 08:00:00+00:00,103525.5859375,103760.3125,102263.453125,102736.6328125,579932160
2025-01-18 12:00:00+00:00,104723.6953125,104885.96875,103132.703125,103540.3359375,0
2025-01-18 16:00:00+00:00,104281.59375,104618.0625,103120.921875,104543.6328125,0
2025-01-18 20:00:00+00:00,104410.7421875,104559.734375,103710.59375,104312.3828125,404025344
2025-01-19 00:00:00+00:00,104940.7578125,105290.671875,103921.40625,104428.34375,1261662208
2025-01-19 04:00:00+00:00,105045.5390625,105446.453125,104200.40625,104856.4921875,331268096
2025-01-19 08:00:00+00:00,104220.9375,105218.6953125,103405.140625,104995.7265625,5393494016
2025-01-19 12:00:00+00:00,104767.3359375,105376.7890625,104220.4375,104233.5703125,4166328320
2025-01-19 16:00:00+00:00,105955.203125,105955.203125,104399.8984375,104715.71875,402513920
2025-01-19 20:00:00+00:00,101083.75,106227.5,99622.890625,106037.59375,19511042048
2025-01-20 00:00:00+00:00,101674.65625,101990.90625,99651.46875,101165.734375,13924163584
2025-01-20 04:00:00+00:00,107023.7890625,109110.390625,101495.8515625,101765.4765625,18829811712
2025-01-20 08:00:00+00:00,108097.4375,108969.9765625,107042.421875,107042.421875,2032574464
2025-01-20 12:00:00+00:00,104849.1015625,108499.40625,104628.484375,108146.6875,5908889600
2025-01-20 16:00:00+00:00,103685.234375,106671.5390625,100768.6328125,104951.78125,26634313728
2025-01-20 20:00:00+00:00,102052.578125,104139.1796875,101684.484375,103596.734375,22814720
2025-01-21 00:00:00+00:00,102892.5703125,103027.453125,100103.953125,102130.6484375,1032503296
2025-01-21 04:00:00+00:00,101834.875,102823.25,101137.6328125,102823.25,72712192
2025-01-21 08:00:00+00:00,103665.421875,103838.5703125,101719.3203125,101882.546875,615112704
2025-01-21 12:00:00+00:00,103862.4765625,105042.1953125,102822.71875,103671.9453125,1202520064
2025-01-21 16:00:00+00:00,107096.109375,107156.8828125,103813.890625,103813.890625,678281216
2025-01-21 20:00:00+00:00,106136.3828125,107098.890625,105511.453125,107044.3515625,1492803584
2025-01-22 00:00:00+00:00,105647.3984375,106294.34375,105498.109375,106153.734375,0
2025-01-22 04:00:00+00:00,105113.1484375,105904.421875,105078.0625,105607.78125,0
2025-01-22 08:00:00+00:00,105291.171875,105392.8515625,104694.40625,105088.171875,187580416
2025-01-22 12:00:00+00:00,104398.2265625,105544.875,103691.5859375,105040.6875,0
2025-01-22 16:00:00+00:00,104611.3359375,104696.6328125,103370.234375,104297.1015625,0
2025-01-22 20:00:00+00:00,103670.3125,104754.25,103654.1171875,104514.5078125,0
2025-01-23 00:00:00+00:00,102320.21875,103724.546875,102079.8984375,103654.8125,2343981056
2025-01-23 04:00:00+00:00,102654.4921875,102837.328125,101534.4140625,102379.7421875,4121640960
2025-01-23 08:00:00+00:00,101931.96875,102587.40625,101259.078125,102539.2890625,3069485056
2025-01-23 12:00:00+00:00,105050.21875,105870.7421875,101321.1015625,101927.0859375,15009243136
2025-01-23 16:00:00+00:00,103811.0,106737.7109375,103524.671875,105197.0078125,7908851712
2025-01-23 20:00:00+00:00,103956.5234375,106213.1875,102523.4921875,103785.2890625,18009939968
2025-01-24 00:00:00+00:00,103895.8359375,104179.2890625,102816.359375,103925.5625,1181835264
2025-01-24 04:00:00+00:00,105000.6796875,105237.140625,103810.3046875,103895.1484375,0
2025-01-24 08:00:00+00:00,105441.671875,105736.1796875,104932.546875,105111.8359375,0
2025-01-24 12:00:00+00:00,105906.8984375,106137.015625,104819.109375,105452.21875,0
2025-01-24 16:00:00+00:00,105853.03125,107057.9140625,105650.0703125,105879.5,435208192
2025-01-24 20:00:00+00:00,104819.484375,105800.1953125,104470.03125,105800.1953125,0
2025-01-25 00:00:00+00:00,105169.0,105169.0,104402.9140625,104839.46875,49500160
2025-01-25 04:00:00+00:00,104345.328125,105142.84375,104193.8515625,105142.84375,0
2025-01-25 08:00:00+00:00,104650.4921875,104666.4375,104130.703125,104343.359375,0
2025-01-25 12:00:00+00:00,104913.484375,105023.1484375,104448.8046875,104641.78125,0
2025-01-25 16:00:00+00:00,105052.140625,105232.34375,104484.2890625,104904.8359375,0
2025-01-25 20:00:00+00:00,104696.203125,105217.6484375,104684.4140625,105052.140625,0
2025-01-26 00:00:00+00:00,104995.90625,105176.078125,104512.65625,104720.7578125,0
2025-01-26 04:00:00+00:00,104971.078125,105360.6875,104919.0234375,105029.0625,87584768
2025-01-26 08:00:00+00:00,104809.2421875,105144.53125,104445.6328125,104969.0703125,444450816
2025-01-26 12:00:00+00:00,104976.484375,105036.640625,104692.078125,104800.4765625,11986944
2025-01-26 16:00:00+00:00,105065.9296875,105227.3046875,104895.1171875,104976.28125,0
2025-01-26 20:00:00+00:00,102682.5,105165.3125,102545.53125,105071.9375,4381542400
2025-01-27 00:00:00+00:00,101343.9296875,103186.03125,100836.75,102614.0078125,11290957824
2025-01-27 04:00:00+00:00,99010.265625,101348.5703125,97906.9765625,101348.5703125,15046203392
2025-01-27 08:00:00+00:00,98816.921875,99432.1484375,98272.921875,99024.9453125,9139036160
2025-01-27 12:00:00+00:00,101333.484375,102267.6953125,98776.7265625,98776.7265625,16751919104
2025-01-27 16:00:00+00:00,99603.0390625,101205.9921875,99005.7421875,101128.15625,10636337152
2025-01-27 20:00:00+00:00,102092.171875,102251.3984375,99643.859375,99674.4453125,6556155904
2025-01-28 00:00:00+00:00,102624.1640625,102816.1640625,101363.5625,102097.46875,0
2025-01-28 04:00:00+00:00,102731.328125,103339.625,102553.1328125,102623.421875,0
2025-01-28 08:00:00+00:00,102774.9609375,103144.3359375,102456.7734375,102779.3125,0
2025-01-28 12:00:00+00:00,102661.8203125,103730.8203125,101884.0,102719.1640625,0
2025-01-28 16:00:00+00:00,102446.234375,103087.5546875,101859.1171875,102806.2265625,0
2025-01-28 20:00:00+00:00,101327.4140625,102456.09375,100265.703125,102416.5859375,680923136
2025-01-29 00:00:00+00:00,102027.8515625,102209.0390625,101287.8359375,101287.8359375,0
2025-01-29 04:00:00+00:00,102663.0546875,102772.4765625,101959.890625,102021.9296875,175525888
2025-01-29 08:00:00+00:00,102541.5,102928.484375,102192.7265625,102699.46875,41369600
2025-01-29 12:00:00+00:00,101957.0625,102733.671875,101596.1328125,102586.8671875,1676107776
2025-01-29 16:00:00+00:00,103615.125,103777.2734375,101499.03125,101955.4140625,5004869632
2025-01-29 20:00:00+00:00,103736.0078125,104730.4375,102921.9921875,103695.625,4862369792
2025-01-30 00:00:00+00:00,105099.7421875,105262.390625,103425.5546875,103718.0546875,3515121664
2025-01-30 04:00:00+00:00,105124.4609375,105579.8046875,104828.6015625,105234.4375,1975185408
2025-01-30 08:00:00+00:00,105330.8515625,105515.9296875,104947.046875,105232.0703125,0
2025-01-30 12:00:00+00:00,105574.7890625,106281.8984375,104707.40625,105322.1796875,3293106176
2025-01-30 16:00:00+00:00,105766.171875,105975.7421875,104794.6875,105614.7890625,650043392
2025-01-30 20:00:00+00:00,104739.0546875,105807.375,104739.0546875,105749.328125,0
2025-01-31 00:00:00+00:00,104320.0078125,104992.7109375,103973.2734375,104758.4609375,0
2025-01-31 04:00:00+00:00,104223.8828125,104775.734375,103997.4765625,104321.0234375,79560704
2025-01-31 08:00:00+00:00,104751.8515625,104826.40625,103925.125,104195.2109375,560488448
2025-01-31 12:00:00+00:00,105502.8203125,105863.7734375,104161.5234375,104689.2109375,300773376
2025-01-31 16:00:00+00:00,102305.5234375,105549.84375,102145.8984375,105451.9296875,5284474880
2025-01-31 20:00:00+00:00,102404.5,102457.0546875,101566.3203125,102185.984375,3851710464
2025-02-01 00:00:00+00:00,102246.7734375,102754.0546875,102246.7734375,102405.390625,131158016
2025-02-01 04:00:00+00:00,102166.9921875,102553.7734375,102166.9921875,102225.9609375,0
2025-02-01 08:00:00+00:00,101978.8359375,102252.546875,101497.71875,102155.8828125,377679872
2025-02-01 12:00:00+00:00,102069.8046875,102281.6171875,101724.109375,101995.71875,0
2025-02-01 16:00:00+00:00,101632.171875,102263.8515625,101470.0234375,102070.71875,0
2025-02-01 20:00:00+00:00,100661.5390625,101654.234375,100309.859375,101654.234375,1431670784
2025-02-02 00:00:00+00:00,99195.28125,101399.921875,99195.28125,100624.8984375,4099500032
2025-02-02 04:00:00+00:00,99687.96875,100459.2421875,99094.8359375,99199.71875,4148809728
2025-02-02 08:00:00+00:00,98986.8515625,100053.65625,98679.0703125,99624.7578125,2474196992
2025-02-02 12:00:00+00:00,99272.9921875,99388.984375,98153.0078125,98823.0234375,5217730560
2025-02-02 16:00:00+00:00,98197.5546875,99314.421875,96819.53125,99314.421875,13175595008
2025-02-02 20:00:00+00:00,97671.8515625,98559.2578125,96308.921875,98215.2578125,6563868672
2025-02-03 00:00:00+00:00,94098.046875,97663.9140625,91496.1953125,97663.9140625,29740949504
2025-02-03 04:00:00+00:00,95407.0234375,95472.046875,92791.640625,94101.78125,5747712000
2025-02-03 08:00:00+00:00,95160.6953125,95999.6484375,94924.1796875,95419.5703125,3888660480
2025-02-03 12:00:00+00:00,99271.7109375,99510.4453125,94267.5390625,95193.9140625,13192069120
2025-02-03 16:00:00+00:00,102005.890625,102005.890625,98200.7421875,99054.5859375,3429662720
2025-02-03 20:00:00+00:00,101394.4375,102514.171875,101078.46875,102005.03125,2189524992
2025-02-04 00:00:00+00:00,100684.984375,101731.59375,100641.296875,101469.5859375,0
2025-02-04 04:00:00+00:00,98556.3359375,100796.2734375,98382.7578125,100702.375,1118322688
2025-02-04 08:00:00+00:00,99059.7890625,99442.28125,97963.3046875,98488.5703125,227082240
2025-02-04 12:00:00+00:00,99442.078125,100343.1796875,98596.046875,99037.421875,0
2025-02-04 16:00:00+00:00,99188.7109375,100737.46875,98856.34375,99416.734375,0
2025-02-04 20:00:00+00:00,97844.0703125,99211.3125,96223.234375,99040.7109375,4382146560
2025-02-05 00:00:00+00:00,98079.8203125,98933.5703125,97251.8046875,97807.84375,977043456
2025-02-05 04:00:00+00:00,97920.8046875,98313.703125,97436.5703125,98064.625,340377600
2025-02-05 08:00:00+00:00,98232.234375,98242.7265625,97317.171875,97909.1875,686034944
2025-02-05 12:00:00+00:00,98071.8671875,99081.859375,97978.421875,98229.9921875,1103978496
2025-02-05 16:00:00+00:00,97390.765625,98237.125,96527.2890625,98123.1328125,277663744
2025-02-05 20:00:00+00:00,96619.3203125,97711.953125,96184.8984375,97375.21875,492777472
2025-02-06 00:00:00+00:00,97363.1875,97475.890625,96517.765625,96547.3203125,162570240
2025-02-06 04:00:00+00:00,98219.3046875,98425.375,97299.1484375,97351.6328125,512249856
2025-02-06 08:00:00+00:00,98930.5078125,99168.609375,98042.796875,98222.0546875,951328768
2025-02-06 12:00:00+00:00,97276.6875,99036.609375,97013.6953125,98975.9375,2514169856
2025-02-06 16:00:00+00:00,96043.4453125,97554.5078125,95792.171875,97320.578125,1909035008
2025-02-06 20:00:00+00:00,96583.5390625,97057.59375,95927.078125,95927.078125,110886912
2025-02-07 00:00:00+00:00,97454.28125,97735.828125,96428.53125,96647.3515625,3475570688
2025-02-07 04:00:00+00:00,96743.6484375,97845.8046875,96636.375,97481.1640625,795262976
2025-02-07 08:00:00+00:00,97755.171875,97773.578125,96672.3203125,96763.5625,1268408320
2025-02-07 12:00:00+00:00,98169.3828125,100153.921875,97328.5625,97779.1953125,4197371904
2025-02-07 16:00:00+00:00,96981.5546875,98388.1484375,96937.8046875,98303.5234375,4815003648
2025-02-07 20:00:00+00:00,96533.2578125,96932.625,95713.8828125,96932.625,4395241472
2025-02-08 00:00:00+00:00,96728.46875,96871.734375,96442.3671875,96541.4921875,1048993792
2025-02-08 04:00:00+00:00,96238.3984375,96724.234375,95834.046875,96724.234375,1381142528
2025-02-08 08:00:00+00:00,96086.25,96277.640625,95880.1640625,96262.203125,0
2025-02-08 12:00:00+00:00,95823.4296875,96419.96875,95716.0390625,96128.2109375,370393088
2025-02-08 16:00:00+00:00,96567.375,96723.6484375,95774.4765625,95820.09375,0
2025-02-08 20:00:00+00:00,96504.9609375,96711.484375,96387.6328125,96587.84375,0
2025-02-09 00:00:00+00:00,97245.0390625,97268.8125,96422.140625,96473.75,629530624
2025-02-09 04:00:00+00:00,97082.8046875,97318.9140625,96848.3203125,97293.0546875,732563456
2025-02-09 08:00:00+00:00,96664.265625,97265.6796875,96664.1171875,97197.6015625,2141378560
2025-02-09 12:00:00+00:00,96479.4609375,96716.90625,95814.5078125,96544.2265625,1227458560
2025-02-09 16:00:00+00:00,96072.5234375,96568.46875,95938.125,96500.03125,6283264
2025-02-09 20:00:00+00:00,96499.4609375,96694.1953125,94780.5,96089.140625,5377757184
2025-02-10 00:00:00+00:00,96770.8515625,97098.9765625,95400.0,96488.453125,5562968064
2025-02-10 04:00:00+00:00,97453.515625,97586.2890625,96675.1953125,96793.296875,4187588608
2025-02-10 08:00:00+00:00,97691.328125,97948.1484375,97403.2109375,97463.9140625,2829594624
2025-02-10 12:00:00+00:00,97230.6640625,98311.4140625,96928.2109375,97720.875,3030953984
2025-02-10 16:00:00+00:00,97417.1875,97626.78125,96950.765625,97250.359375,3310895104
2025-02-10 20:00:00+00:00,97451.40625,97518.0390625,97181.8984375,97407.1171875,149438464
2025-02-11 00:00:00+00:00,97622.28125,98107.140625,97443.0859375,97443.0859375,0
2025-02-11 04:00:00+00:00,98307.6328125,98470.7421875,97588.328125,97627.265625,369741824
2025-02-11 08:00:00+00:00,98164.1640625,98327.3671875,97927.4296875,98298.1796875,372322304
2025-02-11 12:00:00+00:00,97030.46875,98163.703125,96673.2109375,98163.703125,1078931456
2025-02-11 16:00:00+00:00,95099.53125,97037.6484375,94893.171875,97016.03125,2806411264
2025-02-11 20:00:00+00:00,95745.6953125,96470.1875,94985.9453125,95061.90625,3533750272
2025-02-12 00:00:00+00:00,95355.5078125,96206.3828125,95125.9296875,95756.109375,1931395072
2025-02-12 04:00:00+00:00,96051.9765625,96148.9140625,95281.578125,95281.578125,1238249472
2025-02-12 08:00:00+00:00,96065.9375,96433.6484375,95923.6875,96060.2734375,542199808
2025-02-12 12:00:00+00:00,95778.6875,96564.8828125,94145.7890625,96087.8203125,8822501376
2025-02-12 16:00:00+00:00,97193.6484375,97613.5546875,95154.46875,95799.2890625,3808825344
2025-02-12 20:00:00+00:00,97876.3671875,98079.484375,96900.4375,97200.71875,3079000064
2025-02-13 00:00:00+00:00,97502.5390625,98086.703125,97426.03125,97867.46875,0
2025-02-13 04:00:00+00:00,96034.5625,97533.6171875,95817.078125,97514.9375,2112118784
2025-02-13 08:00:00+00:00,95910.921875,96332.078125,95691.6328125,96078.6015625,563904512
2025-02-13 12:00:00+00:00,95925.8671875,96436.78125,95463.8984375,95925.2265625,511164416
2025-02-13 16:00:00+00:00,95656.7265625,96338.9609375,95294.9765625,95917.484375,2053320704
2025-02-13 20:00:00+00:00,96623.3671875,96758.71875,95631.8046875,95631.8046875,0
2025-02-14 00:00:00+00:00,97135.3046875,97163.3828125,96410.453125,96619.46875,0
2025-02-14 04:00:00+00:00,96987.0625,97196.390625,96606.828125,97128.875,198832128
2025-02-14 08:00:00+00:00,96908.1484375,97190.4609375,96819.8828125,96959.125,616976384
2025-02-14 12:00:00+00:00,96957.0390625,97576.1171875,96385.234375,96899.21875,403288064
2025-02-14 16:00:00+00:00,97927.0,98803.4921875,96585.59375,96946.6328125,3848798208
2025-02-14 20:00:00+00:00,97503.7109375,98237.5625,96774.5703125,97971.6640625,2233671680
2025-02-15 00:00:00+00:00,97699.7265625,97967.2734375,97277.6484375,97502.3671875,655785984
2025-02-15 04:00:00+00:00,97391.671875,97783.59375,97390.5625,97697.5234375,0
2025-02-15 08:00:00+00:00,97623.078125,97724.453125,97333.7890625,97380.78125,1071116288
2025-02-15 12:00:00+00:00,97640.9921875,97909.6171875,97484.6796875,97625.125,0
2025-02-15 16:00:00+00:00,97574.125,97704.515625,97353.421875,97641.4921875,0
2025-02-15 20:00:00+00:00,97580.4921875,97743.703125,97450.7578125,97562.640625,535868416
2025-02-16 00:00:00+00:00,97558.046875,97717.9140625,97472.5234375,97586.359375,645299200
2025-02-16 04:00:00+00:00,97243.625,97648.3515625,97234.515625,97559.0078125,600890368
2025-02-16 08:00:00+00:00,97338.5703125,97375.765625,97086.625,97258.953125,2070677504
2025-02-16 12:00:00+00:00,96984.8046875,97343.0,96696.9609375,97343.0,1186149376
2025-02-16 16:00:00+00:00,97065.0078125,97154.7265625,96772.15625,96951.65625,1290348544
2025-02-16 20:00:00+00:00,96179.0078125,97208.984375,96069.96875,97068.1953125,1874987008
2025-02-17 00:00:00+00:00,96230.0546875,96586.1484375,96092.5078125,96137.8828125,1500612608
2025-02-17 04:00:00+00:00,96078.15625,96431.6875,95865.640625,96217.7578125,2380959744
2025-02-17 08:00:00+00:00,96065.359375,96387.421875,95973.2890625,96080.671875,1733613568
2025-02-17 12:00:00+00:00,95600.3515625,96990.8515625,95600.3515625,96058.3671875,2391562240
2025-02-17 16:00:00+00:00,95568.09375,95936.0546875,95243.546875,95675.4765625,4681609216
2025-02-17 20:00:00+00:00,95774.1015625,96403.34375,95539.1171875,95554.03125,510373888
2025-02-18 00:00:00+00:00,96192.21875,96311.9375,95567.7734375,95774.21875,1231630336
2025-02-18 04:00:00+00:00,95475.21875,96287.5390625,95293.2734375,96186.234375,2399936512
2025-02-18 08:00:00+00:00,95607.7265625,95839.5625,95146.3125,95446.0234375,763244544
2025-02-18 12:00:00+00:00,95501.640625,96695.375,95292.8203125,95620.4140625,1484582912
2025-02-18 16:00:00+00:00,94083.1953125,95576.09375,93410.84375,95513.6640625,4827549696
2025-02-18 20:00:00+00:00,95534.8125,95534.8125,93739.703125,94058.4375,3737274368
2025-02-19 00:00:00+00:00,95655.0078125,95891.9140625,95015.7109375,95607.8671875,2533314560
2025-02-19 04:00:00+00:00,95661.5,95790.3359375,95030.28125,95706.09375,1630085120
2025-02-19 08:00:00+00:00,96359.7890625,96396.5625,95605.9296875,95648.7109375,1575497728
2025-02-19 12:00:00+00:00,95955.5859375,96686.515625,95603.1328125,96391.0078125,202031104
2025-02-19 16:00:00+00:00,96116.8984375,96461.5390625,95469.34375,95929.3046875,134600704
2025-02-19 20:00:00+00:00,96632.6796875,96820.328125,96053.90625,96173.3203125,601972736
2025-02-20 00:00:00+00:00,97083.515625,97317.1796875,96447.5,96628.3984375,2226794496
2025-02-20 04:00:00+00:00,96971.84375,97326.8125,96816.453125,97067.046875,430954496
2025-02-20 08:00:00+00:00,97206.3984375,97372.9765625,96821.203125,96874.21875,660498432
2025-02-20 12:00:00+00:00,96919.6640625,98037.09375,96900.9296875,97204.3125,2256951296
2025-02-20 16:00:00+00:00,98443.15625,98516.453125,96908.984375,96908.984375,2988580864
2025-02-20 20:00:00+00:00,98340.671875,98744.1484375,98062.7890625,98457.296875,1287270400
2025-02-21 00:00:00+00:00,98177.390625,98513.1875,98139.4453125,98338.84375,652199936
2025-02-21 04:00:00+00:00,98206.9453125,98605.90625,98172.65625,98172.65625,286978048
2025-02-21 08:00:00+00:00,98658.140625,98903.5859375,98173.75,98219.5,2449139712
2025-02-21 12:00:00+00:00,98071.1015625,99473.7265625,97269.3359375,98656.6953125,6339581952
2025-02-21 16:00:00+00:00,95375.4140625,98756.734375,95240.9375,98107.578125,8595996672
2025-02-21 20:00:00+00:00,96121.2109375,96148.875,94918.8359375,95265.703125,4258566144
2025-02-22 00:00:00+00:00,96290.859375,96458.5078125,95781.3203125,96117.0703125,295985152
2025-02-22 04:00:00+00:00,96344.3828125,96570.6640625,96291.625,96291.625,0
2025-02-22 08:00:00+00:00,96590.453125,96599.1015625,96136.5625,96297.8046875,500469760
2025-02-22 12:00:00+00:00,96638.5390625,96893.484375,96509.1015625,96591.28125,0
2025-02-22 16:00:00+00:00,96627.0703125,96787.90625,96383.890625,96610.8046875,0
2025-02-22 20:00:00+00:00,96577.8046875,96700.234375,96534.984375,96625.40625,715755520
2025-02-23 00:00:00+00:00,96453.9375,96657.171875,96421.8359375,96571.046875,579642368
2025-02-23 04:00:00+00:00,96557.984375,96580.109375,96192.765625,96440.796875,52574208
2025-02-23 08:00:00+00:00,96135.6328125,96561.6640625,96120.1953125,96558.4375,236633088
2025-02-23 12:00:00+00:00,95469.6484375,96143.1171875,95469.6484375,96124.6640625,279678976
2025-02-23 16:00:00+00:00,95751.15625,95879.8671875,95280.578125,95450.5625,595776512
2025-02-23 20:00:00+00:00,96277.9609375,96304.7265625,95572.515625,95772.375,1679082496
2025-02-24 00:00:00+00:00,95527.703125,96476.515625,95332.796875,96267.8515625,2832275456
2025-02-24 04:00:00+00:00,95889.6796875,95948.5859375,95125.3828125,95478.3125,3005706240
2025-02-24 08:00:00+00:00,95831.7265625,96150.0703125,95409.515625,95882.6640625,2486972416
2025-02-24 12:00:00+00:00,94246.828125,96062.9375,93901.578125,95827.7578125,6316718080
2025-02-24 16:00:00+00:00,93894.8671875,95150.75,93743.8671875,94301.5703125,4823693312
2025-02-24 20:00:00+00:00,91425.1484375,94515.7265625,91393.390625,93903.84375,8582311936
2025-02-25 00:00:00+00:00,92197.296875,92498.59375,91029.2265625,91496.140625,7098433536
2025-02-25 04:00:00+00:00,89398.484375,92294.921875,88355.9453125,92152.765625,8991948800
2025-02-25 08:00:00+00:00,89198.6328125,89958.46875,87190.7734375,89266.65625,15697670144
2025-02-25 12:00:00+00:00,87301.0390625,89463.6484375,86138.2734375,89198.71875,8377131008
2025-02-25 16:00:00+00:00,87863.0859375,87924.3828125,86128.4375,87122.9140625,6086860800
2025-02-25 20:00:00+00:00,88638.890625,89344.90625,87594.2734375,87816.71875,4515348480
2025-02-26 00:00:00+00:00,88822.1015625,89260.65625,88054.53125,88491.3359375,1544601600
2025-02-26 04:00:00+00:00,88659.96875,89089.84375,88345.0234375,88797.0390625,2232434688
2025-02-26 08:00:00+00:00,88611.8515625,89222.5390625,88178.828125,88641.875,0
2025-02-26 12:00:00+00:00,87413.8359375,88573.2265625,85422.9375,88550.4609375,1632796672
2025-02-26 16:00:00+00:00,83755.3671875,87614.5078125,83683.5703125,87454.171875,8962310144
2025-02-26 20:00:00+00:00,84070.8515625,85122.9375,82242.9921875,83783.140625,5880139776
2025-02-27 00:00:00+00:00,85164.9921875,85265.8984375,83977.671875,84136.3046875,6328074240
2025-02-27 04:00:00+00:00,86256.140625,86478.65625,84637.1875,85134.2265625,1738457088
2025-02-27 08:00:00+00:00,86640.7734375,86939.5859375,85848.9609375,86210.6171875,695238656
2025-02-27 12:00:00+00:00,85580.4296875,86690.9453125,84633.4375,86625.2265625,963293184
2025-02-27 16:00:00+00:00,84054.6875,85571.2421875,83514.484375,85452.5625,0
2025-02-27 20:00:00+00:00,84705.625,84818.4453125,82745.171875,84011.53125,31019008
2025-02-28 00:00:00+00:00,80283.3203125,84780.2265625,79691.9921875,84671.1640625,10273714176
2025-02-28 04:00:00+00:00,79049.0703125,80767.7890625,78790.59375,80326.78125,12263124992
2025-02-28 08:00:00+00:00,80416.671875,80701.8828125,78260.9453125,79098.65625,5665972224
2025-02-28 12:00:00+00:00,83971.3203125,84298.5859375,80095.1484375,80464.6015625,5856223232
2025-02-28 16:00:00+00:00,84374.546875,84907.5703125,83197.3515625,83973.015625,3956613120
2025-02-28 20:00:00+00:00,84374.015625,84730.734375,83612.28125,84421.984375,0
2025-03-01 00:00:00+00:00,85235.5546875,85482.8515625,83794.234375,84330.8515625,2051235840
2025-03-01 04:00:00+00:00,84726.09375,86501.0625,84726.09375,85321.8203125,0
2025-03-01 08:00:00+00:00,84591.546875,85458.3203125,84371.1875,84719.984375,0
2025-03-01 12:00:00+00:00,84757.4921875,84862.359375,84344.234375,84591.2578125,0
2025-03-01 16:00:00+00:00,85425.2734375,85439.1015625,84671.75,84759.65625,0
2025-03-01 20:00:00+00:00,86035.1640625,86158.0546875,85307.3828125,85439.9765625,942098432
2025-03-02 00:00:00+00:00,85876.8125,86443.1015625,85630.3203125,86024.3515625,396855296
2025-03-02 04:00:00+00:00,86202.1796875,86448.6484375,85523.25,85832.9765625,0
2025-03-02 08:00:00+00:00,86088.3046875,86207.8046875,85687.28125,86207.8046875,112064512
2025-03-02 12:00:00+00:00,87533.5859375,88340.078125,85058.875,86072.5078125,6875162624
2025-03-02 16:00:00+00:00,93525.1015625,95026.0703125,87428.8984375,87428.8984375,25273210880
2025-03-02 20:00:00+00:00,94260.5625,94827.9609375,93585.9765625,93585.9765625,5848657920
2025-03-03 00:00:00+00:00,92698.84375,94339.484375,92450.6171875,94292.2421875,7636230144
2025-03-03 04:00:00+00:00,92395.4609375,93298.859375,91229.96875,92711.625,3296661504
2025-03-03 08:00:00+00:00,92667.03125,92819.796875,91212.109375,92348.125,5743558656
2025-03-03 12:00:00+00:00,90045.546875,93657.9765625,89251.515625,92768.5703125,5386747904
2025-03-03 16:00:00+00:00,85657.0546875,90887.7890625,85657.0546875,90016.3359375,1972494336
2025-03-03 20:00:00+00:00,86079.8203125,86916.234375,85105.40625,85509.328125,4714323968
2025-03-04 00:00:00+00:00,84031.1875,86654.75,82499.4375,86137.4921875,6203170816
2025-03-04 04:00:00+00:00,83106.3828125,84422.0546875,83106.3828125,83919.765625,1778712576
2025-03-04 08:00:00+00:00,83919.5859375,84204.0234375,83135.375,83135.375,1683374080
2025-03-04 12:00:00+00:00,82764.75,84527.5859375,81727.140625,83864.265625,998727680
2025-03-04 16:00:00+00:00,88205.2109375,88386.1796875,82022.4140625,82918.7734375,3036913664
2025-03-04 20:00:00+00:00,87214.703125,88817.5546875,86619.328125,88222.8671875,2249494528
2025-03-05 00:00:00+00:00,87157.25,87852.875,86420.6484375,87236.25,0
2025-03-05 04:00:00+00:00,87645.96875,87674.078125,86790.09375,86790.09375,11972608
2025-03-05 08:00:00+00:00,89764.7734375,90529.8125,87603.2578125,87603.2578125,2744033280
2025-03-05 12:00:00+00:00,88401.6484375,90768.6328125,88037.046875,89939.6875,2438901760
2025-03-05 16:00:00+00:00,89806.296875,90396.796875,87635.90625,88260.9140625,0
2025-03-05 20:00:00+00:00,90622.359375,90971.359375,89684.0390625,89787.265625,904544256
2025-03-06 00:00:00+00:00,91573.2578125,91968.609375,90014.40625,90613.234375,3368816640
2025-03-06 04:00:00+00:00,91348.1953125,92790.6953125,91296.7890625,91613.8203125,2175451136
2025-03-06 08:00:00+00:00,91345.90625,91654.5,90652.21875,91376.328125,16502784
2025-03-06 12:00:00+00:00,90799.7734375,91345.125,89317.0390625,91345.125,868216832
2025-03-06 16:00:00+00:00,88649.78125,91020.8671875,87877.71875,90861.84375,814784512
2025-03-06 20:00:00+00:00,89939.6953125,90751.953125,88497.28125,88497.28125,2405924864
2025-03-07 00:00:00+00:00,87044.4921875,91160.8203125,84979.53125,89959.1640625,11390955520
2025-03-07 04:00:00+00:00,88309.765625,88569.796875,86947.3828125,86947.3828125,661680128
2025-03-07 08:00:00+00:00,88943.453125,89554.8828125,88034.25,88362.4765625,1606164480
2025-03-07 12:00:00+00:00,88445.3125,91070.7421875,88088.3828125,89023.0546875,7923228672
2025-03-07 16:00:00+00:00,87831.1328125,88942.0546875,86656.8515625,88482.7578125,7012540416
2025-03-07 20:00:00+00:00,86735.1015625,88194.9296875,85688.6796875,87772.1328125,2519678976
2025-03-08 00:00:00+00:00,85973.9140625,86835.4765625,85270.2265625,86713.375,0
2025-03-08 04:00:00+00:00,86158.4375,86599.8203125,85683.9296875,85889.4375,251752448
2025-03-08 08:00:00+00:00,85908.1796875,86414.34375,85780.2265625,86180.0390625,118697984
2025-03-08 12:00:00+00:00,86357.7734375,86572.1484375,85794.1796875,85926.3671875,0
2025-03-08 16:00:00+00:00,86203.9453125,86412.6328125,85781.1015625,86369.515625,0
2025-03-08 20:00:00+00:00,86153.03125,86475.3828125,85879.4921875,86199.9296875,0
2025-03-09 00:00:00+00:00,86132.6953125,86462.125,85967.9140625,86186.640625,0
2025-03-09 04:00:00+00:00,85966.078125,86109.9375,85794.7890625,86104.3828125,0
2025-03-09 08:00:00+00:00,85021.28125,86028.65625,84647.6640625,85973.40625,1388224512
2025-03-09 12:00:00+00:00,83052.2109375,85004.2421875,82901.25,85004.2421875,3533776896
2025-03-09 16:00:00+00:00,82561.703125,83604.15625,82247.1796875,83072.875,5633085440
2025-03-09 20:00:00+00:00,80576.40625,83454.203125,80052.484375,82606.859375,6438449152
2025-03-10 00:00:00+00:00,82018.3359375,82626.8828125,80126.015625,80770.46875,6813751296
2025-03-10 04:00:00+00:00,82315.0234375,82712.0078125,82028.390625,82028.390625,1777483776
2025-03-10 08:00:00+00:00,83615.34375,83733.84375,81272.6328125,82311.4609375,4225675264
2025-03-10 12:00:00+00:00,80071.046875,83740.6640625,79359.875,83552.71875,6366019584
2025-03-10 16:00:00+00:00,78910.546875,80183.703125,77524.5390625,80014.359375,5428174848
2025-03-10 20:00:00+00:00,78569.90625,79798.0546875,78406.3125,78939.75,1650933760
2025-03-11 00:00:00+00:00,79451.7734375,79708.5234375,76653.53125,78582.15625,3728445440
2025-03-11 04:00:00+00:00,80423.3125,80525.34375,79446.1875,79485.09375,1809367040
2025-03-11 08:00:00+00:00,81693.25,81938.7265625,80342.4921875,80449.15625,2159308800
2025-03-11 12:00:00+00:00,81285.9140625,81874.59375,79082.2265625,81715.046875,2057674752
2025-03-11 16:00:00+00:00,82996.8828125,83525.40625,80635.65625,81206.703125,418308096
2025-03-11 20:00:00+00:00,82843.734375,83265.4921875,82574.3515625,83118.8046875,0
2025-03-12 00:00:00+00:00,82135.1953125,83737.453125,82135.1953125,82902.7890625,0
2025-03-12 04:00:00+00:00,82402.3671875,82463.9921875,81295.734375,82103.8125,1410760704
2025-03-12 08:00:00+00:00,82992.484375,82992.484375,82083.2421875,82384.6484375,156532736
2025-03-12 12:00:00+00:00,81690.6796875,84230.234375,80809.8125,82995.28125,1886887936
2025-03-12 16:00:00+00:00,83055.46875,83055.46875,81665.5390625,81703.8359375,184537088
2025-03-12 20:00:00+00:00,83691.9375,83825.421875,82732.375,82908.828125,218107904
2025-03-13 00:00:00+00:00,83572.59375,84259.671875,83317.5703125,83672.03125,410984448
2025-03-13 04:00:00+00:00,83177.5625,83648.2890625,82905.40625,83554.8828125,178606080
2025-03-13 08:00:00+00:00,82837.328125,83450.71875,82470.828125,83137.734375,1306800128
2025-03-13 12:00:00+00:00,81059.4375,83289.3203125,80997.8125,82920.5703125,0
2025-03-13 16:00:00+00:00,80251.234375,81198.6875,79932.3515625,81018.625,1043187712
2025-03-13 20:00:00+00:00,81099.375,81435.0859375,80147.9765625,80147.9765625,372406272
2025-03-14 00:00:00+00:00,81852.265625,82136.2578125,80835.484375,81090.296875,0
2025-03-14 04:00:00+00:00,82242.9140625,82426.1015625,81784.3828125,81901.4921875,0
2025-03-14 08:00:00+00:00,83294.6953125,83297.265625,82191.2421875,82191.2421875,153321472
2025-03-14 12:00:00+00:00,84746.7265625,85202.3125,82682.328125,83224.4453125,3205791744
2025-03-14 16:00:00+00:00,84609.84375,84912.21875,84067.921875,84797.484375,479569920
2025-03-14 20:00:00+00:00,83977.375,84522.0078125,83792.546875,84522.0078125,777025536
2025-03-15 00:00:00+00:00,84468.109375,84672.671875,83989.8046875,83989.8046875,0
2025-03-15 04:00:00+00:00,83839.515625,84551.1875,83826.9921875,84499.9921875,66426880
2025-03-15 08:00:00+00:00,84126.5625,84158.7578125,83657.2890625,83862.0703125,170979328
2025-03-15 12:00:00+00:00,84352.6640625,84472.65625,84043.65625,84061.34375,0
2025-03-15 16:00:00+00:00,84284.9609375,84477.4296875,84132.34375,84375.828125,0
2025-03-15 20:00:00+00:00,84343.4453125,84455.8671875,84243.375,84329.734375,0
2025-03-16 00:00:00+00:00,84315.3984375,84356.4921875,83771.9609375,84354.53125,0
2025-03-16 04:00:00+00:00,84268.8515625,84408.8828125,84012.796875,84333.21875,35328000
2025-03-16 08:00:00+00:00,82430.28125,84312.59375,82393.5703125,84282.625,1193441280
2025-03-16 12:00:00+00:00,83346.25,83449.8671875,82408.6484375,82408.6484375,1787174912
2025-03-16 16:00:00+00:00,83061.34375,84746.09375,82805.671875,83323.5390625,4278425600
2025-03-16 20:00:00+00:00,82576.3359375,83400.6640625,82024.1015625,83093.25,2493921280
2025-03-17 00:00:00+00:00,83700.8125,83700.8125,82567.265625,82571.1484375,1690036224
2025-03-17 04:00:00+00:00,83521.328125,83828.5390625,82711.8125,83682.2734375,1698906112
2025-03-17 08:00:00+00:00,83574.890625,83746.40625,83227.2890625,83558.0078125,1067972608
2025-03-17 12:00:00+00:00,83540.578125,83676.015625,82492.15625,83656.25,3095511040
2025-03-17 16:00:00+00:00,84482.6953125,84708.28125,83133.21875,83525.4453125,899528704
2025-03-17 20:00:00+00:00,84075.71875,84475.2734375,83807.5390625,84475.2734375,361197568
2025-03-18 00:00:00+00:00,83120.5234375,84033.265625,83007.6953125,84033.265625,185198592
2025-03-18 04:00:00+00:00,83156.2734375,83182.1484375,82285.6484375,83134.6796875,1150056448
2025-03-18 08:00:00+00:00,82590.125,83432.578125,82524.484375,83196.5546875,406910976
2025-03-18 12:00:00+00:00,81558.828125,82793.1953125,81195.4765625,82552.625,771098624
2025-03-18 16:00:00+00:00,82428.3515625,82428.3515625,81323.03125,81581.9609375,29644800
2025-03-18 20:00:00+00:00,82718.8046875,82784.3984375,81864.796875,82281.984375,989386752
2025-03-19 00:00:00+00:00,83053.9140625,83204.2421875,82600.421875,82702.765625,407531520
2025-03-19 04:00:00+00:00,83184.4296875,83345.109375,82797.3671875,83051.015625,141819904
2025-03-19 08:00:00+00:00,83870.390625,84035.0,83207.765625,83274.7421875,969973760
2025-03-19 12:00:00+00:00,84726.921875,84841.0859375,83568.1640625,83875.796875,1161107456
2025-03-19 16:00:00+00:00,85317.53125,85915.640625,83650.09375,84738.7109375,6905186304
2025-03-19 20:00:00+00:00,86872.953125,87001.984375,85251.1796875,85445.6875,3157422080
2025-03-20 00:00:00+00:00,85890.8671875,87442.1953125,85701.515625,86870.8671875,1514708992
2025-03-20 04:00:00+00:00,85840.359375,86000.6875,85466.7109375,85894.4453125,1366859776
2025-03-20 08:00:00+00:00,85451.2109375,86286.1484375,84882.2265625,85831.3671875,1376313344
2025-03-20 12:00:00+00:00,84720.1484375,86481.3671875,84666.453125,85477.9765625,1216905216
2025-03-20 16:00:00+00:00,84188.125,84764.0859375,83685.1015625,84658.609375,876400640
2025-03-20 20:00:00+00:00,84164.5390625,84558.46875,83910.2421875,84124.71875,0
2025-03-21 00:00:00+00:00,84417.5390625,84768.9140625,84164.03125,84175.25,0
2025-03-21 04:00:00+00:00,83877.890625,84778.296875,83756.0390625,84416.515625,443750400
2025-03-21 08:00:00+00:00,84026.7890625,84240.5,83729.7890625,83893.7421875,60403712
2025-03-21 12:00:00+00:00,83559.28125,84273.2109375,83223.2265625,84007.5078125,870658048
2025-03-21 16:00:00+00:00,83975.4453125,84325.0,83360.9140625,83541.1953125,0
2025-03-21 20:00:00+00:00,84041.2734375,84519.140625,83840.1328125,83943.96875,90920960
2025-03-22 00:00:00+00:00,84229.65625,84279.15625,83984.7421875,84038.984375,0
2025-03-22 04:00:00+00:00,84237.8515625,84397.78125,84155.9765625,84228.1953125,0
2025-03-22 08:00:00+00:00,84221.40625,84502.8515625,84145.53125,84254.1953125,0
2025-03-22 12:00:00+00:00,84091.9453125,84266.828125,83972.9921875,84213.5234375,0
2025-03-22 16:00:00+00:00,84174.2734375,84289.9296875,84042.0078125,84066.7890625,0
2025-03-22 20:00:00+00:00,83811.0,84201.078125,83684.5546875,84170.5703125,23847936
2025-03-23 00:00:00+00:00,84203.9921875,84257.34375,83812.1171875,83831.8359375,0
2025-03-23 04:00:00+00:00,84279.0703125,84339.9140625,84060.296875,84221.8515625,53281792
2025-03-23 08:00:00+00:00,84657.6328125,84984.34375,84269.3203125,84298.015625,779089920
2025-03-23 12:00:00+00:00,85162.8203125,85215.3359375,84594.1953125,84685.2578125,1125604352
2025-03-23 16:00:00+00:00,85014.390625,85379.03125,84838.828125,85182.9609375,935165952
2025-03-23 20:00:00+00:00,85944.6171875,85944.6171875,84942.4140625,85004.8515625,903709696
2025-03-24 00:00:00+00:00,86461.7265625,86606.125,85541.1953125,86046.8828125,3242938368
2025-03-24 04:00:00+00:00,86898.8359375,87242.59375,86538.1953125,86538.1953125,3859014656
2025-03-24 08:00:00+00:00,87684.4765625,87821.375,86899.140625,86899.140625,2399789056
2025-03-24 12:00:00+00:00,88324.6015625,88702.109375,87158.4375,87681.7890625,6084861952
2025-03-24 16:00:00+00:00,88243.6875,88538.6484375,87734.8203125,88362.3125,3852640256
2025-03-24 20:00:00+00:00,87453.65625,88510.640625,87144.3359375,88284.34375,2528567296
2025-03-25 00:00:00+00:00,86508.71875,87669.4140625,86420.203125,87510.625,89462784
2025-03-25 04:00:00+00:00,86449.3203125,86875.4375,86370.9765625,86530.4609375,227463168
2025-03-25 08:00:00+00:00,87411.875,87491.9296875,86463.0703125,86463.0703125,470376448
2025-03-25 12:00:00+00:00,87877.5,88218.2265625,87000.140625,87442.1171875,531707904
2025-03-25 16:00:00+00:00,88272.265625,88272.265625,87646.4140625,87818.3984375,0
2025-03-25 20:00:00+00:00,87493.1484375,88535.40625,87205.109375,88198.7421875,429010944
2025-03-26 00:00:00+00:00,87159.25,87884.9921875,87117.8515625,87458.625,163766272
2025-03-26 04:00:00+00:00,88172.15625,88288.796875,87129.5234375,87129.5234375,233529344
2025-03-26 08:00:00+00:00,88017.3671875,88275.2421875,87867.296875,88169.9921875,30167040
2025-03-26 12:00:00+00:00,86724.765625,88017.921875,86487.515625,88000.09375,999741440
2025-03-26 16:00:00+00:00,86650.890625,86942.1640625,85861.453125,86744.6015625,498642944
2025-03-26 20:00:00+00:00,86896.2578125,87391.3046875,86573.3359375,86573.3359375,0
2025-03-27 00:00:00+00:00,87692.8046875,87770.09375,86820.3515625,86960.8828125,303136768
2025-03-27 04:00:00+00:00,87425.8828125,87680.8046875,87300.90625,87680.8046875,0
2025-03-27 08:00:00+00:00,86971.6171875,87612.6953125,86835.171875,87426.75,73019392
2025-03-27 12:00:00+00:00,86969.8046875,87521.609375,85859.390625,86872.2265625,1742974976
2025-03-27 16:00:00+00:00,87150.8359375,87411.8125,86803.5390625,86959.234375,40534016
2025-03-27 20:00:00+00:00,87185.234375,87694.921875,86960.3671875,87031.5,0
2025-03-28 00:00:00+00:00,86820.4921875,87482.96875,86768.609375,87214.2109375,315947008
2025-03-28 04:00:00+00:00,85196.1015625,86805.84375,85166.1875,86783.8359375,3551995904
2025-03-28 08:00:00+00:00,85199.296875,85375.71875,84818.9609375,85178.9375,2870444032
2025-03-28 12:00:00+00:00,84025.6171875,85499.3828125,83976.4375,85212.1953125,1694892032
2025-03-28 16:00:00+00:00,83789.859375,84134.6484375,83580.6171875,84020.3125,1897500672
2025-03-28 20:00:00+00:00,84346.375,84467.8828125,83663.984375,83733.7421875,837773312
2025-03-29 00:00:00+00:00,84140.6171875,84567.3359375,83712.2265625,84370.78125,178647040
2025-03-29 04:00:00+00:00,83715.7578125,84195.359375,83644.1640625,84136.5078125,0
2025-03-29 08:00:00+00:00,82248.4921875,83898.8359375,81998.0546875,83698.765625,684879872
2025-03-29 12:00:00+00:00,82383.3671875,82826.7890625,82148.109375,82247.03125,0
2025-03-29 16:00:00+00:00,82454.1640625,82637.1484375,81640.1328125,82452.3359375,0
2025-03-29 20:00:00+00:00,82596.984375,82734.953125,82254.609375,82657.21875,0
2025-03-30 00:00:00+00:00,83045.8125,83456.3984375,82491.0078125,82589.46875,191179776
2025-03-30 04:00:00+00:00,83063.2578125,83279.4140625,82847.2734375,83082.1640625,333272064
2025-03-30 08:00:00+00:00,83089.59375,83500.78125,82981.7109375,83066.1484375,38398976
2025-03-30 12:00:00+00:00,82716.0625,83230.578125,82620.0234375,83125.3515625,256441344
2025-03-30 16:00:00+00:00,82551.7109375,82856.8828125,82071.5390625,82716.515625,0
2025-03-30 20:00:00+00:00,82336.0625,82700.359375,81573.25,82529.40625,1558323200
2025-03-31 00:00:00+00:00,81503.3359375,82418.125,81305.1484375,82418.125,2255218688
2025-03-31 04:00:00+00:00,81849.046875,82260.0234375,81433.3203125,81506.890625,1349508096
2025-03-31 08:00:00+00:00,82138.8203125,82237.640625,81339.8359375,81890.1796875,2596954112
2025-03-31 12:00:00+00:00,83500.625,83853.171875,81729.1171875,82184.1953125,6488889344
2025-03-31 16:00:00+00:00,82571.0078125,83680.265625,82426.8046875,83405.09375,1690540032
2025-03-31 20:00:00+00:00,82551.921875,82761.140625,82268.4375,82431.015625,1040261120
2025-04-01 00:00:00+00:00,82928.46875,83208.359375,82434.3125,82488.625,0
2025-04-01 04:00:00+00:00,83456.796875,83590.9140625,82881.40625,82922.25,21956608
2025-04-01 08:00:00+00:00,83928.7109375,84468.9921875,83530.6171875,83530.6171875,574423040
2025-04-01 12:00:00+00:00,85272.8984375,85461.2890625,82620.53125,83921.3984375,1794129920
2025-04-01 16:00:00+00:00,84829.515625,85457.1328125,84732.8515625,85361.71875,889286656
2025-04-01 20:00:00+00:00,85190.859375,85469.8203125,84814.8828125,84964.9765625,350892032
2025-04-02 00:00:00+00:00,84590.5390625,85233.7109375,84527.6640625,85173.4453125,353110016
2025-04-02 04:00:00+00:00,84376.0625,84694.078125,83939.875,84529.6015625,599162880
2025-04-02 08:00:00+00:00,84554.0859375,85383.4140625,84282.703125,84418.3515625,3371008
2025-04-02 12:00:00+00:00,86824.46875,87282.9609375,84488.28125,84575.4296875,3772014592
2025-04-02 16:00:00+00:00,86891.4609375,87278.6875,86215.5390625,86734.015625,2248579072
2025-04-02 20:00:00+00:00,82487.4765625,87806.703125,82402.765625,86924.0078125,14366971904
2025-04-03 00:00:00+00:00,83483.140625,83874.5390625,82220.53125,82510.796875,5770792960
2025-04-03 04:00:00+00:00,83466.2265625,83699.3203125,83036.78125,83527.0625,684855296
2025-04-03 08:00:00+00:00,83040.90625,83745.03125,83040.90625,83451.953125,858996736
2025-04-03 12:00:00+00:00,82032.515625,83073.21875,81289.203125,83061.203125,1522536448
2025-04-03 16:00:00+00:00,82066.6015625,82299.5546875,81560.5078125,82028.75,765628416
2025-04-03 20:00:00+00:00,83100.25,83226.75,81779.9921875,81941.5546875,0
2025-04-04 00:00:00+00:00,82766.90625,83361.875,82575.4921875,83141.15625,97830912
2025-04-04 04:00:00+00:00,83951.1875,83966.15625,82614.2578125,82791.515625,1025054720
2025-04-04 08:00:00+00:00,82632.359375,84657.0390625,81732.2734375,83975.84375,6301995008
2025-04-04 12:00:00+00:00,82845.3671875,83566.015625,81834.4453125,82661.0859375,2776580096
2025-04-04 16:00:00+00:00,83918.0,84508.8125,82726.0,82832.5,3025289216
2025-04-04 20:00:00+00:00,83843.578125,84392.859375,83478.296875,83965.828125,0
2025-04-05 00:00:00+00:00,83630.8671875,84197.6328125,83459.515625,83852.8203125,6119424
2025-04-05 04:00:00+00:00,83486.171875,83818.125,83321.7734375,83625.609375,0
2025-04-05 08:00:00+00:00,83435.46875,83847.15625,83370.2734375,83489.4375,0
2025-04-05 12:00:00+00:00,82565.71875,83499.40625,82398.4140625,83440.546875,0
2025-04-05 16:00:00+00:00,82776.65625,83073.0234375,82588.0703125,82588.0703125,0
2025-04-05 20:00:00+00:00,83463.734375,83538.65625,82852.5859375,82852.5859375,113639424
2025-04-06 00:00:00+00:00,83312.640625,83704.71875,83177.546875,83501.859375,47315968
2025-04-06 04:00:00+00:00,83011.203125,83491.4453125,83011.203125,83311.1015625,35419136
2025-04-06 08:00:00+00:00,82799.0546875,83094.96875,82633.71875,82976.3359375,55005184
2025-04-06 12:00:00+00:00,82554.34375,82913.71875,82252.421875,82802.96875,398101504
2025-04-06 16:00:00+00:00,79597.0703125,82522.015625,78923.8515625,82522.015625,10647505920
2025-04-06 20:00:00+00:00,78088.5625,79805.9921875,77128.8671875,79610.0078125,12269324288
2025-04-07 00:00:00+00:00,77577.6953125,79247.484375,77342.484375,78337.90625,8090198016
2025-04-07 04:00:00+00:00,75091.953125,77875.6640625,74467.703125,77712.2421875,16420728832
2025-04-07 08:00:00+00:00,76615.1015625,77456.6875,75052.453125,75052.453125,10869821440
2025-04-07 12:00:00+00:00,78683.6015625,81111.015625,75888.9140625,76635.1015625,25968164864
2025-04-07 16:00:00+00:00,78234.46875,79222.3203125,77345.265625,78457.703125,1285521408
2025-04-07 20:00:00+00:00,79218.4765625,80163.1171875,78064.828125,78064.828125,735985664
2025-04-08 00:00:00+00:00,79824.203125,80823.890625,78960.1796875,79140.75,274046976
2025-04-08 04:00:00+00:00,79475.4921875,80328.3515625,79252.625,79871.03125,0
2025-04-08 08:00:00+00:00,79869.5703125,79877.5,78843.546875,79471.5625,0
2025-04-08 12:00:00+00:00,78486.2109375,80215.0234375,78179.15625,79964.4609375,0
2025-04-08 16:00:00+00:00,76786.71875,78467.6171875,76331.171875,78467.6171875,627417088
2025-04-08 20:00:00+00:00,76273.5625,77184.7109375,76222.8515625,76826.328125,632819712
2025-04-09 00:00:00+00:00,75003.03125,76724.09375,74627.609375,76261.1015625,3769724928
2025-04-09 04:00:00+00:00,77739.625,77879.0234375,75015.4921875,75015.4921875,5764890624
2025-04-09 08:00:00+00:00,76133.125,77815.171875,75773.0703125,77674.0625,3136839680
2025-04-09 12:00:00+00:00,77112.640625,78174.265625,76028.3671875,76178.4453125,2302369792
2025-04-09 16:00:00+00:00,82227.609375,82842.078125,77165.296875,77192.15625,15603548160
2025-04-09 20:00:00+00:00,82565.9765625,83528.5703125,82035.84375,82288.203125,6849503232
2025-04-10 00:00:00+00:00,81660.9296875,82651.2734375,81449.4296875,82610.3125,0
2025-04-10 04:00:00+00:00,81566.0546875,82290.09375,81335.40625,81787.625,0
2025-04-10 08:00:00+00:00,81824.625,82086.09375,81342.109375,81562.390625,652460032
2025-04-10 12:00:00+00:00,78640.9453125,82338.9375,78640.9453125,81835.203125,1840529408
2025-04-10 16:00:00+00:00,79790.328125,79790.328125,78577.8203125,78699.6171875,2340438016
2025-04-10 20:00:00+00:00,79625.046875,79959.46875,79404.1015625,79589.046875,164753408
2025-04-11 00:00:00+00:00,80762.4921875,80792.703125,78969.890625,79557.734375,1128370176
2025-04-11 04:00:00+00:00,81211.6484375,81361.5625,80485.4375,80780.609375,1697947648
2025-04-11 08:00:00+00:00,82134.5859375,82893.015625,80829.265625,81220.4921875,3252387840
2025-04-11 12:00:00+00:00,82480.0625,83216.5234375,81316.6796875,82098.9140625,458985472
2025-04-11 16:00:00+00:00,83853.390625,84140.921875,82008.125,82462.4765625,221515776
2025-04-11 20:00:00+00:00,83404.515625,84199.625,83135.8671875,83802.046875,1299824640
2025-04-12 00:00:00+00:00,82927.84375,83485.6953125,82815.3203125,83392.3828125,78069760
2025-04-12 04:00:00+00:00,83667.4140625,83764.359375,82833.3359375,82931.6328125,89047040
2025-04-12 08:00:00+00:00,83494.9140625,83912.8359375,83287.6953125,83696.9296875,0
2025-04-12 12:00:00+00:00,85001.0234375,85359.71875,83461.3984375,83488.9140625,420292608
2025-04-12 16:00:00+00:00,84894.3671875,85168.515625,84425.6484375,84980.9296875,368056320
2025-04-12 20:00:00+00:00,85279.46875,85798.859375,84896.0625,84919.4453125,390633472
2025-04-13 00:00:00+00:00,85383.8203125,85862.5,84773.6171875,85269.2890625,3289784320
2025-04-13 04:00:00+00:00,84448.8515625,85408.8125,84386.4453125,85408.8125,1961814016
2025-04-13 08:00:00+00:00,84445.3359375,84904.203125,84264.90625,84401.25,894849024
2025-04-13 12:00:00+00:00,83793.859375,84611.7421875,83492.0390625,84481.453125,0
2025-04-13 16:00:00+00:00,83916.5859375,84912.96875,83180.84375,83803.90625,2571825152
2025-04-13 20:00:00+00:00,83694.5234375,84311.96875,83044.5625,83926.84375,2158389248
2025-04-14 00:00:00+00:00,84494.984375,85436.59375,83706.9453125,83706.9453125,3363880960
2025-04-14 04:00:00+00:00,84559.5859375,85041.1953125,84264.40625,84533.3125,299986944
2025-04-14 08:00:00+00:00,84869.34375,84900.078125,84263.28125,84533.75,1438023680
2025-04-14 12:00:00+00:00,84114.8125,85746.6484375,83778.3203125,84903.578125,3802699776
2025-04-14 16:00:00+00:00,84881.8125,85164.6015625,83898.5078125,84123.9296875,1103462400
2025-04-14 20:00:00+00:00,84539.6953125,84932.6328125,84440.9609375,84887.25,333803520
2025-04-15 00:00:00+00:00,85353.8046875,85353.8046875,84366.171875,84561.34375,0
2025-04-15 04:00:00+00:00,85661.09375,85795.9921875,85154.375,85357.7109375,1092759552
2025-04-15 08:00:00+00:00,85554.703125,85962.03125,85385.03125,85695.6875,361129984
2025-04-15 12:00:00+00:00,84793.171875,86411.9296875,84646.859375,85567.8046875,1959340032
2025-04-15 16:00:00+00:00,84010.5234375,85088.8125,83923.1328125,84873.625,284069888
2025-04-15 20:00:00+00:00,83674.5078125,84203.8984375,83606.3515625,84000.375,1146757120
2025-04-16 00:00:00+00:00,83704.734375,83924.328125,83145.7109375,83617.484375,612804608
2025-04-16 04:00:00+00:00,83325.65625,83774.890625,83228.90625,83696.3125,654243840
2025-04-16 08:00:00+00:00,84029.796875,84106.3046875,83170.4296875,83334.8125,1646422016
2025-04-16 12:00:00+00:00,84879.2421875,85232.09375,83598.4375,84025.234375,1359015936
2025-04-16 16:00:00+00:00,84382.3984375,85414.34375,83314.8515625,84836.3984375,3710349312
2025-04-16 20:00:00+00:00,84030.671875,84665.296875,84030.671875,84350.5546875,941094912
2025-04-17 00:00:00+00:00,83994.875,84472.234375,83832.2734375,84028.8828125,140847104
2025-04-17 04:00:00+00:00,84622.6953125,84970.3046875,83906.1875,83992.5078125,288423936
2025-04-17 08:00:00+00:00,84553.984375,84737.1875,84217.328125,84637.96875,1037174784
2025-04-17 12:00:00+00:00,84502.734375,84826.5859375,83798.46875,84540.609375,59475968
2025-04-17 16:00:00+00:00,84896.4375,85440.8671875,84412.265625,84520.0234375,2637375488
2025-04-17 20:00:00+00:00,84900.1875,85137.7265625,84748.84375,84870.2265625,504631296
2025-04-18 00:00:00+00:00,84816.9921875,85076.953125,84738.859375,84921.125,582914048
2025-04-18 04:00:00+00:00,84624.2265625,84827.1640625,84443.1640625,84823.7890625,0
2025-04-18 08:00:00+00:00,84607.3125,84744.4140625,84482.1171875,84624.9296875,601878528
2025-04-18 12:00:00+00:00,84359.8203125,84732.7421875,84340.1328125,84618.8359375,118646784
2025-04-18 16:00:00+00:00,84522.2578125,84617.03125,84337.4921875,84365.1171875,0
2025-04-18 20:00:00+00:00,84450.8671875,84646.6484375,84350.28125,84531.703125,38034432
2025-04-19 00:00:00+00:00,84887.9453125,84947.4296875,84359.6015625,84450.2890625,393018368
2025-04-19 04:00:00+00:00,85202.8046875,85226.546875,84881.1640625,84881.1640625,704295936
2025-04-19 08:00:00+00:00,85216.390625,85420.25,85098.9609375,85207.8046875,758254592
2025-04-19 12:00:00+00:00,85185.265625,85571.2109375,85128.34375,85202.6171875,886646784
2025-04-19 16:00:00+00:00,85087.8359375,85307.625,84744.6875,85165.765625,1488531456
2025-04-19 20:00:00+00:00,85066.0703125,85342.21875,85039.046875,85080.234375,2186240
2025-04-20 00:00:00+00:00,85151.6875,85299.2578125,85052.9453125,85071.359375,392680448
2025-04-20 04:00:00+00:00,84786.0546875,85228.3359375,84686.4375,85165.9765625,1218136064
2025-04-20 08:00:00+00:00,84126.890625,84786.9765625,83992.4765625,84786.9765625,1517074432
2025-04-20 12:00:00+00:00,84359.3671875,84633.2421875,84092.9609375,84131.7265625,1191866368
2025-04-20 16:00:00+00:00,84644.1953125,84649.34375,84312.9375,84354.2578125,0
2025-04-20 20:00:00+00:00,85171.5390625,85240.953125,84593.59375,84640.171875,2350407680
2025-04-21 00:00:00+00:00,87203.0546875,87578.109375,85147.6171875,85169.609375,9047961600
2025-04-21 04:00:00+00:00,87435.6796875,87668.796875,87051.28125,87189.5234375,2769821696
2025-04-21 08:00:00+00:00,86966.71875,87712.421875,86682.2578125,87436.1953125,2259200000
2025-04-21 12:00:00+00:00,88072.875,88425.1015625,86809.3046875,86978.625,7489001472
2025-04-21 16:00:00+00:00,87380.0625,88254.21875,86410.5859375,88080.3671875,6834905088
2025-04-21 20:00:00+00:00,87521.875,87567.34375,86968.1171875,87429.9921875,1297154048
2025-04-22 00:00:00+00:00,88116.859375,88821.46875,87084.53125,87514.0078125,775372800
2025-04-22 04:00:00+00:00,88456.234375,88456.234375,87974.03125,88137.03125,662061056
2025-04-22 08:00:00+00:00,88618.6015625,88674.625,88282.71875,88445.25,569917440
2025-04-22 12:00:00+00:00,90849.25,91447.1953125,88520.6875,88615.65625,7481921536
2025-04-22 16:00:00+00:00,91399.7265625,91731.078125,90711.4453125,90941.265625,876437504
2025-04-22 20:00:00+00:00,93477.8984375,93784.2265625,91117.15625,91529.0859375,11676127232
2025-04-23 00:00:00+00:00,93178.5546875,93819.9296875,92651.6796875,93466.1171875,2166321152
2025-04-23 04:00:00+00:00,93890.5859375,93896.5,93057.828125,93181.4921875,1383735296
2025-04-23 08:00:00+00:00,93437.2578125,94430.40625,93376.546875,94146.890625,3968446464
2025-04-23 12:00:00+00:00,93091.9609375,94171.859375,91973.3203125,93484.953125,0
2025-04-23 16:00:00+00:00,93603.5390625,94206.046875,92940.2734375,93212.34375,921776128
2025-04-23 20:00:00+00:00,93692.3984375,93904.4609375,93299.296875,93559.171875,0
2025-04-24 00:00:00+00:00,92711.703125,93801.390625,92711.703125,93703.2578125,175923200
2025-04-24 04:00:00+00:00,92212.96875,92904.515625,92144.90625,92695.515625,851755008
2025-04-24 08:00:00+00:00,92606.1640625,92648.6640625,91719.390625,92213.8828125,938668032
2025-04-24 12:00:00+00:00,93279.3828125,93420.6484375,92462.625,92619.4609375,1454600192
2025-04-24 16:00:00+00:00,93678.234375,93684.5078125,92741.8046875,93244.96875,0
2025-04-24 20:00:00+00:00,93907.7734375,94006.1796875,93093.734375,93621.09375,1303644160
2025-04-25 00:00:00+00:00,93310.953125,94430.8828125,92901.4609375,93986.8828125,1819336704
2025-04-25 04:00:00+00:00,93797.2109375,93854.3125,93069.3359375,93327.1328125,1434408960
2025-04-25 08:00:00+00:00,94618.296875,94618.296875,93593.328125,93803.5078125,120262656
2025-04-25 12:00:00+00:00,95161.7734375,95757.453125,94044.9296875,94773.7421875,9198032896
2025-04-25 16:00:00+00:00,95300.015625,95580.46875,94452.953125,95141.4375,2278948864
2025-04-25 20:00:00+00:00,94720.5,95386.6796875,94571.046875,95355.859375,1512108032
2025-04-26 00:00:00+00:00,94787.9765625,95251.359375,94630.8359375,94708.265625,600268800
2025-04-26 04:00:00+00:00,94683.5546875,94850.09375,94495.53125,94788.390625,569225216
2025-04-26 08:00:00+00:00,94195.65625,94698.75,94067.3984375,94649.5625,244834304
2025-04-26 12:00:00+00:00,94417.96875,94428.4609375,93948.1640625,94178.5,0
2025-04-26 16:00:00+00:00,94277.0546875,94406.25,94146.6640625,94406.25,0
2025-04-26 20:00:00+00:00,94660.90625,94886.15625,94146.0703125,94351.9453125,768419840
2025-04-27 00:00:00+00:00,94188.0390625,95296.8828125,94175.0234375,94662.34375,1824530432
2025-04-27 04:00:00+00:00,94105.1015625,94305.2265625,93794.0234375,94189.2109375,1274636288
2025-04-27 08:00:00+00:00,93996.9375,94340.671875,93925.09375,94105.0390625,0
2025-04-27 12:00:00+00:00,93959.15625,94190.8125,93670.03125,93978.5390625,680479744
2025-04-27 16:00:00+00:00,94436.8125,94450.5,93799.65625,93952.890625,516644864
2025-04-27 20:00:00+00:00,93755.3046875,94519.9453125,93728.6640625,94458.4140625,783699968
2025-04-28 00:00:00+00:00,93895.171875,93945.2109375,92879.1484375,93767.9921875,1669832704
2025-04-28 04:00:00+00:00,94730.0,94799.3828125,93874.1640625,93874.1640625,1548939264
2025-04-28 08:00:00+00:00,95274.96875,95555.1171875,94397.8359375,94727.765625,3441635328
2025-04-28 12:00:00+00:00,93787.671875,95589.984375,93680.640625,95314.6875,6866204672
2025-04-28 16:00:00+00:00,94834.171875,94937.609375,93523.8671875,93849.6328125,2224246784
2025-04-28 20:00:00+00:00,94981.859375,95189.1484375,94325.515625,94828.6015625,1202501632
2025-04-29 00:00:00+00:00,94695.6484375,95440.0,94524.2578125,95048.90625,726161408
2025-04-29 04:00:00+00:00,94963.578125,94995.53125,94248.984375,94691.2734375,1873362944
2025-04-29 08:00:00+00:00,95171.171875,95282.4609375,94813.2578125,94957.8125,369389568
2025-04-29 12:00:00+00:00,94846.7890625,95242.609375,94656.3515625,95157.625,20088832
2025-04-29 16:00:00+00:00,95372.0625,95471.6171875,94746.078125,94865.2265625,1751138304
2025-04-29 20:00:00+00:00,94286.46875,95397.484375,93821.1015625,95339.4140625,2903443456
2025-04-30 00:00:00+00:00,95023.671875,95139.015625,94200.046875,94272.21875,2198333440
2025-04-30 04:00:00+00:00,94621.2578125,95127.7265625,94550.1953125,95036.8046875,796246016
2025-04-30 08:00:00+00:00,95223.5390625,95223.5390625,94569.4375,94635.9140625,0
2025-04-30 12:00:00+00:00,94036.4453125,95213.5625,93036.0859375,95208.84375,5942949888
2025-04-30 16:00:00+00:00,94237.2421875,94447.7109375,93629.6484375,94021.3515625,10967040
2025-04-30 20:00:00+00:00,94212.859375,94733.9609375,94030.8515625,94168.609375,1758932992
2025-05-01 00:00:00+00:00,94788.671875,94985.359375,94169.390625,94169.390625,1616900096
2025-05-01 04:00:00+00:00,95050.1484375,95187.2109375,94755.6640625,94782.890625,831299584
2025-05-01 08:00:00+00:00,96214.0,96319.4609375,94943.921875,95041.78125,3455442944
2025-05-01 12:00:00+00:00,96926.359375,97348.703125,95895.8671875,96213.5546875,2616047616
2025-05-01 16:00:00+00:00,96538.296875,97386.546875,96494.0234375,96912.953125,1208969216
2025-05-01 20:00:00+00:00,96494.96875,96886.7578125,96242.7421875,96546.3515625,1519153152
2025-05-02 00:00:00+00:00,97134.0234375,97235.8984375,96491.53125,96491.53125,685643776
2025-05-02 04:00:00+00:00,96419.15625,97251.46875,96390.5625,97125.703125,1763090432
2025-05-02 08:00:00+00:00,96969.28125,97070.1953125,96381.7890625,96381.7890625,0
2025-05-02 12:00:00+00:00,97394.171875,97888.984375,96723.515625,96956.03125,0
2025-05-02 16:00:00+00:00,96983.0703125,97804.046875,96806.9375,97365.796875,22476800
2025-05-02 20:00:00+00:00,96904.6328125,97157.296875,96604.578125,96953.3125,809535488
2025-05-03 00:00:00+00:00,96389.1328125,96933.765625,96353.7890625,96917.78125,139544576
2025-05-03 04:00:00+00:00,96375.796875,96617.84375,96201.8828125,96372.890625,0
2025-05-03 08:00:00+00:00,95955.53125,96439.5546875,95914.9375,96342.9765625,389076992
2025-05-03 12:00:00+00:00,96442.15625,96523.9609375,95926.7890625,95961.5390625,0
2025-05-03 16:00:00+00:00,96383.1953125,96442.59375,95954.5,96435.0078125,77124608
2025-05-03 20:00:00+00:00,95877.1875,96434.0,95835.59375,96376.796875,657005568
2025-05-04 00:00:00+00:00,95811.625,96290.4140625,95664.4765625,95853.4921875,1080810496
2025-05-04 04:00:00+00:00,95886.1875,96153.4296875,95755.84375,95765.6328125,795664384
2025-05-04 08:00:00+00:00,95418.0859375,95936.8359375,95374.4375,95914.2890625,22388736
2025-05-04 12:00:00+00:00,95474.78125,95682.8828125,95286.6796875,95433.6640625,598064128
2025-05-04 16:00:00+00:00,95571.0,95639.609375,95303.1328125,95473.4296875,379224064
2025-05-04 20:00:00+00:00,94319.5625,95762.1796875,94210.3203125,95582.953125,2996675584
2025-05-05 00:00:00+00:00,94055.65625,94795.015625,93662.453125,94270.5546875,2862303232
2025-05-05 04:00:00+00:00,94732.921875,94767.703125,94081.984375,94090.90625,1028585472
2025-05-05 08:00:00+00:00,94098.9453125,94751.1171875,93922.4453125,94751.1171875,777230336
2025-05-05 12:00:00+00:00,93708.7734375,94521.6875,93633.9296875,94040.125,3330263040
2025-05-05 16:00:00+00:00,94367.7734375,94873.4453125,93751.25,93751.25,2186455040
2025-05-05 20:00:00+00:00,94748.3828125,95188.4140625,93892.890625,94323.046875,2013186048
2025-05-06 00:00:00+00:00,94459.703125,94897.0625,94056.015625,94746.0390625,575076352
2025-05-06 04:00:00+00:00,94414.4609375,94598.4453125,94321.640625,94448.9921875,588781568
2025-05-06 08:00:00+00:00,93799.7265625,94391.21875,93710.2421875,94391.21875,2513981440
2025-05-06 12:00:00+00:00,94558.671875,94709.1484375,93438.1484375,93766.890625,1142691840
2025-05-06 16:00:00+00:00,94948.0859375,95146.25,94239.15625,94542.515625,466831360
2025-05-06 20:00:00+00:00,96800.1953125,96871.4296875,94494.875,94986.140625,3595479040
2025-05-07 00:00:00+00:00,96498.4140625,97596.3515625,96216.65625,96885.28125,5227696128
2025-05-07 04:00:00+00:00,97023.5,97023.5,96335.4375,96502.984375,1413656576
2025-05-07 08:00:00+00:00,97007.828125,97093.8515625,96869.0,96998.890625,2578028544
2025-05-07 12:00:00+00:00,96970.6953125,97483.8203125,96736.8046875,97020.8046875,4660285440
2025-05-07 16:00:00+00:00,96197.09375,96941.375,95866.6796875,96941.375,41114308608
2025-05-07 20:00:00+00:00,97034.25,97397.1640625,96146.7265625,96215.96875,7118979072
2025-05-08 00:00:00+00:00,99143.9921875,99143.9921875,96926.1796875,97037.6875,3705528320
2025-05-08 04:00:00+00:00,99259.609375,99386.75,98761.0234375,99150.4375,7734886400
2025-05-08 08:00:00+00:00,99445.6796875,99860.5,99232.8359375,99261.2421875,2608406528
2025-05-08 12:00:00+00:00,100842.921875,101513.40625,99122.6796875,99442.78125,4489609216
2025-05-08 16:00:00+00:00,101135.890625,101688.53125,100631.5234375,101013.0859375,5609881600
2025-05-08 20:00:00+00:00,103239.125,103776.3203125,101286.3515625,101286.3515625,8894033920
2025-05-09 00:00:00+00:00,102404.171875,103256.203125,102356.9375,103256.203125,289488896
2025-05-09 04:00:00+00:00,103727.40625,104178.1171875,102378.6171875,102427.640625,2758832128
2025-05-09 08:00:00+00:00,103010.375,103875.1640625,102480.7109375,103704.4609375,6325903360
2025-05-09 12:00:00+00:00,102872.546875,103771.9609375,102489.21875,102937.625,209199104
2025-05-09 16:00:00+00:00,103134.65625,103361.8359375,102377.6875,102883.390625,312377344
2025-05-09 20:00:00+00:00,102974.2578125,103418.5,102776.59375,103164.9921875,24674304
2025-05-10 00:00:00+00:00,103196.5703125,103244.140625,102842.6953125,102996.7890625,0
2025-05-10 04:00:00+00:00,103817.40625,104041.953125,103064.9765625,103205.40625,0
2025-05-10 08:00:00+00:00,103415.7890625,103999.3046875,103406.3203125,103805.2734375,0
2025-05-10 12:00:00+00:00,103176.0546875,103783.765625,103174.0859375,103449.84375,0
2025-05-10 16:00:00+00:00,103207.4453125,103548.0625,103079.3203125,103156.171875,677859328
2025-05-10 20:00:00+00:00,104701.0703125,104916.953125,103118.515625,103213.5625,4851908608
2025-05-11 00:00:00+00:00,104055.6796875,104908.265625,103528.4765625,104692.9609375,2852237312
2025-05-11 04:00:00+00:00,103425.828125,104363.390625,103425.828125,104049.0234375,528785408
2025-05-11 08:00:00+00:00,104674.3828125,104715.671875,103394.8671875,103394.8671875,390885376
2025-05-11 12:00:00+00:00,104156.5390625,104813.875,103834.3125,104665.7734375,3236831232
2025-05-11 16:00:00+00:00,104438.7890625,104803.5546875,103813.6328125,104153.546875,1988763648
2025-05-11 20:00:00+00:00,104106.9609375,104513.6953125,103617.90625,104447.203125,1691914240
2025-05-12 00:00:00+00:00,104078.9296875,105015.796875,103724.8046875,104126.796875,1325793280
2025-05-12 04:00:00+00:00,104466.96875,105686.765625,103769.9921875,104090.8203125,4492029952
2025-05-12 08:00:00+00:00,103752.0625,104720.5703125,103715.2265625,104486.921875,2530070528
2025-05-12 12:00:00+00:00,102535.0078125,104588.8671875,102479.5390625,103757.0546875,7014277120
2025-05-12 16:00:00+00:00,101806.8359375,103078.8828125,101023.7578125,102509.984375,4117430272
2025-05-12 20:00:00+00:00,102812.4921875,103119.09375,101781.6484375,101862.5078125,2187661312
2025-05-13 00:00:00+00:00,101756.9296875,102809.5859375,101578.5859375,102809.5859375,2417217536
2025-05-13 04:00:00+00:00,102644.203125,102917.65625,101711.2109375,101711.2109375,1652146176
2025-05-13 08:00:00+00:00,103705.9375,103830.4296875,102581.2109375,102680.6796875,0
2025-05-13 12:00:00+00:00,103656.6953125,103906.65625,102919.890625,103741.71875,219295744
2025-05-13 16:00:00+00:00,104718.34375,104987.0546875,103579.9921875,103698.0703125,1584410624
2025-05-13 20:00:00+00:00,104167.328125,104846.1484375,103996.3125,104846.1484375,1672003584
2025-05-14 00:00:00+00:00,103570.0,104159.984375,103469.7890625,104159.984375,16487194624
2025-05-14 04:00:00+00:00,103775.3671875,103953.2265625,103420.921875,103535.578125,734117888
2025-05-14 08:00:00+00:00,103917.234375,104075.6328125,102937.3984375,103706.40625,1246699520
2025-05-14 12:00:00+00:00,103488.6953125,104269.484375,102890.1953125,103943.3671875,1598398464
2025-05-14 16:00:00+00:00,103299.3046875,103723.375,102632.3515625,103500.7578125,555749376
2025-05-14 20:00:00+00:00,103538.828125,103660.71875,103329.71875,103350.4609375,255946752
2025-05-15 00:00:00+00:00,102780.8125,103872.421875,102769.4375,103531.7265625,217448448
2025-05-15 04:00:00+00:00,101819.8515625,102940.0234375,101752.96875,102757.2421875,1731903488
2025-05-15 08:00:00+00:00,102374.3203125,102435.7578125,101548.4921875,101956.3515625,849629184
2025-05-15 12:00:00+00:00,103227.4765625,103258.15625,101450.0703125,102395.5625,344428544
2025-05-15 16:00:00+00:00,103219.03125,104148.5859375,102643.234375,103270.8125,3376173056
2025-05-15 20:00:00+00:00,103735.65625,103947.8515625,102777.46875,103185.015625,3193786368
2025-05-16 00:00:00+00:00,104033.7421875,104416.515625,103496.921875,103752.484375,2468904960
2025-05-16 04:00:00+00:00,103732.0546875,104178.3046875,103732.0546875,104041.1328125,1428725760
2025-05-16 08:00:00+00:00,103676.6640625,103901.8359375,103137.4765625,103741.125,1266733056
2025-05-16 12:00:00+00:00,104135.71875,104178.8203125,103396.75,103665.6171875,473636864
2025-05-16 16:00:00+00:00,104017.1328125,104485.3828125,103618.0,104173.96875,66191360
2025-05-16 20:00:00+00:00,103489.2890625,104023.0390625,103448.0,104021.8984375,659333120
2025-05-17 00:00:00+00:00,103541.1875,103559.625,102675.53125,103495.78125,602316800
2025-05-17 04:00:00+00:00,103450.328125,103695.9453125,103308.7578125,103526.1640625,2821271552
2025-05-17 08:00:00+00:00,103014.3203125,103558.3046875,102787.21875,103473.390625,853356544
2025-05-17 12:00:00+00:00,102985.5078125,103168.0859375,102691.1796875,103017.671875,0
2025-05-17 16:00:00+00:00,103207.40625,103311.484375,102792.21875,102967.3046875,842035200
2025-05-17 20:00:00+00:00,103186.953125,103458.5625,102965.75,103181.234375,1455583232
2025-05-18 00:00:00+00:00,103300.5390625,103433.109375,103142.6015625,103142.6015625,0
2025-05-18 04:00:00+00:00,103925.90625,103925.90625,103306.6328125,103309.5390625,853061632
2025-05-18 08:00:00+00:00,103826.7578125,104053.3046875,103811.40625,103920.3046875,1061601280
2025-05-18 12:00:00+00:00,105519.203125,105633.53125,103740.4140625,103820.3359375,3377217536
2025-05-18 16:00:00+00:00,103907.015625,105896.2421875,103907.015625,105527.609375,4891488256
2025-05-18 20:00:00+00:00,106430.53125,106478.453125,103439.890625,103938.015625,7925399552
2025-05-19 00:00:00+00:00,103606.625,107038.7890625,103606.625,106516.1640625,6685118464
2025-05-19 04:00:00+00:00,103232.515625,103705.09375,102112.6875,103610.1796875,6838169600
2025-05-19 08:00:00+00:00,102980.1953125,103341.0390625,102830.8203125,103244.25,1221713920
2025-05-19 12:00:00+00:00,104832.3203125,104933.6640625,102179.6171875,102992.2109375,2347270144
2025-05-19 16:00:00+00:00,105494.4296875,105567.3125,104542.2109375,104872.8125,2570670080
2025-05-19 20:00:00+00:00,105605.40625,105806.84375,105064.5859375,105536.28125,1156358144
2025-05-20 00:00:00+00:00,105751.53125,106793.4296875,105546.921875,105619.671875,757460992
2025-05-20 04:00:00+00:00,105084.9453125,106415.203125,104987.2734375,105761.4140625,0
2025-05-20 08:00:00+00:00,105222.5078125,105392.453125,104929.625,105038.5390625,773152768
2025-05-20 12:00:00+00:00,105382.1796875,105399.671875,104206.515625,105214.1796875,69763072
2025-05-20 16:00:00+00:00,107051.0859375,107239.5625,105150.828125,105364.25,3107307520
2025-05-20 20:00:00+00:00,106791.3125,107264.3203125,106003.8828125,107051.265625,2019000320
2025-05-21 00:00:00+00:00,106904.7265625,107194.78125,106259.4765625,106853.828125,14892376064
2025-05-21 04:00:00+00:00,106600.3515625,107994.7265625,106547.765625,106871.2890625,4587220992
2025-05-21 08:00:00+00:00,106571.1875,106791.28125,106141.8671875,106536.3359375,1722576896
2025-05-21 12:00:00+00:00,109026.0390625,109468.1015625,106385.5078125,106580.9453125,8856862720
2025-05-21 16:00:00+00:00,108799.6328125,109721.9453125,106246.859375,109032.09375,11124097024
2025-05-21 20:00:00+00:00,109673.4921875,110601.0234375,107802.4921875,108682.5625,5582249984
2025-05-22 00:00:00+00:00,111804.109375,111818.671875,109316.8671875,109666.359375,10301693952
2025-05-22 04:00:00+00:00,111099.515625,111746.1171875,110493.828125,111746.1171875,3870523392
2025-05-22 08:00:00+00:00,111036.171875,111254.65625,110293.1171875,111052.40625,1634377728
2025-05-22 12:00:00+00:00,111236.671875,111567.078125,110578.3046875,110986.5625,2647089152
2025-05-22 16:00:00+00:00,111056.421875,111944.5,111030.8984375,111315.7578125,0
2025-05-22 20:00:00+00:00,111679.359375,111680.96875,110789.8359375,111183.1171875,773611520
2025-05-23 00:00:00+00:00,111129.171875,111798.90625,111025.4609375,111699.9921875,0
2025-05-23 04:00:00+00:00,110746.8671875,111173.703125,110402.1328125,111118.609375,0
2025-05-23 08:00:00+00:00,109068.375,111328.46875,109068.375,110714.8671875,15360000
2025-05-23 12:00:00+00:00,109100.03125,109975.1875,107450.4921875,109040.1015625,9215569920
2025-05-23 16:00:00+00:00,108867.4140625,109790.109375,108100.5859375,108961.1171875,2382606336
2025-05-23 20:00:00+00:00,107278.5078125,108718.78125,106841.3046875,108718.6328125,1762684928
2025-05-24 00:00:00+00:00,108297.6015625,108310.5234375,106924.4453125,107334.59375,0
2025-05-24 04:00:00+00:00,107683.015625,108570.71875,107683.015625,108335.84375,3928064
2025-05-24 08:00:00+00:00,109175.640625,109444.6015625,107615.8125,107615.8125,892911616
2025-05-24 12:00:00+00:00,108936.2421875,109246.6484375,108560.59375,109216.2265625,0
2025-05-24 16:00:00+00:00,108977.296875,109176.7421875,108744.75,108947.6953125,0
2025-05-24 20:00:00+00:00,107802.2734375,109096.2109375,107539.4375,108968.1171875,1007595520
2025-05-25 00:00:00+00:00,108152.6796875,108261.5,107268.296875,107789.9375,1613922304
2025-05-25 04:00:00+00:00,107681.3203125,108272.546875,107518.0546875,108136.09375,0
2025-05-25 08:00:00+00:00,107272.375,107691.1953125,106784.65625,107691.1953125,1736974336
2025-05-25 12:00:00+00:00,106982.8359375,107725.609375,106862.7890625,107269.3828125,1482403840
2025-05-25 16:00:00+00:00,107779.9375,107881.9921875,106725.8828125,106999.5,1956093952
2025-05-25 20:00:00+00:00,109023.78125,109313.3046875,107214.1484375,107738.828125,1421840384
2025-05-26 00:00:00+00:00,109657.28125,109840.2734375,108765.6328125,109020.796875,1254367232
2025-05-26 04:00:00+00:00,110074.953125,110193.421875,109428.6015625,109666.1796875,2314379264
2025-05-26 08:00:00+00:00,109754.9296875,110183.578125,109605.09375,110120.1171875,623185920
2025-05-26 12:00:00+00:00,110030.4140625,110354.9375,109569.578125,109769.640625,435945472
2025-05-26 16:00:00+00:00,109144.5625,110364.84375,108917.8125,110035.890625,1354211328
2025-05-26 20:00:00+00:00,109440.40625,109872.9453125,109007.25,109145.71875,1129553920
2025-05-27 00:00:00+00:00,108921.5703125,109649.484375,107650.1953125,109459.1796875,4784611328
2025-05-27 04:00:00+00:00,109485.7890625,109612.9453125,108621.4375,108902.5625,1274945536
2025-05-27 08:00:00+00:00,109569.9609375,109896.9921875,109478.828125,109486.0703125,1158713344
2025-05-27 12:00:00+00:00,110124.953125,110744.2109375,108793.234375,109577.8828125,5237501952
2025-05-27 16:00:00+00:00,109877.84375,110511.5546875,109661.078125,110182.1015625,2850291712
2025-05-27 20:00:00+00:00,108992.171875,109918.96875,108681.484375,109873.703125,1673871360
2025-05-28 00:00:00+00:00,108919.7578125,109270.5390625,108483.0546875,108981.1875,193613824
2025-05-28 04:00:00+00:00,108853.1484375,109104.015625,108683.9296875,108928.5234375,36802560
2025-05-28 08:00:00+00:00,108902.1171875,109129.15625,108368.6875,108853.7578125,228151296
2025-05-28 12:00:00+00:00,107127.671875,109073.8671875,107127.671875,108901.375,194473984
2025-05-28 16:00:00+00:00,107142.9921875,107853.0859375,107043.40625,107139.46875,121647104
2025-05-28 20:00:00+00:00,107795.5703125,108034.8984375,106815.796875,106982.2421875,2327126016
2025-05-29 00:00:00+00:00,108042.453125,108472.3515625,107489.9765625,107796.3359375,780046336
2025-05-29 04:00:00+00:00,107865.296875,108109.96875,107192.5859375,108054.5,2101153792
2025-05-29 08:00:00+00:00,108751.71875,108904.2578125,107772.328125,107876.078125,1749065728
2025-05-29 12:00:00+00:00,107053.9296875,108790.5390625,106512.859375,108778.1484375,1202950144
2025-05-29 16:00:00+00:00,105747.8984375,107130.4921875,105661.8046875,107040.5703125,1802510336
2025-05-29 20:00:00+00:00,105646.2109375,106444.9921875,105374.3984375,105730.46875,3805585408
2025-05-30 00:00:00+00:00,105985.21875,106190.6328125,104832.375,105593.25,2523488256
2025-05-30 04:00:00+00:00,104966.640625,106301.234375,104814.046875,106034.640625,3446976512
2025-05-30 08:00:00+00:00,105956.578125,105956.578125,104660.796875,105030.484375,2458251264
2025-05-30 12:00:00+00:00,105571.359375,105969.9140625,105120.1328125,105899.8515625,1609388032
2025-05-30 16:00:00+00:00,104706.25,105543.328125,103726.5859375,105543.328125,613396480
2025-05-30 20:00:00+00:00,103994.71875,104885.6328125,103709.8671875,104624.25,255565824
2025-05-31 00:00:00+00:00,103673.4296875,104294.1171875,103185.2109375,104007.5859375,957730816
2025-05-31 04:00:00+00:00,103804.96875,103925.6171875,103528.3359375,103673.4296875,0
2025-05-31 08:00:00+00:00,103510.40625,103837.5,103353.03125,103802.546875,0
2025-05-31 12:00:00+00:00,104596.9140625,104880.7109375,103521.21875,103521.21875,0
2025-05-31 16:00:00+00:00,104736.578125,104818.84375,104341.8671875,104596.890625,0
2025-05-31 20:00:00+00:00,104637.296875,104927.1015625,104554.125,104747.296875,28516352
2025-06-01 00:00:00+00:00,104448.6640625,104674.0,103992.984375,104674.0,115621888
2025-06-01 04:00:00+00:00,104314.8515625,104737.265625,104262.234375,104442.609375,1664417792
2025-06-01 08:00:00+00:00,104125.9453125,104484.0078125,103836.921875,104327.171875,346492928
2025-06-01 12:00:00+00:00,104745.3515625,104820.8359375,103843.171875,104119.859375,0
2025-06-01 16:00:00+00:00,105155.9765625,105278.71875,104444.625,104751.046875,2505498624
2025-06-01 20:00:00+00:00,105649.8125,105864.7890625,104977.0234375,105146.984375,3541549056
2025-06-02 00:00:00+00:00,104907.140625,105723.5,104625.3046875,105660.390625,1480691712
2025-06-02 04:00:00+00:00,105392.6640625,105466.640625,104676.4609375,104891.8515625,1845956608
2025-06-02 08:00:00+00:00,104065.5234375,105919.015625,104062.375,105420.3671875,2175946752
2025-06-02 12:00:00+00:00,104426.8359375,104674.40625,103737.8515625,104076.3671875,3842035712
2025-06-02 16:00:00+00:00,104489.3515625,104733.4375,104106.3671875,104466.234375,1160544256
2025-06-02 20:00:00+00:00,105885.8046875,105951.734375,104473.9609375,104473.9609375,1848377344
2025-06-03 00:00:00+00:00,105528.21875,106502.6328125,105473.7734375,105880.5625,2009116672
2025-06-03 04:00:00+00:00,105230.40625,105554.5546875,105173.0546875,105538.4609375,1261469696
2025-06-03 08:00:00+00:00,105319.84375,105399.53125,104924.265625,105245.5859375,711680000
2025-06-03 12:00:00+00:00,106691.7109375,106791.046875,105213.4140625,105338.015625,2869006336
2025-06-03 16:00:00+00:00,106208.6796875,106668.8125,105665.375,106668.8125,2102657024
2025-06-03 20:00:00+00:00,105434.3671875,106284.3828125,105351.5,106284.3828125,263204864
2025-06-04 00:00:00+00:00,105581.59375,105868.390625,105214.53125,105437.203125,710565888
2025-06-04 04:00:00+00:00,105394.53125,105679.5078125,105323.484375,105580.796875,1084870656
2025-06-04 08:00:00+00:00,105155.359375,105994.4609375,105153.1953125,105394.65625,2368032768
2025-06-04 12:00:00+00:00,105398.4765625,105566.390625,104283.515625,105087.3046875,782876672
2025-06-04 16:00:00+00:00,105065.2578125,105483.3359375,104934.5703125,105337.21875,448471040
2025-06-04 20:00:00+00:00,104750.78125,105065.6640625,104501.8984375,104994.734375,945348608
2025-06-05 00:00:00+00:00,105074.8046875,105256.7421875,104734.6484375,104749.8515625,584593408
2025-06-05 04:00:00+00:00,104553.078125,105238.5390625,104439.8046875,105081.328125,838021120
2025-06-05 08:00:00+00:00,104880.4921875,104954.7421875,104518.8671875,104553.2734375,106295296
2025-06-05 12:00:00+00:00,104708.0546875,105932.75,103989.0234375,104856.1328125,2156642304
2025-06-05 16:00:00+00:00,102017.5625,104602.515625,101758.4296875,104569.09375,5688156160
2025-06-05 20:00:00+00:00,101574.3671875,102144.90625,100501.6953125,101929.546875,8969117696
2025-06-06 00:00:00+00:00,102546.6953125,102569.1875,101272.953125,101543.8203125,2320834560
2025-06-06 04:00:00+00:00,103198.1015625,103487.25,102462.8984375,102551.6640625,3279048704
2025-06-06 08:00:00+00:00,104004.328125,104010.90625,103209.84375,103209.84375,1726619648
2025-06-06 12:00:00+00:00,105098.6015625,105362.515625,103678.1171875,104004.5390625,776794112
2025-06-06 16:00:00+00:00,104228.1015625,105324.734375,104173.1015625,105156.5859375,0
2025-06-06 20:00:00+00:00,104390.6484375,104671.125,104262.265625,104290.7578125,0
2025-06-07 00:00:00+00:00,104958.9921875,104973.5234375,104007.3125,104391.6640625,1568436224
2025-06-07 04:00:00+00:00,104946.4921875,105377.859375,104744.609375,104957.671875,0
2025-06-07 08:00:00+00:00,105133.96875,105324.3984375,104815.546875,104990.765625,378245120
2025-06-07 12:00:00+00:00,105616.109375,105865.21875,105197.1015625,105197.1015625,560287744
2025-06-07 16:00:00+00:00,105771.53125,105924.46875,105369.40625,105615.515625,166633472
2025-06-07 20:00:00+00:00,105617.5078125,105964.078125,105617.5078125,105778.53125,17887232
2025-06-08 00:00:00+00:00,105543.2109375,105804.6171875,105461.28125,105633.796875,1065693184
2025-06-08 04:00:00+00:00,105473.5078125,105697.78125,105473.5078125,105545.046875,0
2025-06-08 08:00:00+00:00,105706.3203125,105710.1328125,105083.140625,105488.78125,585232384
2025-06-08 12:00:00+00:00,106040.9453125,106116.0,105595.6953125,105715.421875,1825931264
2025-06-08 16:00:00+00:00,106338.0859375,106390.3359375,106030.953125,106038.8671875,470847488
2025-06-08 20:00:00+00:00,105793.0234375,106485.609375,105631.6796875,106347.7265625,1717796864
2025-06-09 00:00:00+00:00,105691.328125,106003.3203125,105411.84375,105791.4609375,2436972544
2025-06-09 04:00:00+00:00,105640.0078125,105772.6953125,105402.28125,105714.2578125,3134320640
2025-06-09 08:00:00+00:00,107774.4609375,107848.8515625,105586.3984375,105638.8671875,5639262208
2025-06-09 12:00:00+00:00,107748.6796875,108021.890625,106962.0234375,107757.421875,5246193664
2025-06-09 16:00:00+00:00,108602.9375,108806.828125,107749.1875,107749.1875,4292497408
2025-06-09 20:00:00+00:00,110295.6875,110393.71875,108549.59375,108641.0546875,5825638400
2025-06-10 00:00:00+00:00,109569.8359375,110324.0859375,109436.7890625,110301.3984375,2857607168
2025-06-10 04:00:00+00:00,109268.703125,109739.5859375,109131.2890625,109593.71875,2838749184
2025-06-10 08:00:00+00:00,109551.453125,109853.6015625,109086.6796875,109265.1015625,303226880
2025-06-10 12:00:00+00:00,109028.9765625,109857.5546875,108400.234375,109578.625,2321485824
2025-06-10 16:00:00+00:00,109439.390625,110336.6484375,108630.375,109055.0390625,2944671744
2025-06-10 20:00:00+00:00,110261.796875,110272.2734375,109306.703125,109473.953125,569237504
2025-06-11 00:00:00+00:00,109733.734375,110259.0625,109578.5078125,110250.765625,516493312
2025-06-11 04:00:00+00:00,109456.3515625,109736.03125,109375.0,109736.0,432140288
2025-06-11 08:00:00+00:00,109241.625,109640.234375,109196.6953125,109454.5234375,1064906752
2025-06-11 12:00:00+00:00,109709.2734375,110350.59375,109067.578125,109248.90625,1868468224
2025-06-11 16:00:00+00:00,108727.84375,109802.875,108516.7578125,109744.3359375,1919619072
2025-06-11 20:00:00+00:00,108685.9140625,109195.5,108160.1953125,108724.6171875,1415499776
2025-06-12 00:00:00+00:00,107871.3515625,108775.78125,107752.53125,108687.65625,2870554624
2025-06-12 04:00:00+00:00,107611.703125,107996.578125,107447.046875,107879.8828125,1946832896
2025-06-12 08:00:00+00:00,106926.75,107828.359375,106926.75,107630.8828125,1318813696
2025-06-12 12:00:00+00:00,107038.265625,107791.2421875,106745.9609375,106926.4140625,102367232
2025-06-12 16:00:00+00:00,106767.78125,108430.4921875,106716.9375,107027.0234375,1981677568
2025-06-12 20:00:00+00:00,105924.59375,106961.7890625,105792.265625,106816.0,4362223616
2025-06-13 00:00:00+00:00,104419.1640625,105729.953125,102850.0,105729.953125,12347265024
2025-06-13 04:00:00+00:00,104945.40625,104954.6015625,103863.8671875,104375.6171875,3349946368
2025-06-13 08:00:00+00:00,105022.0546875,105424.1484375,104496.8984375,104939.3671875,2002092032
2025-06-13 12:00:00+00:00,105454.7890625,105705.8671875,104197.9765625,105042.703125,3585736704
2025-06-13 16:00:00+00:00,105108.0625,105993.2265625,104716.9765625,105478.0,1184292864
2025-06-13 20:00:00+00:00,106108.0859375,106157.7890625,105088.9140625,105099.28125,796336128
2025-06-14 00:00:00+00:00,105298.625,106200.0,105266.6171875,106109.46875,0
2025-06-14 04:00:00+00:00,105136.234375,105442.390625,104925.0859375,105291.8984375,0
2025-06-14 08:00:00+00:00,105146.5625,105171.1953125,104893.0234375,105128.2421875,289067008
2025-06-14 12:00:00+00:00,104866.84375,105169.5546875,104736.84375,105142.6015625,8396800
2025-06-14 16:00:00+00:00,104736.453125,105075.875,104438.7109375,104867.0703125,119144448
2025-06-14 20:00:00+00:00,105464.84375,105532.2734375,104415.859375,104714.40625,1746571264
2025-06-15 00:00:00+00:00,105531.8359375,105710.328125,105382.4453125,105473.734375,0
2025-06-15 04:00:00+00:00,105487.65625,106114.59375,105285.7734375,105526.4140625,1619617792
2025-06-15 08:00:00+00:00,104985.6171875,105512.1328125,104922.46875,105473.9921875,1860726784
2025-06-15 12:00:00+00:00,105582.1953125,105830.3828125,104998.0390625,105008.6953125,983842816
2025-06-15 16:00:00+00:00,105300.0078125,105793.5078125,105132.984375,105591.0234375,578224128
2025-06-15 20:00:00+00:00,105555.59375,105615.3984375,104539.46875,105313.65625,2897821696
2025-06-16 00:00:00+00:00,105940.2109375,105979.8046875,105027.2890625,105576.9609375,2258882560
2025-06-16 04:00:00+00:00,107042.75,107227.0625,105912.5078125,105924.421875,2993696768
2025-06-16 08:00:00+00:00,106875.265625,107231.5546875,106614.34375,107077.4375,2234716160
2025-06-16 12:00:00+00:00,107417.15625,107791.8046875,106556.953125,106893.9296875,2540441600
2025-06-16 16:00:00+00:00,108497.359375,108885.359375,107397.6640625,107486.234375,3844603904
2025-06-16 20:00:00+00:00,106794.1171875,108914.875,106794.1171875,108668.0390625,2362171392
2025-06-17 00:00:00+00:00,107628.9765625,107723.609375,106247.6796875,106798.671875,5250646016
2025-06-17 04:00:00+00:00,106788.078125,107682.8046875,106523.234375,107627.640625,864169984
2025-06-17 08:00:00+00:00,105674.625,106832.8828125,105529.75,106800.5859375,2013937664
2025-06-17 12:00:00+00:00,104269.546875,105825.8828125,104190.3828125,105652.25,2569150464
2025-06-17 16:00:00+00:00,104829.1796875,105354.71875,103444.515625,104251.2578125,4042121216
2025-06-17 20:00:00+00:00,104602.0703125,104820.609375,104244.734375,104737.2890625,1918402560
2025-06-18 00:00:00+00:00,105189.9921875,105276.4140625,104405.7890625,104591.59375,390205440
2025-06-18 04:00:00+00:00,104975.828125,105581.8515625,104819.15625,105199.2109375,1516056576
2025-06-18 08:00:00+00:00,104860.6875,105322.6328125,104252.6015625,105012.296875,123801600
2025-06-18 12:00:00+00:00,104841.5234375,105316.125,103944.0390625,104863.453125,843161600
2025-06-18 16:00:00+00:00,103935.1484375,104840.5546875,103661.28125,104829.3515625,791846912
2025-06-18 20:00:00+00:00,104886.7734375,105170.296875,103716.2734375,103880.5703125,1909088256
2025-06-19 00:00:00+00:00,105133.328125,105218.8515625,104538.8984375,104908.7578125,1319571456
2025-06-19 04:00:00+00:00,104670.4140625,105209.46875,104670.4140625,105117.875,872038400
2025-06-19 08:00:00+00:00,104807.671875,105085.8515625,104663.71875,104663.71875,877015040
2025-06-19 12:00:00+00:00,104158.4609375,104949.125,104141.0,104817.125,713973760
2025-06-19 16:00:00+00:00,104317.65625,104837.4609375,103962.421875,104121.296875,0
2025-06-19 20:00:00+00:00,104681.03125,104860.4140625,104168.0078125,104276.546875,691757056
2025-06-20 00:00:00+00:00,104643.5546875,104827.03125,104449.0078125,104669.265625,805900288
2025-06-20 04:00:00+00:00,105840.84375,105840.84375,104257.203125,104633.09375,1383280640
2025-06-20 08:00:00+00:00,106016.109375,106521.8828125,105816.234375,105816.234375,3263709184
2025-06-20 12:00:00+00:00,104257.9453125,106146.609375,103979.390625,105997.6640625,4142206976
2025-06-20 16:00:00+00:00,103485.4453125,104269.8515625,102411.9921875,104228.015625,5844709376
2025-06-20 20:00:00+00:00,103315.078125,103818.4453125,103020.3203125,103363.84375,2121670656
2025-06-21 00:00:00+00:00,103554.390625,103704.5703125,103165.953125,103309.8359375,0
2025-06-21 04:00:00+00:00,103471.6484375,103624.296875,103369.8359375,103542.7734375,0
2025-06-21 08:00:00+00:00,103895.7578125,104001.203125,103475.8046875,103475.8046875,815575040
2025-06-21 12:00:00+00:00,103602.328125,103972.4140625,103428.7734375,103897.203125,0
2025-06-21 16:00:00+00:00,102276.6484375,103670.2421875,102276.6484375,103605.90625,1613066240
2025-06-21 20:00:00+00:00,102212.03125,102879.7109375,101053.640625,102283.765625,4122359808
2025-06-22 00:00:00+00:00,102403.3046875,103256.46875,101934.21875,102160.7734375,6934859776
2025-06-22 04:00:00+00:00,102490.8828125,102980.15625,102312.390625,102406.953125,2349899776
2025-06-22 08:00:00+00:00,102781.7578125,102819.9453125,102172.171875,102473.1328125,2018787328
2025-06-22 12:00:00+00:00,99182.046875,102842.265625,99182.046875,102750.765625,11622789120
2025-06-22 16:00:00+00:00,98914.84375,100305.4609375,98723.6328125,98947.078125,5631635456
2025-06-22 20:00:00+00:00,100987.4765625,101028.953125,98386.765625,98939.1171875,2821742592
2025-06-23 00:00:00+00:00,101157.53125,101539.4453125,100555.9140625,100891.1171875,203980800
2025-06-23 04:00:00+00:00,101967.265625,102064.9609375,101045.375,101189.1953125,1681162240
2025-06-23 08:00:00+00:00,101354.234375,102063.7265625,101210.75,101962.71875,438386688
2025-06-23 12:00:00+00:00,101502.34375,102520.3828125,100888.125,101342.171875,1159589888
2025-06-23 16:00:00+00:00,103298.171875,103303.03125,99919.1640625,101473.6953125,4990078976
2025-06-23 20:00:00+00:00,105571.515625,106052.0,103041.5,103236.296875,5777248256
2025-06-24 00:00:00+00:00,105031.109375,105539.6875,104822.1875,105407.609375,1822023680
2025-06-24 04:00:00+00:00,105005.8203125,105880.46875,104817.8046875,105011.3046875,1859051520
2025-06-24 08:00:00+00:00,105248.359375,105637.75,104760.0,105034.796875,1784205312
2025-06-24 12:00:00+00:00,105276.109375,105771.65625,104927.65625,105268.2109375,0
2025-06-24 16:00:00+00:00,105605.2890625,106295.125,105272.234375,105285.0390625,0
2025-06-24 20:00:00+00:00,106047.40625,106142.59375,105524.7890625,105697.1875,0
2025-06-25 00:00:00+00:00,106313.6640625,106817.96875,105885.8359375,106102.046875,1356603392
2025-06-25 04:00:00+00:00,106673.75,106751.34375,106105.9609375,106297.46875,521506816
2025-06-25 08:00:00+00:00,107233.0859375,107243.6953125,106396.203125,106666.546875,2505551872
2025-06-25 12:00:00+00:00,107046.5078125,108160.78125,106817.453125,107247.265625,4987719680
2025-06-25 16:00:00+00:00,107737.515625,107922.1328125,107007.5234375,107072.5390625,1629884416
2025-06-25 20:00:00+00:00,107375.0703125,108031.2734375,107166.8203125,107752.3125,20873216
2025-06-26 00:00:00+00:00,107899.0390625,108274.921875,107179.3515625,107372.0703125,1576587264
2025-06-26 04:00:00+00:00,107866.8828125,108092.0859375,107566.5625,107929.109375,230322176
2025-06-26 08:00:00+00:00,107365.1328125,108190.546875,107220.1328125,107855.8046875,1570521088
2025-06-26 12:00:00+00:00,107252.609375,107722.5703125,106702.96875,107372.484375,0
2025-06-26 16:00:00+00:00,107669.4765625,107669.4765625,107081.859375,107333.4375,609959936
2025-06-26 20:00:00+00:00,106954.921875,107931.59375,106908.84375,107576.5234375,2209685504
2025-06-27 00:00:00+00:00,107524.9140625,107542.796875,106545.3828125,106981.390625,2849107968
2025-06-27 04:00:00+00:00,106959.1484375,107745.96875,106939.234375,107524.375,984223744
2025-06-27 08:00:00+00:00,107021.6484375,107203.25,106760.4765625,106954.390625,2547544064
2025-06-27 12:00:00+00:00,107394.0078125,107439.484375,106474.46875,107014.8046875,2549141504
2025-06-27 16:00:00+00:00,106976.109375,107637.90625,106514.46875,107372.234375,1337413632
2025-06-27 20:00:00+00:00,107090.546875,107287.1875,106854.5390625,106873.3203125,1581957120
2025-06-28 00:00:00+00:00,107341.84375,107353.9375,106898.6640625,107092.3203125,0
2025-06-28 04:00:00+00:00,107519.4921875,107528.4765625,107244.421875,107341.5546875,0
2025-06-28 08:00:00+00:00,107400.9296875,107532.1171875,107308.125,107512.5,0
2025-06-28 12:00:00+00:00,107546.125,107546.125,107138.6640625,107393.96875,0
2025-06-28 16:00:00+00:00,107275.7421875,107552.6875,107275.7421875,107484.96875,143134720
2025-06-28 20:00:00+00:00,107327.8203125,107413.7265625,107210.671875,107262.3359375,41895936
2025-06-29 00:00:00+00:00,107251.6796875,107507.2265625,107232.7109375,107321.96875,8538112
2025-06-29 04:00:00+00:00,107377.0703125,107403.9453125,107253.4609375,107256.5078125,93870080
2025-06-29 08:00:00+00:00,108460.78125,108460.78125,107435.5859375,107440.3984375,1391605760
2025-06-29 12:00:00+00:00,107790.5390625,108499.40625,107709.203125,108499.40625,2011543552
2025-06-29 16:00:00+00:00,107456.1953125,107793.9609375,107362.265625,107788.1484375,2202408960
2025-06-29 20:00:00+00:00,108388.9765625,108429.15625,107333.9765625,107438.9609375,2245789696
2025-06-30 00:00:00+00:00,108551.078125,108798.7890625,108295.53125,108380.78125,2386128896
2025-06-30 04:00:00+00:00,107655.21875,108568.1875,107525.7109375,108548.4765625,1802498048
2025-06-30 08:00:00+00:00,107674.0625,107969.7265625,107460.7578125,107654.1484375,662908928
2025-06-30 12:00:00+00:00,107573.40625,107862.25,106767.9375,107681.3671875,4098359296
2025-06-30 16:00:00+00:00,107750.109375,107850.375,107201.5546875,107581.75,2146070528
2025-06-30 20:00:00+00:00,107144.3828125,107778.671875,107028.0234375,107778.671875,1487716352
2025-07-01 00:00:00+00:00,107240.25,107547.9140625,107098.8515625,107167.6953125,1201967104
2025-07-01 04:00:00+00:00,107179.03125,107262.1953125,106683.421875,107230.4609375,720363520
2025-07-01 08:00:00+00:00,106611.3984375,107180.140625,106366.984375,107180.140625,1706180608
2025-07-01 12:00:00+00:00,106043.78125,107172.6875,105696.8359375,106620.203125,1327955968
2025-07-01 16:00:00+00:00,105486.3984375,106315.8671875,105447.2890625,106027.3203125,4408258560
2025-07-01 20:00:00+00:00,105703.1015625,106094.3828125,105310.0859375,105441.390625,2287030272
2025-07-02 00:00:00+00:00,106196.671875,106224.75,105159.734375,105695.15625,2794893312
2025-07-02 04:00:00+00:00,107175.7265625,107209.6640625,106163.4921875,106206.0390625,2091892736
2025-07-02 08:00:00+00:00,107506.9921875,107867.0078125,107138.453125,107138.453125,1237811200
2025-07-02 12:00:00+00:00,108795.265625,108795.265625,107225.046875,107505.0859375,3855089664
2025-07-02 16:00:00+00:00,109681.96875,109751.59375,108765.1875,108782.4765625,7344111616
2025-07-02 20:00:00+00:00,108845.015625,109749.2109375,108775.125,109749.2109375,3546054656
2025-07-03 00:00:00+00:00,108692.96875,109146.6015625,108607.6796875,108851.234375,576319488
2025-07-03 04:00:00+00:00,109320.9453125,109593.03125,108646.5078125,108699.109375,1565118464
2025-07-03 08:00:00+00:00,109649.375,110293.7578125,109344.8984375,109344.8984375,2226040832
2025-07-03 12:00:00+00:00,109162.9609375,110530.453125,108861.40625,109606.515625,3478261760
2025-07-03 16:00:00+00:00,109820.3515625,109924.796875,109080.3671875,109196.5,0
2025-07-03 20:00:00+00:00,109635.65625,110031.03125,109587.6171875,109852.8359375,30896128
2025-07-04 00:00:00+00:00,109299.890625,109734.90625,109167.8125,109639.265625,597843968
2025-07-04 04:00:00+00:00,108754.359375,109362.890625,108754.359375,109287.2109375,981495808
2025-07-04 08:00:00+00:00,108921.5,109136.4140625,108636.359375,108760.7109375,368332800
2025-07-04 12:00:00+00:00,107681.703125,109003.8828125,107638.4609375,108946.5078125,2148335616
2025-07-04 16:00:00+00:00,107492.0078125,107932.2109375,107315.2578125,107634.984375,1466798080
2025-07-04 20:00:00+00:00,108015.8359375,108290.3203125,107478.890625,107494.0859375,832888832
2025-07-05 00:00:00+00:00,108207.59375,108306.7265625,107846.3515625,108019.6015625,2203828224
2025-07-05 04:00:00+00:00,108066.15625,108367.2578125,108041.921875,108200.8984375,0
2025-07-05 08:00:00+00:00,108182.53125,108271.0,107942.359375,108064.390625,712302592
2025-07-05 12:00:00+00:00,108095.359375,108245.2734375,108017.234375,108179.2109375,0
2025-07-05 16:00:00+00:00,108174.7734375,108206.4296875,107934.9296875,108088.6328125,200714240
2025-07-05 20:00:00+00:00,108231.1875,108262.84375,108035.984375,108171.015625,1083133952
2025-07-06 00:00:00+00:00,108088.8515625,108288.8515625,108072.3125,108247.4140625,712697856
2025-07-06 04:00:00+00:00,108082.5390625,108245.515625,107997.78125,108085.359375,203087872
2025-07-06 08:00:00+00:00,108095.28125,108136.4453125,107848.4375,108084.765625,1090121728
2025-07-06 12:00:00+00:00,108918.4921875,109093.9921875,108081.265625,108095.796875,2957441024
2025-07-06 16:00:00+00:00,108527.1328125,108982.203125,108353.9609375,108958.71875,1727604736
2025-07-06 20:00:00+00:00,109235.328125,109700.84375,108564.65625,108564.65625,3779223552
2025-07-07 00:00:00+00:00,109393.21875,109661.359375,108709.5546875,109209.1484375,2203148288
2025-07-07 04:00:00+00:00,109075.921875,109478.3359375,108722.2421875,109397.390625,2427355136
2025-07-07 08:00:00+00:00,108690.28125,109087.2890625,108653.484375,109087.2890625,2312187904
2025-07-07 12:00:00+00:00,108305.9140625,108645.0703125,108011.234375,108622.015625,1154936832
2025-07-07 16:00:00+00:00,108141.421875,108458.90625,107530.203125,108314.4140625,4958007296
2025-07-07 20:00:00+00:00,108298.2265625,108302.9453125,107825.6953125,108080.5703125,2824732672
2025-07-08 00:00:00+00:00,107906.484375,108522.578125,107499.5546875,108280.3828125,3263307776
2025-07-08 04:00:00+00:00,108475.890625,108508.78125,107802.984375,107912.921875,3110522880
2025-07-08 08:00:00+00:00,108778.9453125,108997.453125,108233.140625,108469.078125,1303277568
2025-07-08 12:00:00+00:00,108281.640625,109196.1875,108263.71875,108775.4609375,2060558336
2025-07-08 16:00:00+00:00,108777.4140625,109185.125,108126.171875,108291.953125,1477111808
2025-07-08 20:00:00+00:00,108965.1796875,109002.140625,108650.1796875,108777.640625,1024057344
2025-07-09 00:00:00+00:00,108413.1015625,109154.9921875,108384.734375,108957.828125,26996736
2025-07-09 04:00:00+00:00,108732.0546875,108895.203125,108362.25,108396.5390625,1275871232
2025-07-09 08:00:00+00:00,109083.6953125,109131.3828125,108596.765625,108721.953125,535298048
2025-07-09 12:00:00+00:00,109095.4921875,109758.1484375,108594.0078125,109082.46875,4555997184
2025-07-09 16:00:00+00:00,111779.75,111907.4921875,109060.84375,109118.1875,7556276224
2025-07-09 20:00:00+00:00,111329.1953125,111844.03125,110707.265625,111713.4375,6953488384
2025-07-10 00:00:00+00:00,111118.078125,111554.0234375,110958.6875,111301.765625,2758311936
2025-07-10 04:00:00+00:00,111270.6015625,111458.8359375,110992.328125,111119.8984375,2248204288
2025-07-10 08:00:00+00:00,111068.4453125,111418.984375,110932.546875,111269.6796875,1114230784
2025-07-10 12:00:00+00:00,111454.234375,111454.234375,110670.671875,111064.6328125,699805696
2025-07-10 16:00:00+00:00,113436.828125,113822.90625,111440.078125,111450.65625,8576483328
2025-07-10 20:00:00+00:00,115986.234375,116595.4609375,113366.0,113433.3515625,33725452288
2025-07-11 00:00:00+00:00,116842.984375,116874.21875,115247.2265625,115984.171875,5635383296
2025-07-11 04:00:00+00:00,117629.5859375,118375.0625,116538.546875,116889.7109375,15695273984
2025-07-11 08:00:00+00:00,117918.171875,118842.6640625,117585.9921875,117585.9921875,6724075520
2025-07-11 12:00:00+00:00,116967.609375,118240.75,116814.25,117861.453125,4495237120
2025-07-11 16:00:00+00:00,118029.4921875,118149.40625,116661.6171875,116901.484375,0
2025-07-11 20:00:00+00:00,117530.7109375,118088.0,117279.4296875,118047.4609375,528474112
2025-07-12 00:00:00+00:00,117715.078125,117879.5625,117231.75,117524.09375,0
2025-07-12 04:00:00+00:00,117760.8203125,118060.3125,117586.234375,117761.0,0
2025-07-12 08:00:00+00:00,117825.765625,118218.5625,117721.203125,117761.375,0
2025-07-12 12:00:00+00:00,117161.109375,117871.25,117013.53125,117857.453125,0
2025-07-12 16:00:00+00:00,117565.2890625,117666.734375,117109.90625,117138.015625,0
2025-07-12 20:00:00+00:00,117432.203125,117575.6015625,117046.921875,117575.6015625,799371264
2025-07-13 00:00:00+00:00,117792.78125,117834.703125,117271.6171875,117470.078125,2405044224
2025-07-13 04:00:00+00:00,117986.4140625,118048.15625,117738.0703125,117787.8828125,960425984
2025-07-13 08:00:00+00:00,118038.7578125,118063.078125,117741.5859375,118000.8828125,1082335232
2025-07-13 12:00:00+00:00,118731.765625,119281.8984375,118044.3671875,118069.6328125,3807490048
2025-07-13 16:00:00+00:00,119088.7890625,119419.75,118474.6640625,118726.078125,3633889280
2025-07-13 20:00:00+00:00,119115.7890625,119393.0078125,118384.328125,119025.6484375,1743130624
2025-07-14 00:00:00+00:00,120785.5703125,121178.9765625,118961.7734375,119118.796875,10356121600
2025-07-14 04:00:00+00:00,122776.2734375,123077.6328125,120645.8828125,120771.765625,46568079360
2025-07-14 08:00:00+00:00,121487.484375,122720.3359375,121354.9921875,122720.3359375,2534236160
2025-07-14 12:00:00+00:00,119827.234375,122019.328125,119635.109375,121470.875,66703998976
2025-07-14 16:00:00+00:00,119836.3125,120483.9140625,119206.640625,119819.453125,7667761152
2025-07-14 20:00:00+00:00,119853.8515625,120440.1953125,119579.6484375,119898.90625,1833484288
2025-07-15 00:00:00+00:00,117261.6015625,119933.421875,117072.625,119850.5703125,4024287232
2025-07-15 04:00:00+00:00,116904.0703125,117737.3515625,116385.875,117169.671875,1209679872
2025-07-15 08:00:00+00:00,117140.0390625,117158.2890625,116364.6953125,116772.1953125,91308032
2025-07-15 12:00:00+00:00,116382.2734375,118389.6484375,115765.6875,117113.6171875,4721909760
2025-07-15 16:00:00+00:00,116526.4765625,117617.1328125,116128.328125,116376.7421875,3023437824
2025-07-15 20:00:00+00:00,117777.1875,117969.4609375,116297.28125,116501.515625,2392596480
2025-07-16 00:00:00+00:00,117493.4140625,118193.09375,117107.640625,117780.359375,0
2025-07-16 04:00:00+00:00,118178.3515625,118306.0,117284.5859375,117496.40625,0
2025-07-16 08:00:00+00:00,118765.2578125,119294.4765625,118165.625,118222.5234375,237576192
2025-07-16 12:00:00+00:00,119096.1484375,119764.0703125,118258.3984375,118778.8984375,1373708288
2025-07-16 16:00:00+00:00,119255.75,119911.6796875,118568.6015625,119154.46875,338296832
2025-07-16 20:00:00+00:00,118738.5078125,120054.640625,118483.9375,119317.875,2301968384
2025-07-17 00:00:00+00:00,118144.6875,119182.7578125,117827.1953125,118722.8046875,1339449344
2025-07-17 04:00:00+00:00,118404.8125,118799.21875,117914.25,118141.6796875,1597767680
2025-07-17 08:00:00+00:00,118031.359375,119145.2109375,118024.015625,118376.4453125,1656168448
2025-07-17 12:00:00+00:00,118933.6328125,119096.03125,117552.5390625,118028.9375,1103290368
2025-07-17 16:00:00+00:00,118958.125,119910.0703125,118422.4140625,118921.4921875,1061224448
2025-07-17 20:00:00+00:00,119284.109375,120989.984375,118507.296875,118997.2890625,5069279232
2025-07-18 00:00:00+00:00,120309.9765625,120726.0625,119141.3671875,119245.2578125,1686724608
2025-07-18 04:00:00+00:00,119531.0390625,120808.9765625,119531.0390625,120297.1015625,24203956224
2025-07-18 08:00:00+00:00,119234.765625,119529.4609375,118483.5625,119442.8828125,27291316224
2025-07-18 12:00:00+00:00,117913.4140625,119566.1875,117577.9375,119218.6796875,25702514688
2025-07-18 16:00:00+00:00,117454.3125,118052.421875,117274.640625,117930.1015625,1837539328
2025-07-18 20:00:00+00:00,117998.125,118067.6171875,116930.9453125,117457.8984375,18771218432
2025-07-19 00:00:00+00:00,118357.1484375,118432.828125,117722.90625,118006.859375,417341440
2025-07-19 04:00:00+00:00,118250.859375,118424.3046875,118158.75,118393.671875,0
2025-07-19 08:00:00+00:00,118371.65625,118540.4453125,118059.515625,118251.3828125,0
2025-07-19 12:00:00+00:00,118124.7265625,118402.9921875,117721.7890625,118393.421875,1239105536
2025-07-19 16:00:00+00:00,118064.9765625,118179.875,117709.15625,118088.09375,0
2025-07-19 20:00:00+00:00,117944.109375,118143.6171875,117411.5703125,118048.3671875,76783616
2025-07-20 00:00:00+00:00,118028.1484375,118184.5,117722.3671875,117913.4609375,192065536
2025-07-20 04:00:00+00:00,118073.6796875,118243.0078125,117829.4609375,117988.9140625,0
2025-07-20 08:00:00+00:00,117866.75,118303.015625,117866.75,118089.6796875,3338366976
2025-07-20 12:00:00+00:00,118729.4375,118769.4140625,117773.21875,117903.125,3492810752
2025-07-20 16:00:00+00:00,118253.328125,118837.25,118056.046875,118713.1171875,1564413952
2025-07-20 20:00:00+00:00,117306.46875,118293.515625,116675.8515625,118246.40625,6133559296
2025-07-21 00:00:00+00:00,118434.7578125,118636.2578125,116589.15625,117214.59375,4044771328
2025-07-21 04:00:00+00:00,119341.578125,119619.109375,118219.1875,118438.140625,4630831104
2025-07-21 08:00:00+00:00,118191.421875,119507.8984375,118191.421875,119362.09375,2274394112
2025-07-21 12:00:00+00:00,118360.5390625,119231.0,117864.515625,118198.078125,4356124672
2025-07-21 16:00:00+00:00,116856.4921875,118424.2265625,116729.4453125,118372.1328125,1797349376
2025-07-21 20:00:00+00:00,117426.5,117657.5859375,116758.1640625,116762.4375,2798764032
2025-07-22 00:00:00+00:00,117207.8984375,117957.78125,116342.7890625,117419.6484375,2470969344
2025-07-22 04:00:00+00:00,117924.3046875,118593.4140625,116639.5,117237.3828125,5224349696
2025-07-22 08:00:00+00:00,119199.2890625,119224.9296875,117588.6953125,117970.9375,1480835072
2025-07-22 12:00:00+00:00,118934.0390625,119514.0,117755.4140625,119206.25,4901093376
2025-07-22 16:00:00+00:00,119278.296875,120200.484375,118489.3515625,118956.328125,758259712
2025-07-22 20:00:00+00:00,119997.4453125,120265.5234375,119278.8671875,119295.7421875,3731791872
2025-07-23 00:00:00+00:00,118624.828125,120104.9765625,118612.359375,119999.453125,0
2025-07-23 04:00:00+00:00,118406.828125,119010.609375,118349.90625,118675.7109375,1000898560
2025-07-23 08:00:00+00:00,118597.546875,118683.1484375,117915.578125,118401.2578125,0
2025-07-23 12:00:00+00:00,118567.0859375,118709.4921875,117404.15625,118593.6015625,141737984
2025-07-23 16:00:00+00:00,118449.7890625,118642.1875,117438.5625,118642.1875,1154863104
2025-07-23 20:00:00+00:00,118770.984375,118770.984375,117495.484375,118432.203125,1582137344
2025-07-24 00:00:00+00:00,118572.4921875,119284.8671875,118572.4921875,118779.09375,831299584
2025-07-24 04:00:00+00:00,118509.7734375,118622.2734375,117435.21875,118561.3203125,6854631424
2025-07-24 08:00:00+00:00,118711.390625,118877.3046875,118047.296875,118478.9140625,3648446464
2025-07-24 12:00:00+00:00,119151.9921875,119506.0859375,117969.96875,118681.2734375,1633771520
2025-07-24 16:00:00+00:00,119071.09375,119472.6484375,118490.8828125,119171.2109375,806240256
2025-07-24 20:00:00+00:00,118368.0,119021.375,118272.1640625,119021.375,397180928
2025-07-25 00:00:00+00:00,115427.6015625,118486.9765625,115405.2421875,118378.0546875,10218217472
2025-07-25 04:00:00+00:00,115151.2421875,116155.8515625,114798.7265625,115443.671875,7518101504
2025-07-25 08:00:00+00:00,116600.1484375,116774.2734375,115076.5859375,115335.09375,7415562240
2025-07-25 12:00:00+00:00,115787.0546875,116593.359375,114972.328125,116586.6640625,4749811712
2025-07-25 16:00:00+00:00,116763.9375,117031.734375,115576.0390625,115777.9765625,4214136832
2025-07-25 20:00:00+00:00,117644.84375,117644.84375,116649.0546875,116765.3515625,1543397376
2025-07-26 00:00:00+00:00,117553.8046875,117768.7890625,117201.15625,117625.3828125,0
2025-07-26 04:00:00+00:00,117360.015625,117589.984375,117357.3203125,117549.765625,0
2025-07-26 08:00:00+00:00,117827.984375,118219.609375,117364.359375,117364.359375,0
2025-07-26 12:00:00+00:00,118185.640625,118274.765625,117805.625,117817.6875,0
2025-07-26 16:00:00+00:00,118274.2734375,118324.984375,117999.625,118177.0390625,0
2025-07-26 20:00:00+00:00,117944.7265625,118276.5,117929.15625,118276.5,990928896
2025-07-27 00:00:00+00:00,118230.5234375,118384.3828125,117872.5,117991.4453125,781406208
2025-07-27 04:00:00+00:00,118154.2890625,118440.515625,118128.609375,118221.6328125,0
2025-07-27 08:00:00+00:00,118092.28125,118335.84375,117905.5078125,118153.8984375,764014592
2025-07-27 12:00:00+00:00,118623.578125,118623.578125,117932.4296875,118120.7734375,1393315840
2025-07-27 16:00:00+00:00,119014.078125,119542.9765625,118614.6875,118614.6875,6382575616
2025-07-27 20:00:00+00:00,119457.5234375,119792.734375,118766.203125,119005.578125,3464736768
2025-07-28 00:00:00+00:00,119302.1953125,119788.84375,119019.2578125,119443.953125,2303070208
2025-07-28 04:00:00+00:00,118903.453125,119676.6640625,118812.4375,119296.7734375,3435778048
2025-07-28 08:00:00+00:00,118807.0546875,119103.71875,118534.546875,118907.9609375,3273482240
2025-07-28 12:00:00+00:00,118196.234375,119079.515625,117970.9765625,118818.78125,6151004160
2025-07-28 16:00:00+00:00,118000.2421875,118363.9296875,117441.4375,118172.640625,3130884096
2025-07-28 20:00:00+00:00,117938.5859375,118318.6328125,117527.25,118002.34375,1485529088
2025-07-29 00:00:00+00:00,118799.25,118799.25,117479.03125,118016.28125,2169016320
2025-07-29 04:00:00+00:00,118862.734375,119273.8671875,118431.859375,118744.6171875,1640374272
2025-07-29 08:00:00+00:00,118592.3046875,119043.3515625,118196.71875,118880.984375,1689092096
2025-07-29 12:00:00+00:00,117416.234375,119052.2109375,117303.1640625,118586.515625,3492487168
2025-07-29 16:00:00+00:00,117571.3984375,118033.8515625,117028.96875,117395.640625,2065702912
2025-07-29 20:00:00+00:00,117909.7421875,117956.8828125,117093.7890625,117524.15625,743706624
2025-07-30 00:00:00+00:00,118159.7109375,118242.1484375,117443.3046875,117913.3671875,1569816576
2025-07-30 04:00:00+00:00,118111.359375,118375.109375,117720.546875,118154.046875,0
2025-07-30 08:00:00+00:00,117551.515625,118471.2421875,117474.1484375,118123.1796875,1032929280
2025-07-30 12:00:00+00:00,117937.5703125,118745.9609375,117419.4609375,117584.125,1885327360
2025-07-30 16:00:00+00:00,117011.015625,117980.765625,115869.3359375,117980.765625,5812744192
2025-07-30 20:00:00+00:00,117833.6328125,117904.140625,116913.7109375,116913.7109375,1800052736
2025-07-31 00:00:00+00:00,118432.140625,118607.46875,117818.5859375,117838.7109375,2633605120
2025-07-31 04:00:00+00:00,118658.796875,118902.1640625,118285.5390625,118473.015625,1921523712
2025-07-31 08:00:00+00:00,118342.421875,118725.0234375,118299.4765625,118687.7109375,435355648
2025-07-31 12:00:00+00:00,118289.8828125,118646.8203125,117855.0859375,118351.15625,311705600
2025-07-31 16:00:00+00:00,116779.0859375,118859.421875,116779.0859375,118286.984375,1276305408
2025-07-31 20:00:00+00:00,115738.953125,116873.5546875,115604.3671875,116777.6640625,5132820480
2025-08-01 00:00:00+00:00,115640.3046875,116052.7265625,114449.7890625,115722.0078125,7237001216
2025-08-01 04:00:00+00:00,114970.40625,115900.2109375,114654.59375,115630.7578125,3568336896
2025-08-01 08:00:00+00:00,115232.7109375,115295.7578125,114166.6328125,115049.4296875,6355746816
2025-08-01 12:00:00+00:00,115368.703125,115938.75,114175.7109375,115270.125,5758443520
2025-08-01 16:00:00+00:00,113271.96875,115640.3984375,113209.2265625,115352.6484375,2617090048
2025-08-01 20:00:00+00:00,113320.390625,114033.1640625,112730.125,113243.1328125,2710241280
2025-08-02 00:00:00+00:00,113841.9375,113860.2265625,113193.9296875,113251.890625,0
2025-08-02 04:00:00+00:00,113970.5234375,114013.09375,113471.6875,113874.0,318988288
2025-08-02 08:00:00+00:00,113745.296875,113989.6484375,113414.265625,113957.9609375,0
2025-08-02 12:00:00+00:00,112869.921875,113753.140625,112869.921875,113753.140625,0
2025-08-02 16:00:00+00:00,112272.171875,113377.78125,112014.5546875,112815.6328125,118276096
2025-08-02 20:00:00+00:00,112525.8046875,113013.3515625,112080.4140625,112216.15625,0
2025-08-03 00:00:00+00:00,113631.9609375,113709.40625,111965.9921875,112526.40625,2353106944
2025-08-03 04:00:00+00:00,113668.7421875,113697.46875,113328.3359375,113651.5234375,52736000
2025-08-03 08:00:00+00:00,113885.9375,114237.65625,113574.171875,113709.9609375,761425920
2025-08-03 12:00:00+00:00,113946.6640625,114088.9296875,113615.8828125,113864.9609375,0
2025-08-03 16:00:00+00:00,114296.34375,114729.71875,113779.796875,113935.1796875,0
2025-08-03 20:00:00+00:00,114223.921875,114567.515625,114080.5390625,114285.9609375,1364905984
2025-08-04 00:00:00+00:00,114606.0546875,114984.203125,114143.5390625,114217.4765625,1654022144
2025-08-04 04:00:00+00:00,114708.1484375,114790.765625,114174.5859375,114596.4453125,2037272576
2025-08-04 08:00:00+00:00,114483.3046875,114743.8203125,114229.25,114714.421875,603828224
2025-08-04 12:00:00+00:00,114849.3359375,115452.2265625,114208.71875,114497.171875,3387273216
2025-08-04 16:00:00+00:00,114743.3359375,115711.4140625,114738.0,114864.2109375,4233125888
2025-08-04 20:00:00+00:00,115072.1875,115350.3125,114637.7890625,114753.0625,826155008
2025-08-05 00:00:00+00:00,114257.125,115088.0625,114257.125,115074.671875,18748084224
2025-08-05 04:00:00+00:00,113975.359375,114497.4921875,113831.5234375,114255.046875,2598514688
2025-08-05 08:00:00+00:00,114819.21875,115065.7421875,113915.34375,113966.96875,1859203072
2025-08-05 12:00:00+00:00,112835.015625,114876.0703125,112720.96875,114812.5234375,4458262528
2025-08-05 16:00:00+00:00,113687.09375,113726.953125,112835.1015625,112893.3046875,304365568
2025-08-05 20:00:00+00:00,114140.9140625,114174.71875,113335.28125,113721.859375,2500988928
2025-08-06 00:00:00+00:00,113551.65625,114120.546875,113421.2421875,114120.546875,966975488
2025-08-06 04:00:00+00:00,114206.1796875,114390.71875,113383.046875,113508.6640625,1068703744
2025-08-06 08:00:00+00:00,114208.953125,114352.8984375,113745.4375,114218.4765625,813428736
2025-08-06 12:00:00+00:00,115471.453125,115471.453125,113793.21875,114217.1640625,2034876416
2025-08-06 16:00:00+00:00,115205.375,115710.296875,114977.0703125,115458.9921875,2297909248
2025-08-06 20:00:00+00:00,115030.0546875,115301.96875,114899.3984375,115279.6015625,1282191360
2025-08-07 00:00:00+00:00,114567.03125,115215.6875,114428.9453125,114989.9296875,1392545792
2025-08-07 04:00:00+00:00,114809.2109375,114881.34375,114302.2265625,114579.71875,360841216
2025-08-07 08:00:00+00:00,116559.3203125,116797.9140625,114801.390625,114801.390625,4930072576
2025-08-07 12:00:00+00:00,116814.0625,116814.0625,116071.6015625,116550.71875,2593767424
2025-08-07 16:00:00+00:00,117494.296875,117562.84375,115709.796875,116742.9921875,2015072256
2025-08-07 20:00:00+00:00,117505.5,117652.4140625,117134.796875,117518.5,2849341440
2025-08-08 00:00:00+00:00,116769.4609375,117650.203125,116731.21875,117519.6484375,2859835392
2025-08-08 04:00:00+00:00,116877.3203125,116995.234375,116411.0859375,116756.859375,537014272
2025-08-08 08:00:00+00:00,116929.6640625,116945.6875,116411.046875,116809.28125,3160850432
2025-08-08 12:00:00+00:00,116230.0859375,117239.4453125,115939.8984375,116919.9296875,1423253504
2025-08-08 16:00:00+00:00,116437.53125,116915.0625,116046.96875,116229.4375,1660063744
2025-08-08 20:00:00+00:00,116678.2734375,117013.2421875,116393.59375,116461.078125,154746880
2025-08-09 00:00:00+00:00,116409.6484375,116753.59375,116379.140625,116675.4765625,15265792
2025-08-09 04:00:00+00:00,116768.0390625,116965.1796875,116378.53125,116393.5234375,2794131456
2025-08-09 08:00:00+00:00,117119.1171875,117882.5703125,116771.34375,116776.765625,3024433152
2025-08-09 12:00:00+00:00,116853.0625,117236.1640625,116741.6171875,117114.3046875,455589888
2025-08-09 16:00:00+00:00,116570.796875,116952.84375,116566.1171875,116890.015625,0
2025-08-09 20:00:00+00:00,116497.71875,116926.109375,116411.359375,116573.875,2963873792
2025-08-10 00:00:00+00:00,118426.71875,118460.84375,116485.6953125,116485.6953125,6722707456
2025-08-10 04:00:00+00:00,117818.4609375,118749.9609375,117535.3125,118513.453125,2476150784
2025-08-10 08:00:00+00:00,118368.125,118494.34375,117650.25,117808.515625,768000000
2025-08-10 12:00:00+00:00,118798.2890625,119064.3828125,118303.828125,118352.1953125,2849353728
2025-08-10 16:00:00+00:00,118686.203125,118907.8359375,118436.875,118840.7578125,229199872
2025-08-10 20:00:00+00:00,119306.8125,119313.0625,118109.78125,118680.3828125,3479715840
2025-08-11 00:00:00+00:00,121819.734375,122069.453125,119024.75,119275.765625,10466615296
2025-08-11 04:00:00+00:00,121474.9375,122321.09375,121474.9375,121819.734375,4732649472
2025-08-11 08:00:00+00:00,120566.5546875,121758.90625,120330.2109375,121552.8046875,4903985152
2025-08-11 12:00:00+00:00,120298.703125,120601.6640625,119412.0234375,120580.1640625,5644746752
2025-08-11 16:00:00+00:00,119041.1796875,120761.953125,118702.703125,120274.6640625,4019404800
2025-08-11 20:00:00+00:00,118717.6640625,119142.859375,118244.21875,119069.25,1170907136
2025-08-12 00:00:00+00:00,118821.9609375,119282.2421875,118653.796875,118692.4453125,242524160
2025-08-12 04:00:00+00:00,119008.7265625,119166.390625,118479.1328125,118830.3046875,1149059072
2025-08-12 08:00:00+00:00,118538.09375,119051.3828125,118233.9140625,118984.25,0
2025-08-12 12:00:00+00:00,119922.3984375,119922.3984375,118287.1328125,118503.2734375,1794973696
2025-08-12 16:00:00+00:00,119680.90625,120191.6953125,119235.515625,119931.0390625,861511680
2025-08-12 20:00:00+00:00,120168.9765625,120238.5234375,119516.0625,119633.859375,2146131968
2025-08-13 00:00:00+00:00,119476.5234375,120127.8984375,119086.6953125,120122.796875,2409332736
2025-08-13 04:00:00+00:00,119616.9921875,119791.2734375,118947.28125,119462.859375,1503797248
2025-08-13 08:00:00+00:00,120605.2421875,120696.03125,119463.890625,119525.0234375,3247595520
2025-08-13 12:00:00+00:00,120958.8125,122194.5703125,120141.8671875,120553.5234375,7639998464
2025-08-13 16:00:00+00:00,122809.1484375,122833.9921875,120987.1953125,120987.1953125,4433960960
2025-08-13 20:00:00+00:00,123339.3984375,123617.78125,122389.515625,122776.171875,5743149056
2025-08-14 00:00:00+00:00,123411.46875,124322.2890625,123320.046875,123339.765625,5707030528
2025-08-14 04:00:00+00:00,121824.171875,123434.03125,121390.3671875,123385.7578125,4509646848
2025-08-14 08:00:00+00:00,120991.6328125,122029.578125,120773.1875,121679.1171875,2259099648
2025-08-14 12:00:00+00:00,118269.46875,121136.59375,117861.6484375,120989.5390625,6999531520
2025-08-14 16:00:00+00:00,118128.84375,118468.0859375,117415.6328125,118185.2265625,4112228352
2025-08-14 20:00:00+00:00,118365.78125,118606.28125,117491.609375,118009.6796875,2064760832
2025-08-15 00:00:00+00:00,119074.125,119186.390625,118163.7265625,118369.5234375,583221248
2025-08-15 04:00:00+00:00,119039.1328125,119318.265625,118777.1953125,119082.140625,0
2025-08-15 08:00:00+00:00,119092.765625,119236.25,118707.171875,119045.8125,0
2025-08-15 12:00:00+00:00,117359.5390625,119180.734375,116943.2890625,119063.6796875,1144651776
2025-08-15 16:00:00+00:00,117005.4921875,117874.921875,116933.53125,117322.6171875,2248368128
2025-08-15 20:00:00+00:00,117398.421875,117856.671875,116975.9140625,116988.03125,1300627456
2025-08-16 00:00:00+00:00,117511.21875,117996.0625,117317.09375,117400.25,95674368
2025-08-16 04:00:00+00:00,117716.4453125,117972.375,117407.203125,117563.4765625,2740256768
2025-08-16 08:00:00+00:00,117449.0625,117778.8828125,117333.25,117697.734375,1679294464
2025-08-16 12:00:00+00:00,117767.9140625,117878.2265625,117450.9765625,117471.9609375,0
2025-08-16 16:00:00+00:00,117767.9921875,117901.65625,117731.3515625,117761.578125,195624960
2025-08-16 20:00:00+00:00,117492.7890625,117790.984375,117360.578125,117736.015625,774717440
2025-08-17 00:00:00+00:00,117765.3046875,117815.1484375,117290.15625,117469.3359375,229167104
2025-08-17 04:00:00+00:00,118071.015625,118294.734375,117761.90625,117767.4140625,1911296000
2025-08-17 08:00:00+00:00,118369.0,118508.453125,118010.484375,118080.25,277647360
2025-08-17 12:00:00+00:00,118316.7734375,118563.1015625,118143.78125,118372.2421875,156930048
2025-08-17 16:00:00+00:00,117640.03125,118371.2265625,117375.875,118296.4921875,2987311104
2025-08-17 20:00:00+00:00,117453.90625,118065.2578125,117453.90625,117651.453125,258035712
2025-08-18 00:00:00+00:00,115407.0625,117614.078125,115081.5546875,117476.1015625,10337718272
2025-08-18 04:00:00+00:00,115287.9375,115765.796875,115043.21875,115398.6875,4544782336
2025-08-18 08:00:00+00:00,115053.3359375,115454.5546875,114731.1796875,115277.6484375,4502138880
2025-08-18 12:00:00+00:00,116203.03125,116203.03125,114930.9296875,115016.4296875,4930023424
2025-08-18 16:00:00+00:00,116405.7578125,116856.8359375,115904.2265625,116210.2890625,2445844480
2025-08-18 20:00:00+00:00,116241.859375,117028.4609375,116121.84375,116360.4140625,2403745792
2025-08-19 00:00:00+00:00,114947.203125,116756.0,114874.3828125,116271.6015625,158015488
2025-08-19 04:00:00+00:00,115001.0546875,115495.6640625,114585.953125,114851.71875,0
2025-08-19 08:00:00+00:00,115603.1875,115665.671875,114845.21875,115020.03125,1521803264
2025-08-19 12:00:00+00:00,113787.046875,115906.09375,113644.3984375,115579.1796875,3713126400
2025-08-19 16:00:00+00:00,113166.703125,113864.96875,112783.140625,113772.09375,5657518080
2025-08-19 20:00:00+00:00,112828.0234375,113541.453125,112758.0625,113177.1328125,2912534528
2025-08-20 00:00:00+00:00,113541.34375,113643.3671875,112578.671875,112852.109375,2007195648
2025-08-20 04:00:00+00:00,113451.265625,113820.421875,113451.265625,113528.4609375,2302205952
2025-08-20 08:00:00+00:00,113596.515625,114021.1875,113099.78125,113466.0,2839674880
2025-08-20 12:00:00+00:00,113373.6171875,114295.6953125,112415.5234375,113631.84375,2177835008
2025-08-20 16:00:00+00:00,114327.890625,114327.890625,113276.453125,113371.375,1551130624
2025-08-20 20:00:00+00:00,114275.6875,114618.34375,114001.078125,114210.65625,1769496576
2025-08-21 00:00:00+00:00,113991.1640625,114771.703125,113935.7109375,114209.3359375,326995968
2025-08-21 04:00:00+00:00,113900.2265625,114011.5,113613.75,113978.6328125,1756082176
2025-08-21 08:00:00+00:00,113145.5,113984.890625,113054.1015625,113889.75,951054336
2025-08-21 12:00:00+00:00,112787.421875,113969.453125,112692.859375,113100.2578125,795279360
2025-08-21 16:00:00+00:00,112098.296875,112907.7890625,111998.2421875,112764.4921875,993353728
2025-08-21 20:00:00+00:00,112433.734375,112732.3359375,112052.5703125,112126.984375,2350260224
2025-08-22 00:00:00+00:00,112872.5703125,113465.9921875,112326.234375,112462.859375,646316032
2025-08-22 04:00:00+00:00,113088.390625,113322.9375,112746.4453125,112889.4609375,2202734592
2025-08-22 08:00:00+00:00,112307.1015625,113271.6796875,112149.6796875,113075.296875,1991327744
2025-08-22 12:00:00+00:00,116548.1640625,117170.0703125,111678.9453125,112320.546875,15711801344
2025-08-22 16:00:00+00:00,116641.0234375,117370.6796875,116138.5078125,116412.21875,6350249984
2025-08-22 20:00:00+00:00,116866.3671875,117136.4609375,116544.0703125,116626.09375,4665327616
2025-08-23 00:00:00+00:00,115515.0859375,116995.2421875,115439.2890625,116920.8671875,1817378816
2025-08-23 04:00:00+00:00,115735.765625,115972.3828125,115513.8984375,115513.8984375,462168064
2025-08-23 08:00:00+00:00,115192.3046875,115816.578125,115192.3046875,115765.34375,0
2025-08-23 12:00:00+00:00,114805.515625,115417.75,114596.171875,115209.71875,0
2025-08-23 16:00:00+00:00,115092.0390625,115130.609375,114680.375,114786.4296875,0
2025-08-23 20:00:00+00:00,115387.390625,115387.390625,114987.0,115083.1484375,895344640
2025-08-24 00:00:00+00:00,114992.4921875,115574.6875,114927.15625,115341.6015625,297271296
2025-08-24 04:00:00+00:00,114883.2890625,115222.7265625,114817.7109375,114992.4296875,471986176
2025-08-24 08:00:00+00:00,114711.46875,114977.53125,114581.65625,114878.625,1251450880
2025-08-24 12:00:00+00:00,114398.2578125,114789.8203125,114357.6171875,114716.8984375,311169024
2025-08-24 16:00:00+00:00,112449.1484375,114843.671875,111409.109375,114387.1640625,10688753664
2025-08-24 20:00:00+00:00,113456.8984375,113635.75,111874.1875,112441.1015625,13270564864
2025-08-25 00:00:00+00:00,113118.7890625,113599.9296875,112174.9375,113465.1796875,1230585856
2025-08-25 04:00:00+00:00,111457.546875,112979.21875,111412.125,112920.9296875,4717101056
2025-08-25 08:00:00+00:00,111212.9140625,111786.0546875,110932.9921875,111479.4296875,5191630848
2025-08-25 12:00:00+00:00,112189.828125,112542.4140625,110610.125,111332.1640625,6104293376
2025-08-25 16:00:00+00:00,110787.1953125,112931.53125,110787.1953125,112196.6328125,1386004480
2025-08-25 20:00:00+00:00,110124.1015625,111059.7109375,109347.6328125,110681.6796875,5599199232
2025-08-26 00:00:00+00:00,109869.03125,110061.859375,108848.1484375,110061.859375,4084989952
2025-08-26 04:00:00+00:00,110296.25,110424.1796875,109808.4765625,109887.8125,779141120
2025-08-26 08:00:00+00:00,109839.578125,110429.0,109620.921875,110308.2734375,266739712
2025-08-26 12:00:00+00:00,109698.75,110638.0078125,109454.8046875,109872.1484375,1356988416
2025-08-26 16:00:00+00:00,111146.6171875,111167.3359375,109468.15625,109686.6875,1453957120
2025-08-26 20:00:00+00:00,111795.7109375,112368.234375,110980.5078125,111130.5078125,1384022016
2025-08-27 00:00:00+00:00,111481.5078125,111798.0,110964.9375,111798.0,226095104
2025-08-27 04:00:00+00:00,110675.125,111689.1328125,110669.53125,111449.578125,37318656
2025-08-27 08:00:00+00:00,111332.21875,111368.9921875,110467.1171875,110809.140625,4003405824
2025-08-27 12:00:00+00:00,112023.328125,112619.4140625,111063.8203125,111320.4765625,515461120
2025-08-27 16:00:00+00:00,112014.6796875,112601.2890625,111638.5,112024.5703125,537780224
2025-08-27 20:00:00+00:00,111219.0546875,112408.921875,111116.78125,112061.1875,2160062464
2025-08-28 00:00:00+00:00,112015.8984375,112015.8984375,110909.0703125,111261.3671875,42577920
2025-08-28 04:00:00+00:00,113161.2734375,113361.6875,111970.390625,112006.796875,4223639552
2025-08-28 08:00:00+00:00,112917.171875,113356.453125,112850.3671875,113144.1875,1308065792
2025-08-28 12:00:00+00:00,112651.3203125,113436.234375,112412.203125,112919.453125,298897408
2025-08-28 16:00:00+00:00,111929.84375,113151.2890625,111929.84375,112666.2265625,1460137984
2025-08-28 20:00:00+00:00,112564.375,112564.375,111879.1015625,112002.265625,0
2025-08-29 00:00:00+00:00,111766.6328125,112609.453125,111374.9296875,112571.5234375,3171360768
2025-08-29 04:00:00+00:00,109912.609375,111843.453125,109912.609375,111744.1015625,4118921216
2025-08-29 08:00:00+00:00,110073.78125,110268.9921875,109479.6171875,110011.09375,3940065280
2025-08-29 12:00:00+00:00,108451.421875,111122.7109375,108178.3359375,110098.5625,7636488192
2025-08-29 16:00:00+00:00,108279.3359375,108822.3046875,108057.3984375,108394.265625,1941889024
2025-08-29 20:00:00+00:00,108409.40625,108568.0859375,107577.2578125,108226.9609375,5397471232
2025-08-30 00:00:00+00:00,108411.421875,108413.6953125,107481.96875,108330.4375,2611683328
2025-08-30 04:00:00+00:00,108525.1015625,108643.46875,108129.125,108406.9140625,3072335872
2025-08-30 08:00:00+00:00,108708.3046875,108735.8984375,108432.2890625,108520.9453125,0
2025-08-30 12:00:00+00:00,108863.3203125,108921.6953125,108234.0703125,108636.734375,0
2025-08-30 16:00:00+00:00,108824.9375,108896.359375,108658.234375,108834.3671875,58793984
2025-08-30 20:00:00+00:00,108818.4609375,108849.4765625,108488.5546875,108849.4765625,546185216
2025-08-31 00:00:00+00:00,109194.828125,109485.015625,108823.390625,108823.390625,181936128
2025-08-31 04:00:00+00:00,108716.578125,109206.90625,108537.7265625,109206.90625,570896384
2025-08-31 08:00:00+00:00,108399.5859375,109101.8359375,108367.296875,108710.109375,1867010048
2025-08-31 12:00:00+00:00,108792.7734375,108802.875,108198.328125,108398.4296875,1816338432
2025-08-31 16:00:00+00:00,108923.2578125,109214.1875,108594.28125,108800.4296875,2985426944
2025-08-31 20:00:00+00:00,108228.75,109222.7109375,108107.3203125,108914.359375,871792640
2025-09-01 00:00:00+00:00,107691.9609375,108384.953125,107423.6328125,108250.2578125,3499171840
2025-09-01 04:00:00+00:00,109362.9140625,109362.9140625,107285.796875,107681.828125,5573017600
2025-09-01 08:00:00+00:00,108799.1171875,109830.2265625,108233.1953125,109709.828125,4086153216
2025-09-01 12:00:00+00:00,108739.5,109512.0859375,108632.5703125,108776.453125,1597616128
2025-09-01 16:00:00+00:00,109211.0859375,109306.6171875,108515.65625,108826.9453125,1475702784
2025-09-01 20:00:00+00:00,109243.0703125,109356.9609375,107492.140625,109208.625,6787117056
2025-09-02 00:00:00+00:00,110348.9453125,110519.984375,108903.71875,109212.2578125,2197970944
2025-09-02 04:00:00+00:00,110170.484375,110556.90625,110060.0078125,110310.9765625,1920831488
2025-09-02 08:00:00+00:00,109632.28125,110669.25,109632.28125,110247.1171875,1147105280
2025-09-02 12:00:00+00:00,110739.5390625,111685.984375,108533.296875,109716.6640625,10303430656
2025-09-02 16:00:00+00:00,110691.515625,111113.765625,110209.7109375,110808.984375,5424021504
2025-09-02 20:00:00+00:00,111194.046875,111520.5,110771.65625,110780.9453125,0
2025-09-03 00:00:00+00:00,111066.8046875,111753.7890625,110917.2109375,111220.8046875,645283840
2025-09-03 04:00:00+00:00,111106.625,111114.46875,110593.75,111075.1875,1127833600
2025-09-03 08:00:00+00:00,111481.59375,111677.0234375,110911.609375,111105.78125,1138827264
2025-09-03 12:00:00+00:00,112241.46875,112500.1796875,111091.890625,111477.34375,0
2025-09-03 16:00:00+00:00,112226.90625,112526.0390625,111741.9765625,112238.2265625,910266368
2025-09-03 20:00:00+00:00,111718.1484375,112283.734375,111688.9921875,112244.5859375,48586752
2025-09-04 00:00:00+00:00,111217.6015625,112193.5859375,111217.6015625,111744.234375,17377939456
2025-09-04 04:00:00+00:00,110547.7421875,111347.8515625,110348.5,111192.984375,2764546048
2025-09-04 08:00:00+00:00,110837.40625,111143.953125,110461.3671875,110512.90625,0
2025-09-04 12:00:00+00:00,109530.46875,111119.59375,109371.359375,110849.5234375,1767346176
2025-09-04 16:00:00+00:00,109895.53125,110193.546875,109407.75,109523.4296875,1831981056
2025-09-04 20:00:00+00:00,110723.015625,111678.6015625,109844.3046875,109844.3046875,2709782528
2025-09-05 00:00:00+00:00,111305.1171875,111478.21875,110467.9453125,110729.4375,2858340352
2025-09-05 04:00:00+00:00,112966.625,112978.6015625,111170.2421875,111303.3515625,4041244672
2025-09-05 08:00:00+00:00,112341.5703125,112967.1640625,112149.3203125,112967.1640625,1597317120
2025-09-05 12:00:00+00:00,110702.4921875,113283.8125,110376.859375,112342.234375,12300156928
2025-09-05 16:00:00+00:00,111528.140625,111528.140625,110238.5703125,110719.3359375,1286852608
2025-09-05 20:00:00+00:00,110650.5703125,111666.4296875,110551.4296875,111609.984375,1815048192
2025-09-06 00:00:00+00:00,111058.125,111273.9609375,110574.765625,110652.1640625,1130151936
2025-09-06 04:00:00+00:00,110836.75,111071.171875,110699.9453125,111071.171875,46432256
2025-09-06 08:00:00+00:00,110789.0,110949.9140625,110665.9375,110831.0546875,491196416
2025-09-06 12:00:00+00:00,110488.421875,110993.1015625,110416.796875,110795.421875,0
2025-09-06 16:00:00+00:00,110053.5546875,110430.78125,110028.703125,110430.78125,1571016704
2025-09-06 20:00:00+00:00,110221.328125,110298.0625,110051.5859375,110056.1484375,0
2025-09-07 00:00:00+00:00,110652.203125,110749.53125,110229.953125,110256.1640625,1735970816
2025-09-07 04:00:00+00:00,110727.1640625,110892.4296875,110510.875,110643.9375,349732864
2025-09-07 08:00:00+00:00,111246.515625,111289.5078125,110744.1171875,110761.1953125,3796410368
2025-09-07 12:00:00+00:00,111286.8125,111373.484375,111056.15625,111243.015625,1082953728
2025-09-07 16:00:00+00:00,111255.8359375,111352.1875,110875.9609375,111307.1171875,905959424
2025-09-07 20:00:00+00:00,111163.015625,111588.0,111063.4453125,111255.328125,1265190912
2025-09-08 00:00:00+00:00,111041.9765625,111342.140625,110677.5234375,111142.3828125,3684335616
2025-09-08 04:00:00+00:00,111271.1328125,111601.3515625,110911.1484375,111039.375,977686528
2025-09-08 08:00:00+00:00,112068.1953125,112156.03125,111265.1484375,111268.75,3458576384
2025-09-08 12:00:00+00:00,112595.875,112854.5,111896.8359375,112057.0546875,6657241088
2025-09-08 16:00:00+00:00,112022.578125,112642.3359375,112022.578125,112608.8203125,1903509504
2025-09-08 20:00:00+00:00,112077.578125,112452.875,111905.640625,112035.3203125,1526267904
2025-09-09 00:00:00+00:00,111703.9765625,112074.9140625,111154.515625,112052.796875,618086400
2025-09-09 04:00:00+00:00,112989.015625,113217.2578125,111644.59375,111700.046875,6187626496
2025-09-09 08:00:00+00:00,112523.546875,113143.078125,112523.546875,112991.265625,979988480
2025-09-09 12:00:00+00:00,110944.890625,112881.1875,110791.4609375,112470.359375,4844089344
2025-09-09 16:00:00+00:00,111368.671875,111384.5625,110815.9921875,110893.046875,953999360
2025-09-09 20:00:00+00:00,111531.25,111697.6796875,111121.6015625,111334.5234375,3704205312
2025-09-10 00:00:00+00:00,111502.8828125,111541.515625,110943.1328125,111539.0625,2052505600
2025-09-10 04:00:00+00:00,112519.7109375,112523.78125,111400.5859375,111518.578125,2373730304
2025-09-10 08:00:00+00:00,112280.671875,112786.7265625,112150.9296875,112527.6015625,3272183808
2025-09-10 12:00:00+00:00,113882.9921875,114273.765625,112297.1953125,112297.1953125,8052121600
2025-09-10 16:00:00+00:00,113526.3203125,114047.515625,113182.9921875,113873.4296875,3428179968
2025-09-10 20:00:00+00:00,113961.4296875,114024.8828125,113597.1171875,113597.1171875,1292312576
2025-09-11 00:00:00+00:00,114413.3515625,114413.3515625,113723.5390625,113963.09375,0
2025-09-11 04:00:00+00:00,114071.8046875,114456.7578125,113991.0,114414.1328125,804433920
2025-09-11 08:00:00+00:00,114000.4453125,114177.046875,113796.6015625,114093.453125,0
2025-09-11 12:00:00+00:00,114170.0,114688.921875,113477.2734375,114017.7421875,992927744
2025-09-11 16:00:00+00:00,114501.234375,114597.015625,114139.515625,114200.7578125,1283981312
2025-09-11 20:00:00+00:00,115507.7890625,115516.46875,114276.1484375,114475.2578125,1130033152
2025-09-12 00:00:00+00:00,115220.484375,116313.515625,115094.921875,115509.0078125,6253064192
2025-09-12 04:00:00+00:00,115135.9921875,115676.625,115119.1796875,115212.5859375,2593009664
2025-09-12 08:00:00+00:00,114938.0546875,115243.7265625,114886.8125,115137.4296875,1851052032
2025-09-12 12:00:00+00:00,115153.8828125,115482.4609375,114804.1484375,114950.421875,257040384
2025-09-12 16:00:00+00:00,116737.328125,116757.53125,115111.78125,115143.40625,6374981632
2025-09-12 20:00:00+00:00,116093.5625,116742.59375,115833.453125,116742.59375,1788137472
2025-09-13 00:00:00+00:00,115982.34375,116324.7109375,115748.4140625,116104.3125,90005504
2025-09-13 04:00:00+00:00,115848.1640625,115987.9375,115715.4765625,115987.9375,0
2025-09-13 08:00:00+00:00,116030.7734375,116203.2109375,115826.25,115837.9375,1107873792
2025-09-13 12:00:00+00:00,115805.0546875,116076.9140625,115651.375,116035.7265625,141111296
2025-09-13 16:00:00+00:00,115818.53125,115854.96875,115267.875,115813.9296875,1044320256
2025-09-13 20:00:00+00:00,115950.2890625,116030.765625,115834.5234375,115834.5234375,0
2025-09-14 00:00:00+00:00,115703.71875,116106.2109375,115703.71875,115973.2734375,635744256
2025-09-14 04:00:00+00:00,115861.3203125,115962.1171875,115547.2421875,115726.7109375,1448028160
2025-09-14 08:00:00+00:00,115822.6015625,116180.9765625,115801.0078125,115852.65625,876052480
2025-09-14 12:00:00+00:00,115268.5859375,115883.1640625,115266.046875,115823.5625,3118528512
2025-09-14 16:00:00+00:00,115641.296875,115684.28125,115247.9375,115275.0234375,688816128
2025-09-14 20:00:00+00:00,115399.6328125,116125.625,115222.3984375,115647.2890625,1512656896
2025-09-15 00:00:00+00:00,115557.875,115597.46875,114914.4140625,115377.84375,1790187520
2025-09-15 04:00:00+00:00,115852.203125,116728.8046875,115443.796875,115498.6875,3667515392
2025-09-15 08:00:00+00:00,115141.7890625,115847.5078125,114684.9765625,115847.5078125,8268607488
2025-09-15 12:00:00+00:00,114924.40625,115078.7421875,114461.0625,115078.7421875,6255165440
2025-09-15 16:00:00+00:00,115306.9609375,115539.0546875,114682.4609375,114908.6953125,3233222656
2025-09-15 20:00:00+00:00,115350.734375,115614.8515625,115252.890625,115320.3671875,2967019520
2025-09-16 00:00:00+00:00,115396.15625,115466.3046875,115013.296875,115124.171875,145477632
2025-09-16 04:00:00+00:00,115842.4375,116038.5234375,115052.5390625,115373.046875,221810688
2025-09-16 08:00:00+00:00,115324.4921875,115755.046875,115277.6484375,115622.765625,328523776
2025-09-16 12:00:00+00:00,115817.6328125,115817.6328125,114836.9765625,115316.625,811401216
2025-09-16 16:00:00+00:00,116838.1953125,116899.6875,115657.3125,115877.859375,3620720640
2025-09-16 20:00:00+00:00,116840.5078125,117005.2734375,116640.6015625,116803.6875,2386341888
2025-09-17 00:00:00+00:00,116496.1328125,117077.015625,116478.84375,116850.6015625,1097682944
2025-09-17 04:00:00+00:00,117231.4375,117307.265625,116224.40625,116461.4296875,2554241024
2025-09-17 08:00:00+00:00,116302.6484375,117231.09375,116302.6484375,117231.09375,3337146368
2025-09-17 12:00:00+00:00,115905.0703125,116501.5078125,115546.03125,116302.0625,2006638592
2025-09-17 16:00:00+00:00,115696.234375,116262.7109375,114794.9765625,115865.7578125,11569242112
2025-09-17 20:00:00+00:00,116461.265625,117002.515625,115445.453125,115729.7109375,2162814976
2025-09-18 00:00:00+00:00,117653.3359375,117898.7734375,116196.5625,116467.4296875,7105687552
2025-09-18 04:00:00+00:00,117099.4375,117762.78125,116939.6484375,117759.6640625,2697506816
2025-09-18 08:00:00+00:00,117081.515625,117368.875,117052.8125,117105.71875,904450048
2025-09-18 12:00:00+00:00,117697.25,117852.9765625,117035.140625,117090.3984375,2303578112
2025-09-18 16:00:00+00:00,117427.1640625,117898.1640625,117236.7734375,117631.9296875,0
2025-09-18 20:00:00+00:00,117137.671875,117705.625,116696.75,117486.6015625,5836800
2025-09-19 00:00:00+00:00,117009.984375,117475.3515625,116949.7578125,117145.1953125,340508672
2025-09-19 04:00:00+00:00,116967.1640625,117126.15625,116732.1640625,117017.921875,680681472
2025-09-19 08:00:00+00:00,116426.0390625,117140.1640625,116370.609375,116967.28125,1146802176
2025-09-19 12:00:00+00:00,115936.1796875,116524.375,115558.5390625,116452.109375,2014547968
2025-09-19 16:00:00+00:00,115209.8828125,116161.7421875,115179.890625,115938.2734375,1087025152
2025-09-19 20:00:00+00:00,115691.125,115694.890625,115163.265625,115175.921875,1421049856
2025-09-20 00:00:00+00:00,115522.9140625,115775.0234375,115492.8984375,115692.296875,361943040
2025-09-20 04:00:00+00:00,116007.2421875,116045.046875,115488.640625,115524.921875,172417024
2025-09-20 08:00:00+00:00,115955.46875,116022.3203125,115718.8046875,116021.7734375,824131584
2025-09-20 12:00:00+00:00,116035.3828125,116180.5234375,115865.8046875,115952.671875,0
2025-09-20 16:00:00+00:00,115790.46875,116130.8203125,115769.09375,116037.046875,23228416
2025-09-20 20:00:00+00:00,115730.2265625,115999.984375,115683.046875,115775.234375,106397696
2025-09-21 00:00:00+00:00,115710.53125,115785.5546875,115536.5078125,115732.8046875,64616448
2025-09-21 04:00:00+00:00,115867.5859375,115871.125,115560.2109375,115745.9375,2003953664
2025-09-21 08:00:00+00:00,115668.5234375,115898.25,115433.453125,115879.21875,1824057344
2025-09-21 12:00:00+00:00,115609.6875,115825.4609375,115542.9765625,115669.6328125,306804736
2025-09-21 16:00:00+00:00,115562.171875,115705.8515625,115300.2890625,115599.875,0
2025-09-21 20:00:00+00:00,115309.21875,115613.7890625,115257.2890625,115572.4765625,2167056384
2025-09-22 00:00:00+00:00,114676.9453125,115430.6328125,114280.0625,115270.71875,8025530368
2025-09-22 04:00:00+00:00,112604.6171875,114695.0234375,112227.046875,114694.671875,16140355584
2025-09-22 08:00:00+00:00,112946.9609375,113021.0,112262.65625,112590.234375,7068409856
2025-09-22 12:00:00+00:00,112926.9609375,113483.96875,112502.59375,112956.3359375,7900758016
2025-09-22 16:00:00+00:00,112236.9921875,112951.125,112066.0,112909.296875,4793540608
2025-09-22 20:00:00+00:00,112757.4765625,113055.1171875,112098.09375,112184.2890625,4940713984
2025-09-23 00:00:00+00:00,112370.6875,112890.109375,111605.90625,112771.75,2329772032
2025-09-23 04:00:00+00:00,113151.25,113151.25,111965.390625,112439.0234375,633769984
2025-09-23 08:00:00+00:00,113020.6484375,113316.75,112782.3046875,113150.4296875,38658048
2025-09-23 12:00:00+00:00,112915.5625,113288.65625,112557.15625,113038.796875,292044800
2025-09-23 16:00:00+00:00,111654.03125,113008.765625,111599.8203125,112926.6875,2187145216
2025-09-23 20:00:00+00:00,112007.6640625,112250.734375,111567.359375,111676.875,676298752
2025-09-24 00:00:00+00:00,111758.4921875,112504.0625,111755.1015625,112017.4375,1234255872
2025-09-24 04:00:00+00:00,112557.390625,112801.765625,111384.296875,111757.7734375,2139701248
2025-09-24 08:00:00+00:00,113059.296875,113186.7890625,112449.640625,112590.59375,1371361280
2025-09-24 12:00:00+00:00,113425.5,113908.0625,112853.421875,113054.8203125,2523484160
2025-09-24 16:00:00+00:00,113483.6640625,113981.8984375,113225.6953125,113368.5625,0
2025-09-24 20:00:00+00:00,113330.1640625,113686.2421875,113254.0078125,113494.3046875,1190600704
2025-09-25 00:00:00+00:00,112568.765625,113540.625,112407.734375,113340.0625,2311499776
2025-09-25 04:00:00+00:00,111778.8203125,112606.0390625,111525.8828125,112542.5859375,2645164032
2025-09-25 08:00:00+00:00,111380.2109375,112214.4765625,111380.2109375,111781.4609375,2535649280
2025-09-25 12:00:00+00:00,111532.453125,111757.7265625,110710.015625,111378.28125,8049319936
2025-09-25 16:00:00+00:00,109417.9296875,111695.0546875,108725.28125,111594.4453125,12313378816
2025-09-25 20:00:00+00:00,109041.296875,109690.1328125,108948.1015625,109351.2109375,3083091968
2025-09-26 00:00:00+00:00,109632.96875,109835.8125,108919.4375,109014.1015625,904896512
2025-09-26 04:00:00+00:00,109342.9296875,109684.1171875,109032.390625,109634.6875,4756365312
2025-09-26 08:00:00+00:00,109177.6875,109770.34375,108754.2578125,109473.609375,1898340352
2025-09-26 12:00:00+00:00,109108.59375,109783.3046875,108884.171875,109149.6328125,1357930496
2025-09-26 16:00:00+00:00,109220.7109375,110340.0390625,109073.8046875,109073.8046875,0
2025-09-26 20:00:00+00:00,109716.9140625,109720.859375,109161.703125,109237.96875,254251008
2025-09-27 00:00:00+00:00,109595.734375,109772.25,109399.9765625,109702.3671875,0
2025-09-27 04:00:00+00:00,109453.53125,109758.765625,109393.5625,109597.8203125,633298944
2025-09-27 08:00:00+00:00,109351.46875,109504.015625,109160.3515625,109444.7265625,0
2025-09-27 12:00:00+00:00,109434.171875,109491.625,109266.921875,109348.203125,0
2025-09-27 16:00:00+00:00,109464.71875,109476.5859375,109306.4375,109435.515625,0
2025-09-27 20:00:00+00:00,109681.9453125,109752.171875,109407.6796875,109470.015625,950245376
2025-09-28 00:00:00+00:00,109487.4765625,109811.4921875,109406.2109375,109687.5703125,332564480
2025-09-28 04:00:00+00:00,109539.3828125,109575.4765625,109325.9296875,109484.078125,0
2025-09-28 08:00:00+00:00,109434.8125,109599.734375,109298.015625,109529.5625,1138212864
2025-09-28 12:00:00+00:00,110062.9609375,110062.9609375,109240.3125,109418.65625,2166157312
2025-09-28 16:00:00+00:00,110351.71875,110393.2109375,110035.0546875,110064.65625,1997180928
2025-09-28 20:00:00+00:00,112117.875,112364.7890625,110338.28125,110366.7578125,6808475648
2025-09-29 00:00:00+00:00,111856.875,112345.6953125,111634.0859375,112201.1640625,3539687424
2025-09-29 04:00:00+00:00,111868.6953125,111927.453125,111605.8359375,111906.2578125,4700639232
2025-09-29 08:00:00+00:00,112139.6484375,112372.40625,111880.7578125,111880.7578125,4801540096
2025-09-29 12:00:00+00:00,113873.5390625,114284.34375,111969.1171875,112128.0234375,11148201984
2025-09-29 16:00:00+00:00,114370.828125,114370.828125,113550.125,113862.5625,3709943808
2025-09-29 20:00:00+00:00,114396.5234375,114459.59375,114091.0234375,114300.7109375,2658496512
2025-09-30 00:00:00+00:00,114430.6875,114800.2578125,114142.3984375,114389.28125,508784640
2025-09-30 04:00:00+00:00,113774.921875,114435.53125,113678.671875,114435.53125,2592788480
2025-09-30 08:00:00+00:00,113131.5625,113772.375,112740.5625,113764.7890625,2565935104
2025-09-30 12:00:00+00:00,113146.1015625,113664.046875,112943.25,113100.8828125,82071552
2025-09-30 16:00:00+00:00,114426.3125,114540.09375,112817.1953125,113143.59375,1213865984
2025-09-30 20:00:00+00:00,114057.59375,114744.953125,113803.8203125,114394.5390625,2521870336
2025-10-01 00:00:00+00:00,114211.859375,114544.3671875,113984.9375,114078.0078125,821116928
2025-10-01 04:00:00+00:00,114596.953125,114714.203125,114210.1484375,114210.84375,1492398080
2025-10-01 08:00:00+00:00,116769.90625,116776.359375,114533.5078125,114584.78125,6518558720
2025-10-01 12:00:00+00:00,117421.9140625,117593.390625,116415.578125,116816.34375,4314136576
2025-10-01 16:00:00+00:00,117455.1640625,118139.828125,116837.90625,117476.3984375,4477657088
2025-10-01 20:00:00+00:00,118652.3828125,118652.3828125,117248.5625,117490.703125,2464161792
2025-10-02 00:00:00+00:00,118801.8203125,119451.0703125,118498.1171875,118625.8046875,6051627008
2025-10-02 04:00:00+00:00,118562.671875,118977.453125,118405.3359375,118797.1015625,418619392
2025-10-02 08:00:00+00:00,118811.609375,118912.0078125,118432.34375,118607.8515625,0
2025-10-02 12:00:00+00:00,119966.578125,119966.578125,118635.75,118820.9296875,1704509440
2025-10-02 16:00:00+00:00,120844.0546875,121047.34375,119494.0390625,119974.15625,4410146816
2025-10-02 20:00:00+00:00,120656.984375,120965.375,120160.0390625,120897.1953125,1616986112
2025-10-03 00:00:00+00:00,120325.453125,120606.3203125,119953.234375,120606.3203125,0
2025-10-03 04:00:00+00:00,119745.015625,120359.5234375,119731.375,120312.9765625,1994543104
2025-10-03 08:00:00+00:00,120438.4375,120585.265625,119350.9609375,119750.390625,6669750272
2025-10-03 12:00:00+00:00,122234.078125,122234.078125,120028.78125,120434.2890625,0
2025-10-03 16:00:00+00:00,122724.0078125,123919.5546875,121576.0546875,122383.4140625,22395318272
2025-10-03 20:00:00+00:00,122267.46875,122794.953125,122088.40625,122736.21875,908525568
2025-10-04 00:00:00+00:00,122326.6328125,122330.890625,121782.4921875,122276.53125,669474816
2025-10-04 04:00:00+00:00,122353.90625,122829.984375,122285.3828125,122324.8125,1528061952
2025-10-04 08:00:00+00:00,122057.734375,122584.9453125,122041.546875,122347.9609375,0
2025-10-04 12:00:00+00:00,121813.265625,122498.4375,121769.1875,122041.1875,0
2025-10-04 16:00:00+00:00,121952.3515625,121987.2109375,121591.8984375,121827.3515625,0
2025-10-04 20:00:00+00:00,122419.671875,122419.671875,121934.0078125,121981.8828125,255979520
2025-10-05 00:00:00+00:00,123789.421875,124278.71875,122206.15625,122425.2109375,7275864064
2025-10-05 04:00:00+00:00,124878.234375,125559.2109375,123836.546875,123836.546875,15087755264
2025-10-05 08:00:00+00:00,123516.5234375,124792.8984375,122630.2265625,124742.640625,9247846400
2025-10-05 12:00:00+00:00,122849.703125,123490.3203125,122740.53125,123490.3203125,2716504064
2025-10-05 16:00:00+00:00,122587.2421875,123464.453125,122460.3671875,122841.6796875,2315722752
2025-10-05 20:00:00+00:00,123510.453125,123551.046875,122549.6484375,122549.6484375,3492896768
2025-10-06 00:00:00+00:00,123893.6484375,124301.5,123199.578125,123508.1484375,4168310784
2025-10-06 04:00:00+00:00,123395.75,124093.8125,123369.671875,123883.109375,0
2025-10-06 08:00:00+00:00,124266.9375,124498.140625,123412.109375,123412.109375,1399029760
2025-10-06 12:00:00+00:00,125106.9140625,125384.8671875,124257.1015625,124267.609375,8353431552
2025-10-06 16:00:00+00:00,125424.2578125,126183.2265625,124865.4140625,125055.2265625,6989959168
2025-10-06 20:00:00+00:00,124752.140625,125532.2109375,124688.8984375,125420.203125,4569661440
2025-10-07 00:00:00+00:00,124361.3046875,125097.65625,124209.2265625,124726.34375,1364807680
2025-10-07 04:00:00+00:00,123712.234375,124677.7421875,123670.8515625,124363.9453125,1352982528
2025-10-07 08:00:00+00:00,124520.2890625,124565.140625,123460.65625,123715.4296875,277749760
2025-10-07 12:00:00+00:00,121813.796875,125170.734375,121428.3515625,124540.578125,7764865024
2025-10-07 16:00:00+00:00,121715.8046875,122069.546875,120716.625,121893.9765625,5490237440
2025-10-07 20:00:00+00:00,121461.640625,122309.3203125,121461.640625,121742.6640625,1183645696
2025-10-08 00:00:00+00:00,121418.9140625,122262.6796875,121360.0390625,121408.8828125,3573153792
2025-10-08 04:00:00+00:00,121543.6484375,121934.15625,121130.4453125,121411.4453125,3035406336
2025-10-08 08:00:00+00:00,122921.1796875,123216.53125,121602.6484375,121623.265625,2770714624
2025-10-08 12:00:00+00:00,122207.5234375,123247.5625,121875.8046875,122921.0546875,0
2025-10-08 16:00:00+00:00,123520.203125,124144.6328125,122195.359375,122209.78125,929906688
2025-10-08 20:00:00+00:00,123337.0703125,123683.6953125,122903.1953125,123500.1640625,692396032
2025-10-09 00:00:00+00:00,122064.671875,123379.09375,121600.2578125,123379.09375,901435392
2025-10-09 04:00:00+00:00,121932.7265625,122273.9453125,121833.1171875,122062.34375,0
2025-10-09 08:00:00+00:00,122818.3671875,122863.3203125,121191.40625,121937.9453125,1363464192
2025-10-09 12:00:00+00:00,121213.40625,123725.40625,120835.2109375,122800.484375,9141645312
2025-10-09 16:00:00+00:00,121013.578125,121456.703125,119892.359375,121196.8515625,5194436608
2025-10-09 20:00:00+00:00,121704.7421875,121806.3203125,120928.1484375,120998.796875,2784141312
2025-10-10 00:00:00+00:00,121161.203125,121933.6328125,121037.40625,121727.234375,2275934208
2025-10-10 04:00:00+00:00,121035.796875,121770.28125,121035.796875,121184.640625,3926515712
2025-10-10 08:00:00+00:00,121623.3125,121798.28125,120972.0234375,120972.0234375,847249408
2025-10-10 12:00:00+00:00,119072.296875,122498.6015625,118579.5390625,121604.1875,9223450624
2025-10-10 16:00:00+00:00,116787.390625,119418.9765625,116060.9296875,119040.3046875,10058104832
2025-10-10 20:00:00+00:00,113236.4296875,117144.265625,104953.1640625,116673.0,70231711744
2025-10-11 00:00:00+00:00,112425.484375,113411.9609375,111226.546875,112980.5859375,22225534976
2025-10-11 04:00:00+00:00,110320.6953125,113060.890625,110320.6953125,112348.4609375,13133398016
2025-10-11 08:00:00+00:00,112351.6875,112440.953125,110320.0859375,110451.0078125,10881171456
2025-10-11 12:00:00+00:00,111975.2890625,112617.640625,111975.2890625,112389.0859375,4243800064
2025-10-11 16:00:00+00:00,111225.9375,112285.1484375,111060.015625,111941.9765625,0
2025-10-11 20:00:00+00:00,110811.515625,111429.796875,109817.7734375,111429.796875,0
2025-10-12 00:00:00+00:00,110776.8984375,111341.34375,109730.1953125,110718.3671875,0
2025-10-12 04:00:00+00:00,111632.46875,112140.171875,110774.890625,110781.1015625,0
2025-10-12 08:00:00+00:00,111870.453125,112069.140625,111254.734375,111657.7265625,0
2025-10-12 12:00:00+00:00,113342.6484375,113726.7109375,111256.140625,111882.265625,11498516480
2025-10-12 16:00:00+00:00,114407.2109375,114722.65625,113273.0703125,113273.0703125,10484842496
2025-10-12 20:00:00+00:00,115161.6796875,115757.890625,114417.3203125,114417.3203125,5634433024
2025-10-13 00:00:00+00:00,114913.0625,115899.328125,114815.6875,115091.0390625,818102272
2025-10-13 04:00:00+00:00,115423.5,115600.234375,114552.625,115022.8125,2902712320
2025-10-13 08:00:00+00:00,114382.3203125,115484.5390625,114033.171875,115449.609375,2469462016
2025-10-13 12:00:00+00:00,114505.6484375,115538.640625,113987.109375,114310.40625,1896923136
2025-10-13 16:00:00+00:00,115891.1484375,115986.171875,114358.5546875,114424.1640625,200949760
2025-10-13 20:00:00+00:00,115264.8828125,115960.4140625,115133.953125,115924.75,0
2025-10-14 00:00:00+00:00,113584.578125,115466.7734375,113391.9375,115261.4453125,3134038016
2025-10-14 04:00:00+00:00,111616.8203125,113688.5078125,111616.8203125,113622.3671875,4736253952
2025-10-14 08:00:00+00:00,111449.859375,112216.0859375,110187.1484375,111796.984375,7359070208
2025-10-14 12:00:00+00:00,112735.875,112800.46875,110034.8671875,111430.3046875,3125387264
2025-10-14 16:00:00+00:00,112671.1171875,113515.8671875,111937.3125,112944.9140625,9423446016
2025-10-14 20:00:00+00:00,113113.96875,113579.2890625,112367.9140625,112735.984375,1942183936
2025-10-15 00:00:00+00:00,112090.5078125,113559.046875,111919.59375,113084.546875,1613799424
2025-10-15 04:00:00+00:00,112611.09375,112692.6484375,111891.453125,112084.0703125,1277566976
2025-10-15 08:00:00+00:00,111992.0859375,113538.0859375,111979.078125,112617.3046875,1532633088
2025-10-15 12:00:00+00:00,110767.4765625,112285.265625,110514.671875,112006.828125,1161035776
2025-10-15 16:00:00+00:00,111323.5,111579.328125,110322.578125,110846.453125,0
2025-10-15 20:00:00+00:00,110777.1171875,111586.4296875,110637.09375,111416.5859375,1439940608
2025-10-16 00:00:00+00:00,111498.2890625,111869.2265625,110431.5078125,110797.3046875,393420800
2025-10-16 04:00:00+00:00,110613.65625,111785.5703125,110613.65625,111399.859375,2816073728
2025-10-16 08:00:00+00:00,111442.0859375,111677.578125,109752.9921875,110658.0859375,4756144128
2025-10-16 12:00:00+00:00,108513.4296875,111955.5625,108513.4296875,111453.734375,3461586944
2025-10-16 16:00:00+00:00,108295.9609375,109192.921875,107662.375,108400.109375,13200842752
2025-10-16 20:00:00+00:00,108179.1328125,108462.453125,107554.3515625,108226.6484375,2052292608
2025-10-17 00:00:00+00:00,109190.796875,109190.796875,108016.4140625,108202.9140625,448225280
2025-10-17 04:00:00+00:00,105566.015625,109204.953125,105566.015625,109162.640625,9039183872
2025-10-17 08:00:00+00:00,105670.03125,106356.6875,103598.4296875,105586.390625,17057988608
2025-10-17 12:00:00+00:00,106720.640625,106720.640625,104678.1875,105673.28125,3183968256
2025-10-17 16:00:00+00:00,106490.15625,107397.3359375,106113.7265625,106816.984375,0
2025-10-17 20:00:00+00:00,106483.734375,107451.2421875,106410.296875,106490.46875,2302754816
2025-10-18 00:00:00+00:00,107104.234375,107325.6796875,106389.5859375,106474.34375,2848522240
2025-10-18 04:00:00+00:00,106715.453125,107480.40625,106489.4140625,107132.2421875,327884800
2025-10-18 08:00:00+00:00,107150.34375,107172.78125,106696.1328125,106729.1328125,0
2025-10-18 12:00:00+00:00,106986.8203125,107340.984375,106825.15625,107252.15625,0
2025-10-18 16:00:00+00:00,107077.109375,107101.359375,106569.609375,106987.2265625,0
2025-10-18 20:00:00+00:00,107204.3125,107319.8984375,106914.9453125,107109.1328125,63827968
2025-10-19 00:00:00+00:00,107303.8828125,107332.8828125,106789.046875,107198.890625,0
2025-10-19 04:00:00+00:00,106802.0234375,107312.4609375,106624.8125,107312.4609375,1127974912
2025-10-19 08:00:00+00:00,107820.734375,108231.453125,106160.3671875,106808.8203125,7315554304
2025-10-19 12:00:00+00:00,108495.3125,108603.8984375,107441.4375,107815.2109375,5533270016
2025-10-19 16:00:00+00:00,108965.1953125,109479.828125,108308.46875,108542.15625,3826790400
2025-10-19 20:00:00+00:00,108667.4453125,109379.8359375,108529.453125,108961.015625,2264248320
2025-10-20 00:00:00+00:00,110211.2109375,110430.0625,107491.9609375,108671.8125,6437089280
2025-10-20 04:00:00+00:00,111211.859375,111402.65625,110031.96875,110216.125,8817889280
2025-10-20 08:00:00+00:00,111013.4296875,111596.296875,110696.2109375,111209.65625,10694656
2025-10-20 12:00:00+00:00,111300.4921875,111711.03125,110627.2109375,111027.7578125,776720384
2025-10-20 16:00:00+00:00,110878.4609375,111323.765625,109972.09375,111298.328125,10741018624
2025-10-20 20:00:00+00:00,110588.9296875,111248.390625,110477.1640625,110856.1875,726220800
2025-10-21 00:00:00+00:00,109181.9453125,110587.6328125,109181.9453125,110587.6328125,1308925952
2025-10-21 04:00:00+00:00,108122.0234375,109155.5,107545.8515625,109155.5,3412430848
2025-10-21 08:00:00+00:00,108604.484375,108738.203125,107534.75,108131.34375,913567744
2025-10-21 12:00:00+00:00,113351.0390625,113536.0234375,108292.515625,108615.484375,15977160704
2025-10-21 16:00:00+00:00,111920.5234375,113938.7890625,111592.6796875,113440.3828125,14234402816
2025-10-21 20:00:00+00:00,108491.53125,111831.59375,108283.7578125,111831.59375,11055751168
2025-10-22 00:00:00+00:00,108249.3671875,108705.5078125,107950.9765625,108380.0078125,5713149952
2025-10-22 04:00:00+00:00,108344.0,108673.1171875,107701.4140625,108272.5546875,1098260480
2025-10-22 08:00:00+00:00,107582.3359375,108395.0078125,106965.2265625,108383.4765625,3664289792
2025-10-22 12:00:00+00:00,108365.640625,109070.765625,107561.6484375,107596.7578125,1860509696
2025-10-22 16:00:00+00:00,107788.953125,108731.6328125,107530.6953125,108403.4609375,0
2025-10-22 20:00:00+00:00,107679.4375,108003.6796875,106793.546875,107837.4140625,1144242176
2025-10-23 00:00:00+00:00,108404.8828125,108727.1953125,107563.6640625,107609.4375,115638272
2025-10-23 04:00:00+00:00,109303.3203125,110241.65625,108401.6875,108407.25,1859813376
2025-10-23 08:00:00+00:00,109281.8125,109848.3046875,109187.59375,109303.4765625,1166163968
2025-10-23 12:00:00+00:00,109981.8828125,110099.7890625,108804.1796875,109274.3203125,666091520
2025-10-23 16:00:00+00:00,110331.484375,111282.578125,109724.3984375,109975.2421875,1492520960
2025-10-23 20:00:00+00:00,110069.3515625,110272.0546875,109473.078125,110272.0546875,0
2025-10-24 00:00:00+00:00,110477.9296875,110779.78125,110034.703125,110115.0625,119934976
2025-10-24 04:00:00+00:00,111111.8203125,111496.4921875,110406.65625,110489.25,784236544
2025-10-24 08:00:00+00:00,111063.3984375,111477.671875,110664.8984375,111097.8515625,973201408
2025-10-24 12:00:00+00:00,110044.8046875,111842.53125,109832.2109375,111150.4453125,3929620480
2025-10-24 16:00:00+00:00,110626.46875,110941.1796875,109866.6953125,110065.1015625,525914112
2025-10-24 20:00:00+00:00,111032.6171875,111163.3125,110541.46875,110648.4375,1177034752
2025-10-25 00:00:00+00:00,111074.65625,111227.4296875,110704.40625,111042.21875,276320256
2025-10-25 04:00:00+00:00,111519.5625,111735.1875,111056.578125,111056.578125,269377536
2025-10-25 08:00:00+00:00,111606.1484375,111840.796875,111445.4140625,111525.0859375,0
2025-10-25 12:00:00+00:00,111404.171875,111934.421875,111380.9765625,111598.2890625,0
2025-10-25 16:00:00+00:00,111622.515625,111734.609375,111228.3125,111412.9921875,5172193280
2025-10-25 20:00:00+00:00,111639.0546875,111691.6953125,111367.8671875,111628.8515625,739653632
2025-10-26 00:00:00+00:00,111288.1171875,111869.8515625,111284.1953125,111650.640625,545603584
2025-10-26 04:00:00+00:00,111718.9140625,111731.9765625,111268.546875,111286.78125,0
2025-10-26 08:00:00+00:00,113275.234375,113329.3828125,111734.4140625,111734.4140625,3804991488
2025-10-26 12:00:00+00:00,113693.71875,113895.5703125,113292.453125,113292.453125,5864294400
2025-10-26 16:00:00+00:00,113562.71875,113748.1328125,113315.171875,113695.7890625,2110214144
2025-10-26 20:00:00+00:00,114479.8515625,115017.4765625,113034.421875,113583.4375,7158444032
2025-10-27 00:00:00+00:00,114961.671875,115432.1953125,114431.703125,114557.6640625,4477079552
2025-10-27 04:00:00+00:00,115579.359375,116078.65625,114969.3515625,114976.34375,9930665984
2025-10-27 08:00:00+00:00,115418.453125,115563.3984375,114835.796875,115562.3515625,3725279232
2025-10-27 12:00:00+00:00,114995.8984375,115365.765625,114604.078125,115365.765625,3857801216
2025-10-27 16:00:00+00:00,114914.3359375,115759.40625,114798.515625,114951.2265625,2466254848
2025-10-27 20:00:00+00:00,114129.0859375,114897.9609375,113899.0,114897.9609375,3192557568
2025-10-28 00:00:00+00:00,113942.6953125,114499.421875,113859.3828125,114117.03125,23896064
2025-10-28 12:00:00+00:00,114707.984375,115450.9140625,114350.3203125,115450.9140625,396738560
2025-10-28 16:00:00+00:00,113635.1953125,115559.265625,113601.609375,114636.796875,4365750272
2025-10-28 20:00:00+00:00,112921.328125,113662.3828125,112291.6796875,113662.3828125,8432340992
2025-10-29 00:00:00+00:00,112539.2265625,112907.9375,112127.2890625,112849.84375,2306424832
2025-10-29 04:00:00+00:00,113547.703125,113547.703125,112543.6796875,112543.6796875,478453760
2025-10-29 08:00:00+00:00,113180.046875,113626.5390625,112819.484375,113565.203125,2665177088
2025-10-29 12:00:00+00:00,111546.140625,113612.2578125,111492.3828125,113164.171875,168816640
2025-10-29 16:00:00+00:00,110716.0859375,111974.9140625,109653.421875,111540.6171875,7114055680
2025-10-29 20:00:00+00:00,110059.1953125,111806.6015625,109900.125,110716.0859375,9568256
2025-10-30 00:00:00+00:00,110646.21875,110986.09375,109768.8046875,110066.0,591691776
2025-10-30 04:00:00+00:00,111356.84375,111585.46875,108085.6953125,110726.90625,10375954432
2025-10-30 08:00:00+00:00,109796.4765625,111342.8671875,109784.4609375,111341.515625,2640625664
2025-10-30 12:00:00+00:00,107748.8828125,109776.0234375,107389.28125,109776.0234375,5778669568
2025-10-30 16:00:00+00:00,106452.8984375,108210.4375,106452.8984375,107714.4609375,1505607680
2025-10-30 20:00:00+00:00,108304.4140625,108304.4140625,106398.71875,106510.9609375,2533425152
2025-10-31 00:00:00+00:00,109224.1875,109985.84375,108288.2734375,108288.2734375,3689480192
2025-10-31 04:00:00+00:00,109461.15625,110142.8515625,109141.5625,109211.8515625,0
2025-10-31 08:00:00+00:00,110351.1171875,110351.1171875,109186.0390625,109421.9921875,2416336896
2025-10-31 12:00:00+00:00,110160.484375,111004.484375,109489.2578125,110379.6953125,3826196480
2025-10-31 16:00:00+00:00,109818.265625,110202.078125,108605.5546875,110169.2421875,2784800768
2025-10-31 20:00:00+00:00,109558.625,109806.0859375,109279.1875,109806.0859375,790495232
2025-11-01 00:00:00+00:00,110170.6484375,110207.2265625,109373.3203125,109559.015625,0
2025-11-01 04:00:00+00:00,110013.703125,110390.5390625,109905.6796875,110167.9453125,0
2025-11-01 08:00:00+00:00,110065.5,110184.9453125,109812.46875,110004.578125,0
2025-11-01 12:00:00+00:00,110195.8359375,110328.2109375,109702.1953125,110089.96875,0
2025-11-01 16:00:00+00:00,110380.7578125,110538.203125,110233.71875,110297.8046875,0
2025-11-01 20:00:00+00:00,110093.375,110551.515625,109835.0234375,110363.0,733175808
2025-11-02 00:00:00+00:00,109993.5703125,110202.8828125,109867.671875,110048.0625,0
2025-11-02 04:00:00+00:00,110886.0078125,110972.28125,109988.9921875,109999.671875,3730505728
2025-11-02 08:00:00+00:00,111055.0,111055.0,110361.7109375,110876.0,3649409024
2025-11-02 12:00:00+00:00,110125.2421875,111142.5390625,110125.2421875,111094.7578125,1724610560
2025-11-02 16:00:00+00:00,110172.5859375,110315.734375,109747.109375,110098.21875,1077727232
2025-11-02 20:00:00+00:00,110646.90625,110663.0390625,109523.453125,110172.2109375,3368443904
2025-11-03 00:00:00+00:00,108007.796875,110713.7109375,107968.3828125,110491.5625,5989750784
2025-11-03 04:00:00+00:00,107652.0625,107998.640625,107065.546875,107998.640625,4279066624
2025-11-03 08:00:00+00:00,107782.328125,107876.28125,106909.953125,107493.0,2993979392
2025-11-03 12:00:00+00:00,105821.1953125,108271.5703125,105654.4765625,107779.640625,9294614528
2025-11-03 16:00:00+00:00,107110.515625,107618.6640625,105369.6328125,105724.4609375,13236240384
2025-11-03 20:00:00+00:00,106541.421875,107121.203125,105910.6796875,107027.671875,5528965120
2025-11-04 00:00:00+00:00,107136.75,107188.703125,105872.3671875,106557.8046875,1371676672
2025-11-04 04:00:00+00:00,104495.375,107231.1796875,104219.1484375,107118.2578125,7970332672
2025-11-04 08:00:00+00:00,104541.5859375,104574.4375,103608.5,104444.53125,3785515008
2025-11-04 12:00:00+00:00,103363.5625,104711.625,102943.9921875,104513.828125,5052547072
2025-11-04 16:00:00+00:00,100452.5,103445.09375,100022.8203125,103218.9296875,8488165376
2025-11-04 20:00:00+00:00,101579.234375,101678.9140625,99065.5546875,100458.046875,20143300608
2025-11-05 00:00:00+00:00,102118.2734375,102222.6171875,99008.890625,101517.0859375,9869500416
2025-11-05 04:00:00+00:00,102066.140625,102264.515625,101556.5546875,102094.71875,3912007680
2025-11-05 08:00:00+00:00,101998.875,102110.9140625,101204.78125,102026.765625,191365120
2025-11-05 12:00:00+00:00,103686.015625,103728.90625,101956.9140625,102076.40625,264273920
2025-11-05 16:00:00+00:00,104103.484375,104436.1328125,103135.40625,103708.40625,0
2025-11-05 20:00:00+00:00,103893.6640625,104501.3515625,103324.578125,104084.8203125,7987200
2025-11-06 00:00:00+00:00,103681.921875,103900.0703125,102842.328125,103896.96875,0
2025-11-06 04:00:00+00:00,103235.3984375,104147.3046875,102948.1015625,103622.421875,325808128
2025-11-06 08:00:00+00:00,103199.3515625,103384.8203125,102687.1875,103189.03125,1013891072
2025-11-06 12:00:00+00:00,101944.7265625,103516.9375,101737.375,103199.8984375,1805344768
2025-11-06 16:00:00+00:00,101487.046875,102233.90625,100342.953125,101975.71875,1965658112
2025-11-06 20:00:00+00:00,101286.2421875,101526.890625,100562.203125,101365.96875,4286447616
2025-11-07 00:00:00+00:00,101893.6640625,102314.984375,100749.15625,101282.7421875,3442405376
2025-11-07 04:00:00+00:00,101970.90625,102429.765625,101537.8046875,101866.6953125,5783252992
2025-11-07 08:00:00+00:00,100313.25,101967.6640625,99842.5078125,101967.6640625,5813968896
2025-11-07 12:00:00+00:00,100866.7578125,101149.421875,99309.9609375,100349.6015625,9595265024
2025-11-07 16:00:00+00:00,103244.1796875,103244.1796875,100492.5859375,100764.2109375,6270205952
2025-11-07 20:00:00+00:00,103373.3671875,104036.640625,102958.6875,103339.796875,2316615680
2025-11-08 00:00:00+00:00,102600.0390625,103359.0625,102569.5078125,103296.953125,0
2025-11-08 04:00:00+00:00,102301.4140625,102748.40625,101911.6015625,102630.40625,898064384
2025-11-08 08:00:00+00:00,101815.7890625,102619.5078125,101760.0859375,102309.9921875,0
2025-11-08 12:00:00+00:00,101637.4375,102154.59375,101463.1953125,101853.484375,0
2025-11-08 16:00:00+00:00,101920.5546875,102201.7421875,101535.1015625,101678.3046875,0
2025-11-08 20:00:00+00:00,102278.984375,102455.3203125,101951.0078125,101955.2890625,0
2025-11-09 00:00:00+00:00,101650.90625,102307.6328125,101468.875,102287.390625,0
2025-11-09 04:00:00+00:00,101885.4609375,102053.9375,101632.546875,101634.7421875,1054281728
2025-11-09 08:00:00+00:00,102188.7109375,102266.2890625,101524.90625,101922.34375,1397030912
2025-11-09 12:00:00+00:00,103758.5078125,104012.7421875,102055.9140625,102208.90625,4333047808
2025-11-09 16:00:00+00:00,104786.1875,104786.1875,103345.8515625,103730.7734375,1236344832
2025-11-09 20:00:00+00:00,104723.7734375,105253.3046875,104189.84375,104788.0625,6383652864
2025-11-10 00:00:00+00:00,106007.0859375,106529.5234375,104365.1796875,104725.828125,8608260096
2025-11-10 04:00:00+00:00,106421.890625,106511.3125,105859.90625,106021.4296875,1597992960
2025-11-10 08:00:00+00:00,106184.1953125,106545.859375,105922.125,106442.296875,2375245824
2025-11-10 12:00:00+00:00,104979.7734375,106535.1328125,104727.78125,106184.328125,3541049344
2025-11-10 16:00:00+00:00,105806.75,106009.125,104823.875,105024.46875,2210488320
2025-11-10 20:00:00+00:00,105996.859375,106241.0546875,105280.71875,105769.5625,1328701440
2025-11-11 00:00:00+00:00,106437.6015625,107341.21875,105563.3125,105986.1796875,1552973824
2025-11-11 04:00:00+00:00,104788.7109375,106480.890625,104773.1953125,106446.6640625,4057772032
2025-11-11 08:00:00+00:00,105250.3203125,105458.03125,104765.2265625,104765.2265625,317136896
2025-11-11 12:00:00+00:00,103478.7421875,105466.7421875,103238.3828125,105307.4453125,5521465344
2025-11-11 16:00:00+00:00,103111.40625,103711.1171875,102898.46875,103497.59375,669777920
2025-11-11 20:00:00+00:00,103011.4375,103185.375,102462.1171875,103105.953125,431972352
2025-11-12 00:00:00+00:00,103262.40625,103398.6484375,102724.78125,103019.21875,0
2025-11-12 04:00:00+00:00,103086.46875,103587.46875,103038.0390625,103260.1875,0
2025-11-12 08:00:00+00:00,105011.9765625,105184.4140625,103106.53125,103106.53125,4328189952
2025-11-12 12:00:00+00:00,102100.9453125,105292.03125,102035.890625,105008.5078125,869310464
2025-11-12 16:00:00+00:00,101276.109375,102211.4375,100863.390625,102173.4296875,5732671488
2025-11-12 20:00:00+00:00,101674.1484375,101965.5,101175.1875,101269.5234375,2463064064
2025-11-13 00:00:00+00:00,102291.65625,102522.2890625,101027.640625,101661.0625,4531740672
2025-11-13 04:00:00+00:00,103443.328125,103976.484375,101760.8984375,102245.1484375,8369496064
2025-11-13 08:00:00+00:00,102957.8125,103738.9296875,102592.3125,103475.28125,0
2025-11-13 12:00:00+00:00,101301.1953125,103233.0234375,101250.6328125,102954.5234375,6251094016
2025-11-13 16:00:00+00:00,98650.9921875,101422.4765625,98213.8359375,101378.4765625,15929327616
2025-11-13 20:00:00+00:00,99694.703125,100436.953125,98035.65625,98644.015625,7473102848
2025-11-14 00:00:00+00:00,99087.3515625,99789.1640625,98744.25,99690.40625,3269681152
2025-11-14 04:00:00+00:00,97102.8359375,99102.75,96120.90625,99102.328125,11834687488
2025-11-14 08:00:00+00:00,96073.0625,97473.7734375,95823.5390625,97102.5703125,4257464320
2025-11-14 12:00:00+00:00,96787.4140625,97182.765625,94525.0625,96152.84375,13569941504
2025-11-14 16:00:00+00:00,95615.3046875,97291.0625,94805.4921875,96718.0390625,0
2025-11-14 20:00:00+00:00,94420.46875,95799.1796875,94148.2421875,95693.171875,4126285824
2025-11-15 00:00:00+00:00,96333.921875,96706.703125,94509.15625,94509.15625,4676329472
2025-11-15 04:00:00+00:00,96275.25,96495.3828125,95929.453125,96314.78125,0
2025-11-15 08:00:00+00:00,95620.6328125,96259.34375,95592.90625,96259.34375,0
2025-11-15 12:00:00+00:00,96280.296875,96408.375,95530.0625,95616.5625,0
2025-11-15 16:00:00+00:00,95983.578125,96237.546875,95710.1875,96209.8671875,0
2025-11-15 20:00:00+00:00,95549.1484375,95975.7578125,95084.671875,95962.9296875,59682816
2025-11-16 00:00:00+00:00,95667.8828125,95887.125,94876.5625,95548.828125,15437332480
2025-11-16 04:00:00+00:00,96000.0078125,96048.4453125,95619.8359375,95768.5859375,0
2025-11-16 08:00:00+00:00,95574.21875,96553.15625,95508.2109375,96023.2109375,2524241920
2025-11-16 12:00:00+00:00,94386.3828125,95832.9609375,94386.3828125,95565.3359375,3669630976
2025-11-16 16:00:00+00:00,93939.0625,95340.7265625,93807.9765625,94453.9375,16282030080
2025-11-16 20:00:00+00:00,94180.875,94628.1796875,92971.1640625,93958.0078125,8602112000
2025-11-17 00:00:00+00:00,95390.0078125,95432.625,93758.75,94194.296875,4011032576
2025-11-17 04:00:00+00:00,95657.4921875,95771.03125,94846.984375,95423.3828125,3743244288
2025-11-17 08:00:00+00:00,95487.546875,95928.3671875,95284.078125,95645.9921875,795729920
2025-11-17 12:00:00+00:00,93878.6171875,95791.875,93566.765625,95490.5,9847152640
2025-11-17 16:00:00+00:00,91585.546875,94245.2578125,91557.140625,93858.671875,6387138560
2025-11-17 20:00:00+00:00,92094.53125,92275.0,91224.0546875,91571.5703125,9629376512
2025-11-18 00:00:00+00:00,90708.1015625,92227.984375,89673.46875,92059.7734375,11521712128
2025-11-18 04:00:00+00:00,90372.5390625,90739.4140625,89300.4609375,90739.4140625,8993275904
2025-11-18 08:00:00+00:00,91444.859375,91495.8515625,90391.1796875,90391.1796875,8365375488
2025-11-18 12:00:00+00:00,92887.3984375,92892.5078125,90882.171875,91476.5078125,7455940608
2025-11-18 16:00:00+00:00,93052.4375,93733.4375,92590.46875,92845.0,1928372224
2025-11-18 20:00:00+00:00,92946.1640625,93344.2109375,92427.1484375,93187.09375,2456731648
2025-11-19 00:00:00+00:00,91900.3984375,92944.140625,91816.8359375,92944.140625,0
2025-11-19 04:00:00+00:00,91855.6484375,91951.125,89989.59375,91875.859375,473038848
2025-11-19 08:00:00+00:00,91363.3046875,91868.9921875,91085.4921875,91833.625,0
2025-11-19 12:00:00+00:00,89842.6640625,92267.5078125,89842.6640625,91371.8203125,0
2025-11-19 16:00:00+00:00,88828.6640625,90131.625,88587.1328125,89867.3828125,5329510400
2025-11-19 20:00:00+00:00,91465.9921875,91465.9921875,88526.828125,88778.3515625,6359080960
2025-11-20 00:00:00+00:00,92440.28125,92687.5234375,91174.5859375,91460.7890625,2189754368
2025-11-20 04:00:00+00:00,92279.4296875,92996.515625,91636.1796875,92405.9296875,484753408
2025-11-20 08:00:00+00:00,91879.7109375,92281.9140625,91432.5625,92241.375,5750317056
2025-11-20 12:00:00+00:00,89917.03125,92148.828125,89917.03125,91856.5703125,5243805696
2025-11-20 16:00:00+00:00,86746.90625,89761.9296875,86057.9609375,89757.34375,11321401344
2025-11-20 20:00:00+00:00,86528.7734375,88126.8046875,86327.71875,86797.265625,4794327040
2025-11-21 00:00:00+00:00,85883.3984375,87356.359375,85384.5625,86523.953125,2951839744
2025-11-21 04:00:00+00:00,83816.34375,86225.875,83324.109375,85722.21875,9993150464
2025-11-21 08:00:00+00:00,82228.7734375,84530.3203125,81730.671875,83911.9296875,23039442944
2025-11-21 12:00:00+00:00,82816.7109375,85318.171875,80756.515625,82228.703125,15359819776
2025-11-21 16:00:00+00:00,84169.3671875,85362.765625,82414.4765625,82866.078125,11223031808
2025-11-21 20:00:00+00:00,85098.5625,85344.1953125,83470.5703125,84150.1796875,10639704064
2025-11-22 00:00:00+00:00,84406.234375,85503.0078125,84206.53125,85075.9609375,929292288
2025-11-22 04:00:00+00:00,84514.515625,84701.359375,83818.5859375,84397.1953125,94887936
2025-11-22 08:00:00+00:00,84144.0390625,84521.4140625,83490.8984375,84521.4140625,0
2025-11-22 12:00:00+00:00,84197.09375,84573.0078125,83604.1796875,84096.421875,0
2025-11-22 16:00:00+00:00,84610.125,84756.6328125,84209.0859375,84221.4765625,0
2025-11-22 20:00:00+00:00,84648.609375,85164.078125,84229.84375,84608.5,0
2025-11-23 00:00:00+00:00,86194.265625,86268.2109375,84680.8125,84680.8125,1552953344
2025-11-23 04:00:00+00:00,85691.453125,86743.296875,85413.03125,86289.8984375,3416162304
2025-11-23 08:00:00+00:00,86266.1640625,86403.078125,85728.5234375,85735.734375,2780491776
2025-11-23 12:00:00+00:00,87115.7890625,87115.7890625,86263.578125,86264.4609375,3324522496
2025-11-23 16:00:00+00:00,87326.5,87609.8515625,86497.75,87047.4453125,6030004224
2025-11-23 20:00:00+00:00,86798.7734375,88025.1875,86758.390625,87303.2734375,5714903040
2025-11-24 00:00:00+00:00,87344.1484375,87987.9921875,85967.28125,86794.40625,3780952064
2025-11-24 04:00:00+00:00,86977.4453125,87717.4765625,86435.75,87344.1484375,2739105792
2025-11-24 08:00:00+00:00,86224.9765625,86960.1640625,85691.3203125,86948.171875,2715389952
2025-11-24 12:00:00+00:00,86539.2578125,86668.375,85279.109375,86224.1640625,5850857472
2025-11-24 16:00:00+00:00,88234.0546875,88804.015625,86555.53125,86555.53125,4799127552
2025-11-24 20:00:00+00:00,88261.2578125,89195.734375,88255.1328125,88307.3984375,2213052416
2025-11-25 00:00:00+00:00,87734.015625,88268.5390625,87459.7421875,88268.5390625,0
2025-11-25 04:00:00+00:00,87381.484375,88457.3359375,87381.484375,87767.6328125,239296512
2025-11-25 08:00:00+00:00,87364.375,87568.5703125,86674.8046875,87373.609375,737157120
2025-11-25 12:00:00+00:00,86947.859375,87687.359375,86144.3515625,87365.5078125,909590528
2025-11-25 16:00:00+00:00,86800.15625,88070.765625,86171.4765625,86941.890625,497102848
2025-11-25 20:00:00+00:00,87345.5859375,87764.9609375,86605.2578125,86848.3359375,802000896
2025-11-26 00:00:00+00:00,87063.0546875,88150.796875,87063.0546875,87311.9375,446685184
2025-11-26 04:00:00+00:00,87862.171875,87862.171875,86895.28125,87133.0859375,1295949824
2025-11-26 08:00:00+00:00,87031.1640625,87905.921875,86671.5390625,87905.921875,208891904
2025-11-26 12:00:00+00:00,86897.2265625,87575.53125,86406.53125,87065.8515625,109342720
2025-11-26 16:00:00+00:00,89989.7578125,90380.8203125,86956.9453125,86956.9453125,9535938560
2025-11-26 20:00:00+00:00,90517.765625,90568.3671875,89516.9140625,89924.015625,1490849792
2025-11-27 00:00:00+00:00,91161.3984375,91862.0,90127.2109375,90474.9921875,5423337472
2025-11-27 04:00:00+00:00,91395.1015625,91509.8515625,90941.8046875,91138.7421875,920821760
2025-11-27 08:00:00+00:00,91386.90625,91836.625,91253.4765625,91412.6015625,937738240
2025-11-27 12:00:00+00:00,90959.4765625,91423.59375,90489.515625,91383.9453125,1362329600
2025-11-27 16:00:00+00:00,91537.890625,91811.3671875,90871.359375,90935.90625,934858752
2025-11-27 20:00:00+00:00,91285.3828125,91573.6484375,91223.359375,91542.53125,0
2025-11-28 00:00:00+00:00,91204.703125,91358.7109375,90699.5703125,91317.5234375,0
2025-11-28 04:00:00+00:00,90895.9609375,91675.6953125,90862.7421875,91193.9453125,0
2025-11-28 08:00:00+00:00,91456.0078125,91873.53125,90923.90625,90923.90625,1496817664
2025-11-28 12:00:00+00:00,92350.546875,92913.328125,91403.7734375,91454.734375,5532364800
2025-11-28 16:00:00+00:00,91164.7421875,92371.3515625,90281.1640625,92365.2421875,6502158336
2025-11-28 20:00:00+00:00,90939.7265625,91273.90625,90777.890625,91170.484375,338300928
2025-11-29 16:00:00+00:00,90675.4296875,90733.03125,90646.484375,90733.03125,0
2025-11-29 20:00:00+00:00,90850.890625,91078.0859375,90481.703125,90682.03125,0
2025-11-30 00:00:00+00:00,90907.5546875,91061.7265625,90521.59375,90836.71875,423297024
2025-11-30 04:00:00+00:00,90973.234375,91038.3984375,90712.6171875,90915.96875,59613184
2025-11-30 08:00:00+00:00,91059.453125,91566.0703125,90958.2109375,90970.2265625,1538260992
2025-11-30 12:00:00+00:00,91461.4375,91965.046875,91050.4375,91056.2265625,2427117568
2025-11-30 16:00:00+00:00,91467.609375,91865.8515625,91250.6875,91455.3984375,0
2025-11-30 20:00:00+00:00,90389.109375,91607.875,90389.109375,91474.3203125,1151610880
2025-12-01 00:00:00+00:00,86397.4765625,90379.84375,86226.484375,90379.84375,15680634880
2025-12-01 04:00:00+00:00,86533.8359375,86541.1640625,85665.9453125,86383.203125,8138141696
2025-12-01 08:00:00+00:00,86227.578125,86896.9453125,86227.578125,86536.78125,2343280640
2025-12-01 12:00:00+00:00,84637.1953125,86580.734375,83909.734375,86137.1484375,9870815232
2025-12-01 16:00:00+00:00,85033.78125,85477.53125,84104.4921875,84653.6015625,9019932672
2025-12-01 20:00:00+00:00,86322.5390625,86853.6796875,85021.875,85021.875,4505354240
2025-12-02 00:00:00+00:00,86956.0703125,87272.2734375,86205.09375,86306.09375,0
2025-12-02 04:00:00+00:00,87032.6953125,87218.3828125,86857.1484375,86961.7109375,0
2025-12-02 08:00:00+00:00,87395.390625,87553.921875,86408.96875,87039.8359375,2308128768
2025-12-02 12:00:00+00:00,90948.328125,91084.7265625,87114.8359375,87381.4140625,4991311872
2025-12-02 16:00:00+00:00,91951.6484375,92309.515625,90316.7734375,90928.65625,4248674304
2025-12-02 20:00:00+00:00,91345.09375,92004.703125,90821.234375,91945.8359375,1817141248
2025-12-03 00:00:00+00:00,92738.0703125,92973.796875,91080.0,91345.3125,2078662656
2025-12-03 04:00:00+00:00,93009.0,93935.609375,92694.1328125,92710.0703125,5788655616
2025-12-03 08:00:00+00:00,93030.828125,93380.3203125,92728.46875,93019.3515625,2962178048
2025-12-03 12:00:00+00:00,92391.71875,93554.9296875,91883.2109375,93030.1171875,935550976
2025-12-03 16:00:00+00:00,93015.546875,93486.4921875,91878.703125,92380.34375,0
2025-12-03 20:00:00+00:00,93454.2578125,94049.6953125,92865.453125,93034.28125,1659002880
2025-12-04 00:00:00+00:00,93546.546875,94022.4765625,92749.1484375,93463.3828125,0
2025-12-04 04:00:00+00:00,93395.09375,93553.65625,92821.0625,93553.65625,0
2025-12-04 08:00:00+00:00,92943.4375,93599.9375,92797.765625,93405.609375,0
2025-12-04 12:00:00+00:00,93007.4921875,93165.9921875,91905.4375,92966.2734375,232800256
2025-12-04 16:00:00+00:00,92028.8671875,93165.234375,90978.71875,92941.8984375,2537639936
2025-12-04 20:00:00+00:00,92133.6484375,92663.65625,91771.90625,92067.2890625,0
2025-12-05 00:00:00+00:00,92150.609375,92679.1640625,92070.9296875,92139.3359375,0
2025-12-05 04:00:00+00:00,92246.8359375,92496.078125,91862.125,92172.640625,225943552
2025-12-05 08:00:00+00:00,91395.03125,92257.3515625,91051.4765625,92257.3515625,1354833920
2025-12-05 12:00:00+00:00,90320.109375,91422.6640625,90010.3359375,91381.8046875,1359765504
2025-12-05 16:00:00+00:00,89725.2890625,90453.953125,88232.8828125,90453.953125,4549312512
2025-12-05 20:00:00+00:00,89389.359375,89727.28125,88944.9453125,89680.0625,893132800
2025-12-06 00:00:00+00:00,89709.21875,89793.8984375,89092.0390625,89360.8359375,420872192
2025-12-06 04:00:00+00:00,89638.171875,89771.8359375,89501.703125,89705.296875,0
2025-12-06 08:00:00+00:00,89648.8359375,89729.40625,89290.7734375,89627.609375,226177024
2025-12-06 12:00:00+00:00,89885.171875,90174.3359375,89582.7421875,89659.328125,0
2025-12-06 16:00:00+00:00,89433.890625,89985.5703125,89350.9453125,89779.0546875,0
2025-12-06 20:00:00+00:00,89277.8125,89604.9296875,88981.4921875,89433.6015625,259080192
2025-12-07 00:00:00+00:00,89732.3203125,89750.2890625,89225.390625,89257.46875,0
2025-12-07 04:00:00+00:00,89367.4921875,89806.9375,89260.28125,89736.515625,314773504
2025-12-07 08:00:00+00:00,89199.75,89524.8515625,89098.2734375,89382.1328125,62070784
2025-12-07 12:00:00+00:00,89498.5859375,89582.8671875,87823.5,89201.8125,3426189312
2025-12-07 16:00:00+00:00,91367.9921875,91719.8515625,89199.21875,89587.203125,6124109824
2025-12-07 20:00:00+00:00,90424.5859375,91504.9296875,89150.5390625,91401.015625,3991441408
2025-12-08 00:00:00+00:00,91126.984375,91670.484375,90006.03125,90426.9453125,4951568384
2025-12-08 04:00:00+00:00,91544.1953125,91810.265625,91087.1484375,91132.6875,1939902464
2025-12-08 08:00:00+00:00,92000.78125,92255.546875,91526.875,91565.6328125,2429562880
2025-12-08 12:00:00+00:00,90054.5625,92099.34375,89689.6640625,91982.6640625,3419762688
2025-12-08 16:00:00+00:00,90099.9375,90486.9453125,89753.640625,89910.1796875,2173693952
2025-12-08 20:00:00+00:00,90639.703125,91379.140625,90125.0390625,90125.0390625,1129852928
2025-12-09 00:00:00+00:00,90435.75,90820.96875,89830.9375,90644.140625,1202860032
2025-12-09 04:00:00+00:00,90480.9765625,90524.1484375,89586.9765625,90412.375,1339244544
2025-12-09 08:00:00+00:00,90375.5078125,90595.03125,90014.7890625,90477.609375,312393728
2025-12-09 12:00:00+00:00,92724.46875,92812.984375,90051.0625,90375.3125,914980864
2025-12-09 16:00:00+00:00,93815.1640625,94601.5703125,92656.3828125,92656.3828125,9747902464
2025-12-09 20:00:00+00:00,92695.234375,93808.9765625,92316.5546875,93741.5078125,2106171392
2025-12-10 00:00:00+00:00,92418.5390625,92770.34375,92027.890625,92705.875,1019387904
2025-12-10 04:00:00+00:00,92733.6328125,92733.6328125,92415.40625,92415.859375,1309835264
2025-12-10 08:00:00+00:00,92112.546875,93181.6015625,91839.6171875,92778.1796875,2958929920
2025-12-10 12:00:00+00:00,92012.4921875,92208.6171875,91676.8984375,92130.1328125,0
2025-12-10 16:00:00+00:00,92979.0546875,93128.8515625,91956.8125,92072.859375,5123604480
2025-12-10 20:00:00+00:00,92055.515625,94447.9921875,91923.453125,92946.1171875,4717125632
2025-12-11 00:00:00+00:00,89905.5078125,92083.9765625,89494.6875,92034.4453125,4501155840
2025-12-11 04:00:00+00:00,90258.65625,90489.390625,89768.9375,89807.2109375,1446944768
2025-12-11 08:00:00+00:00,90276.5078125,90488.09375,90008.578125,90257.734375,183967744
2025-12-11 12:00:00+00:00,89825.3515625,90585.953125,89341.171875,90277.78125,2602782720
2025-12-11 16:00:00+00:00,90834.9921875,91511.421875,89395.0,89912.9921875,0
2025-12-11 20:00:00+00:00,92513.6640625,93512.1796875,90874.296875,90874.296875,4048732160
2025-12-12 00:00:00+00:00,92317.5390625,92726.8359375,91506.9921875,92522.484375,207601664
2025-12-12 04:00:00+00:00,92448.7109375,92720.09375,92108.0234375,92323.609375,3087216640
2025-12-12 08:00:00+00:00,92395.375,92623.703125,92140.4375,92460.8125,5419302912
2025-12-12 12:00:00+00:00,89817.984375,92589.546875,89817.984375,92415.5703125,6511222784
2025-12-12 16:00:00+00:00,90169.8515625,90672.5546875,89546.15625,89972.2265625,9611460608
2025-12-12 20:00:00+00:00,90257.796875,90410.109375,89926.5234375,90218.3828125,467247104
2025-12-13 00:00:00+00:00,90344.0859375,90433.8671875,90128.15625,90279.3203125,1544036352
2025-12-13 04:00:00+00:00,90354.0,90416.1171875,90290.546875,90359.953125,1433362432
2025-12-13 08:00:00+00:00,90355.0390625,90644.8359375,90335.203125,90351.9921875,270860288
2025-12-13 12:00:00+00:00,90119.0390625,90488.75,89988.046875,90361.4375,0
2025-12-13 16:00:00+00:00,90215.390625,90260.7734375,90017.15625,90119.0390625,0
2025-12-13 20:00:00+00:00,90296.4375,90297.0078125,89828.6484375,90223.625,0
2025-12-14 00:00:00+00:00,90272.6171875,90490.1953125,90168.09375,90264.171875,664502272
2025-12-14 04:00:00+00:00,90260.6328125,90342.4140625,90101.96875,90274.3125,864915456
2025-12-14 08:00:00+00:00,89386.75,90287.25,88899.2578125,90260.5,6338183168
2025-12-14 12:00:00+00:00,89052.140625,89654.21875,88947.625,89415.796875,0
2025-12-14 16:00:00+00:00,88605.0546875,89338.21875,88547.8125,89044.1875,0
2025-12-14 20:00:00+00:00,88171.078125,88809.21875,87638.3203125,88660.578125,0
2025-12-15 00:00:00+00:00,89300.5546875,89983.921875,88130.1640625,88167.90625,0
2025-12-15 04:00:00+00:00,89765.875,89899.2421875,89286.5859375,89286.5859375,0
2025-12-15 08:00:00+00:00,89653.140625,89975.203125,89589.8671875,89752.6796875,384565248
2025-12-15 12:00:00+00:00,86956.4140625,89834.75,86681.4453125,89651.890625,7068370944
2025-12-15 16:00:00+00:00,86203.125,87156.4296875,85337.203125,86872.3515625,8389230592
2025-12-15 20:00:00+00:00,86422.1875,86444.1484375,85570.0859375,86132.421875,1888100352
2025-12-16 00:00:00+00:00,85837.78125,86496.2890625,85568.0546875,86424.4375,1979572224
2025-12-16 04:00:00+00:00,86039.8125,86563.328125,85381.6875,85837.78125,1890127872
2025-12-16 08:00:00+00:00,87278.96875,87291.6484375,85967.171875,86007.2109375,1584852992
2025-12-16 12:00:00+00:00,87875.8828125,88108.234375,86272.8125,87245.671875,3285856256
2025-12-16 16:00:00+00:00,87613.0234375,87992.578125,87064.734375,87950.71875,0
2025-12-16 20:00:00+00:00,87847.6171875,87915.609375,87354.046875,87581.15625,0
2025-12-17 00:00:00+00:00,87185.2109375,87888.8359375,87177.265625,87842.8671875,628613120
2025-12-17 04:00:00+00:00,87032.375,87357.15625,86229.78125,87210.3828125,468123648
2025-12-17 08:00:00+00:00,86952.9765625,87080.6953125,86237.71875,87024.109375,159756288
2025-12-17 12:00:00+00:00,87302.0546875,90234.7734375,86826.59375,86953.8359375,4645810176
2025-12-17 16:00:00+00:00,85976.78125,87693.265625,85344.1796875,87222.421875,3822034944
2025-12-17 20:00:00+00:00,86144.3671875,86350.875,85635.21875,85986.8203125,1265033216
2025-12-18 00:00:00+00:00,86554.53125,86736.5390625,85848.5,86196.7890625,1239846912
2025-12-18 04:00:00+00:00,86772.3515625,86857.8359375,86360.46875,86583.875,47095808
2025-12-18 08:00:00+00:00,87220.5234375,87389.9140625,86674.5703125,86796.6328125,1098354688
2025-12-18 12:00:00+00:00,88502.203125,89283.6640625,87103.390625,87271.328125,4440948736
2025-12-18 16:00:00+00:00,84542.4453125,88466.8203125,84485.53125,88447.6328125,5446352896
2025-12-18 20:00:00+00:00,85476.1328125,85666.7109375,84460.9765625,84460.9765625,4573900800
2025-12-19 00:00:00+00:00,86761.8046875,87489.6171875,85114.8828125,85463.296875,2113105920
2025-12-19 04:00:00+00:00,87899.90625,88295.3046875,86660.9296875,86789.3828125,4039880704
2025-12-19 08:00:00+00:00,88158.4375,88314.3125,87702.75,87893.8828125,942739456
2025-12-19 12:00:00+00:00,87873.5234375,89313.359375,87567.078125,88147.6484375,309714944
2025-12-19 16:00:00+00:00,87817.0390625,88755.9453125,86858.1796875,87939.203125,1538793472
2025-12-19 20:00:00+00:00,88101.671875,88339.921875,87593.0546875,87790.046875,277614592
2025-12-20 00:00:00+00:00,88192.0078125,88306.1640625,87924.875,88098.40625,0
2025-12-20 04:00:00+00:00,88217.40625,88450.6796875,88097.0546875,88181.5234375,0
2025-12-20 08:00:00+00:00,88254.078125,88377.5390625,88082.484375,88218.359375,0
2025-12-20 12:00:00+00:00,88148.1640625,88279.078125,87953.9375,88239.15625,0
2025-12-20 16:00:00+00:00,88190.2109375,88337.6015625,88086.0546875,88163.40625,0
2025-12-20 20:00:00+00:00,88344.703125,88373.46875,88118.7734375,88185.4453125,36218880
2025-12-21 00:00:00+00:00,88044.75,88387.328125,87870.3671875,88339.9609375,609041408
2025-12-21 04:00:00+00:00,88104.828125,88177.2578125,88031.09375,88038.3828125,0
2025-12-21 08:00:00+00:00,88585.8359375,89011.0859375,88128.2421875,88129.6328125,1654512640
2025-12-21 12:00:00+00:00,88039.1875,88878.453125,87624.03125,88591.1484375,2048605184
2025-12-21 16:00:00+00:00,88482.203125,88530.125,87957.515625,88042.78125,1241165824
2025-12-21 20:00:00+00:00,88621.3984375,88711.84375,88108.7890625,88462.3515625,728035328
2025-12-22 00:00:00+00:00,88758.171875,89577.7109375,88013.03125,88621.6640625,3731965952
2025-12-22 04:00:00+00:00,89093.9765625,89144.6328125,88702.5859375,88783.2734375,1982580736
2025-12-22 08:00:00+00:00,89919.90625,89989.4453125,89088.1640625,89118.734375,2553886720
2025-12-22 12:00:00+00:00,89738.3046875,90372.2109375,89219.296875,89915.8828125,4868403200
2025-12-22 16:00:00+00:00,88039.9375,90056.9765625,87975.2265625,89715.3671875,3943653376
2025-12-22 20:00:00+00:00,88490.03125,88732.3828125,87933.328125,88034.3359375,2483564544
2025-12-23 00:00:00+00:00,88181.9140625,88857.3046875,87883.34375,88530.7265625,482131968
2025-12-23 04:00:00+00:00,87509.3359375,88304.8671875,87061.8203125,88131.7890625,7456055296
2025-12-23 08:00:00+00:00,87819.015625,87819.015625,87268.7265625,87506.2421875,1763012608
2025-12-23 12:00:00+00:00,87426.453125,87862.21875,86656.34375,87809.015625,0
2025-12-23 16:00:00+00:00,87697.2734375,88117.2109375,87151.1953125,87417.984375,1847566336
2025-12-23 20:00:00+00:00,87404.3203125,88271.2109375,87174.4921875,87709.71875,792784896
2025-12-24 00:00:00+00:00,87287.046875,87750.0546875,86873.8515625,87431.0859375,74338304
2025-12-24 04:00:00+00:00,86921.6328125,87401.4453125,86755.796875,87286.5234375,0
2025-12-24 08:00:00+00:00,87156.0859375,87280.8046875,86691.9375,86877.7890625,178896896
2025-12-24 12:00:00+00:00,86914.6015625,87420.4609375,86411.796875,87158.4140625,0
2025-12-24 16:00:00+00:00,87495.484375,87572.890625,86904.109375,86941.2890625,0
2025-12-24 20:00:00+00:00,87608.3203125,87947.0546875,87489.7734375,87507.8203125,0
2025-12-25 00:00:00+00:00,87792.0546875,87870.1171875,87488.328125,87608.0546875,64530432
2025-12-25 04:00:00+00:00,87786.6875,87795.21875,87613.1875,87788.71875,0
2025-12-25 08:00:00+00:00,87458.4921875,87808.9375,87238.015625,87782.921875,259958784
2025-12-25 12:00:00+00:00,88274.7890625,88462.0703125,87373.84375,87455.9140625,0
2025-12-25 16:00:00+00:00,88094.2265625,88389.234375,87948.015625,88259.4140625,0
2025-12-25 20:00:00+00:00,87235.5078125,88103.3125,86971.5,88096.2109375,1551816704
2025-12-26 00:00:00+00:00,88742.3125,89232.1484375,86917.9765625,87214.5,7833528320
2025-12-26 04:00:00+00:00,88372.125,89439.1171875,88372.125,88688.6484375,4666808320
2025-12-26 08:00:00+00:00,88512.640625,88828.0625,88394.3984375,88394.3984375,1155010560
2025-12-26 12:00:00+00:00,86991.421875,88983.1640625,86645.6328125,88493.953125,6990108672
2025-12-26 16:00:00+00:00,87414.7265625,87481.71875,86785.90625,87063.71875,2860371968
2025-12-26 20:00:00+00:00,87301.4296875,87698.7109375,87278.109375,87447.5078125,548147200
2025-12-27 00:00:00+00:00,87448.96875,87463.1796875,87196.078125,87316.0078125,0
2025-12-27 04:00:00+00:00,87478.546875,87642.4921875,87369.2734375,87447.90625,0
2025-12-27 08:00:00+00:00,87416.84375,87606.2109375,87367.0859375,87488.0703125,0
2025-12-27 12:00:00+00:00,87516.34375,87545.8046875,87294.828125,87451.8359375,0
2025-12-27 16:00:00+00:00,87512.390625,87525.015625,87400.0,87492.6640625,0
2025-12-27 20:00:00+00:00,87799.34375,87863.984375,87479.7890625,87523.9375,366449664
2025-12-28 00:00:00+00:00,87688.1015625,87866.5859375,87657.78125,87806.0546875,126834688
2025-12-28 04:00:00+00:00,87665.2734375,87743.640625,87555.765625,87684.0703125,70038528
2025-12-28 08:00:00+00:00,87789.5546875,87881.890625,87657.328125,87657.328125,290982912
2025-12-28 12:00:00+00:00,87780.0625,87951.984375,87749.59375,87813.84375,640440320
2025-12-28 16:00:00+00:00,87485.578125,87857.578125,87444.390625,87779.65625,1077680128
2025-12-28 20:00:00+00:00,87835.7890625,87898.421875,87396.0390625,87476.078125,521916416
2025-12-29 00:00:00+00:00,90032.4140625,90032.4140625,87756.3671875,87858.109375,8146573312
2025-12-29 04:00:00+00:00,89518.6171875,90269.015625,89415.9765625,90012.6328125,6265434112
2025-12-29 08:00:00+00:00,87508.1796875,89694.109375,87485.3203125,89505.28125,7119962112
2025-12-29 12:00:00+00:00,87636.625,88007.96875,86760.265625,87485.1015625,8862298112
2025-12-29 16:00:00+00:00,87238.1015625,87870.671875,87238.1015625,87600.4453125,2449547264
2025-12-29 20:00:00+00:00,87134.3515625,87482.46875,86975.015625,87246.40625,1268654080
2025-12-30 00:00:00+00:00,87285.1484375,87305.9375,86737.0703125,87142.078125,0
2025-12-30 04:00:00+00:00,87378.296875,87472.65625,87052.0546875,87263.125,0
2025-12-30 08:00:00+00:00,87751.421875,88056.640625,87377.125,87377.125,239476736
2025-12-30 12:00:00+00:00,88947.28125,88973.1015625,87749.84375,87845.296875,1800990720
2025-12-30 16:00:00+00:00,88153.5390625,89291.796875,87927.6328125,88916.6796875,2932967424
2025-12-30 20:00:00+00:00,88429.5859375,88477.875,87814.0234375,88142.3359375,266125312
2025-12-31 00:00:00+00:00,88338.7890625,88665.9609375,88085.4921875,88407.7265625,386588672
2025-12-31 04:00:00+00:00,88496.046875,88517.1484375,88229.0546875,88342.203125,519180288
2025-12-31 08:00:00+00:00,88863.515625,88894.6484375,88302.9921875,88492.7265625,293965824
2025-12-31 12:00:00+00:00,87911.6328125,89019.9375,87728.4140625,88910.5,381339648
2025-12-31 16:00:00+00:00,87455.484375,87903.6875,87334.125,87845.2421875,296370176
2025-12-31 20:00:00+00:00,87508.046875,87738.6171875,87141.0078125,87419.890625,1170632704
2026-01-01 00:00:00+00:00,87710.953125,87922.5234375,87512.875,87512.875,77195264
2026-01-01 04:00:00+00:00,87479.6875,87698.5078125,87413.7578125,87698.5078125,441933824
2026-01-01 08:00:00+00:00,87875.796875,87875.796875,87486.9296875,87486.9296875,0
2026-01-01 12:00:00+00:00,87922.0625,87941.4140625,87713.8515625,87878.8671875,0
2026-01-01 16:00:00+00:00,88222.2578125,88358.0390625,87762.65625,87920.5625,0
2026-01-01 20:00:00+00:00,88733.0625,88791.9765625,88133.1328125,88239.71875,631752704
2026-01-02 00:00:00+00:00,88778.703125,88985.9609375,88298.6171875,88725.46875,1673244672
2026-01-02 04:00:00+00:00,88773.3203125,88956.0703125,88477.3984375,88832.3828125,998658048
2026-01-02 08:00:00+00:00,89428.8046875,89786.4921875,88711.90625,88754.0859375,5463789568
2026-01-02 12:00:00+00:00,89319.90625,89990.46875,88506.0078125,89412.015625,7984838656
2026-01-02 16:00:00+00:00,89878.859375,90865.4453125,89190.1171875,89318.4140625,10050420736
2026-01-02 20:00:00+00:00,89945.0546875,90347.03125,89599.8515625,89869.515625,2184658944
2026-01-03 00:00:00+00:00,90293.8828125,90362.2578125,89929.8984375,89948.5625,33968128
2026-01-03 04:00:00+00:00,89553.9609375,90391.078125,89386.046875,90321.4921875,960909312
2026-01-03 08:00:00+00:00,89713.3671875,89942.8671875,89438.5,89515.1796875,38719488
2026-01-03 12:00:00+00:00,89927.828125,90183.1015625,89618.546875,89686.890625,0
2026-01-03 16:00:00+00:00,90056.625,90147.7734375,89875.0,89917.1640625,0
2026-01-03 20:00:00+00:00,90603.0,90672.265625,89992.4609375,90065.5546875,0
2026-01-04 00:00:00+00:00,91205.828125,91390.7265625,90615.3671875,90615.3671875,3020615680
2026-01-04 04:00:00+00:00,91474.9375,91685.1796875,91196.921875,91217.7890625,175069184
2026-01-04 08:00:00+00:00,91235.6796875,91554.625,91176.1171875,91487.390625,2465144832
2026-01-04 12:00:00+00:00,91270.453125,91349.0859375,91015.5078125,91236.4609375,634882048
2026-01-04 16:00:00+00:00,91099.46875,91391.921875,90877.046875,91286.796875,1352497152
2026-01-04 20:00:00+00:00,91414.625,91463.3515625,91084.6875,91100.7890625,280948736
2026-01-05 00:00:00+00:00,92845.640625,93177.6171875,91498.046875,91498.046875,6692913152
2026-01-05 04:00:00+00:00,92474.3359375,92896.2265625,92141.8984375,92841.5,966678528
2026-01-05 08:00:00+00:00,93051.1875,93086.3828125,92298.984375,92491.6640625,600989696
2026-01-05 12:00:00+00:00,93883.9453125,93933.75,92410.171875,93083.203125,7100956672
2026-01-05 16:00:00+00:00,94225.5859375,94480.921875,93283.2265625,93873.3671875,7825530880
2026-01-05 20:00:00+00:00,93876.9453125,94673.3984375,93876.9453125,94219.390625,4495077376
2026-01-06 00:00:00+00:00,93762.5859375,94130.609375,93542.1796875,93869.1328125,463204352
2026-01-06 04:00:00+00:00,93213.8984375,93971.703125,93119.6328125,93750.640625,1240121344
2026-01-06 08:00:00+00:00,93789.015625,93846.890625,93142.25,93206.53125,0
2026-01-06 12:00:00+00:00,93480.5390625,94391.71875,93331.9453125,93825.0,1294888960
2026-01-06 16:00:00+00:00,92048.78125,93674.859375,91526.3203125,93658.0859375,4489895936
2026-01-06 20:00:00+00:00,93727.46875,93759.796875,92053.625,92053.625,3116371968
2026-01-07 00:00:00+00:00,92743.2890625,93637.75,92208.34375,93623.96875,2960314368
2026-01-07 04:00:00+00:00,92773.609375,92828.3046875,92457.546875,92730.953125,236961792
2026-01-07 08:00:00+00:00,92074.484375,92864.1953125,91557.2578125,92795.28125,2671669248
2026-01-07 12:00:00+00:00,91265.1015625,92174.03125,91068.46875,92064.4140625,49598464
2026-01-07 16:00:00+00:00,91131.265625,91659.7578125,90659.9765625,91313.859375,1650155520
2026-01-07 20:00:00+00:00,91309.640625,91346.1171875,90726.890625,91098.1484375,319004672
2026-01-08 00:00:00+00:00,90704.7265625,91450.6875,90585.265625,91280.703125,537935872
2026-01-08 04:00:00+00:00,90434.546875,91050.5234375,89578.3125,90726.5625,3591192576
2026-01-08 08:00:00+00:00,90068.7265625,90569.234375,89698.6328125,90428.6953125,2082942976
2026-01-08 12:00:00+00:00,90649.90625,90649.90625,89291.1328125,90082.265625,485527552
2026-01-08 16:00:00+00:00,90819.8046875,91345.546875,90232.7109375,90710.4921875,1213386752
2026-01-08 20:00:00+00:00,91025.75,91385.109375,90482.4296875,90855.390625,893390848
2026-01-09 00:00:00+00:00,91112.8046875,91412.484375,90795.625,91015.2109375,152719360
2026-01-09 04:00:00+00:00,90687.078125,91125.5546875,90687.078125,91125.5546875,0
2026-01-09 08:00:00+00:00,90337.78125,90730.6484375,89628.5703125,90649.5,793100288
2026-01-09 12:00:00+00:00,90999.8203125,91864.40625,89794.6640625,90345.2265625,2655612928
2026-01-09 16:00:00+00:00,90267.0546875,91662.3515625,90150.90625,91028.7109375,1424515072
2026-01-09 20:00:00+00:00,90510.1015625,90595.9140625,90117.078125,90144.8046875,3289088
2026-01-10 00:00:00+00:00,90507.671875,90655.21875,90417.703125,90509.2109375,0
2026-01-10 04:00:00+00:00,90537.1953125,90546.71875,90311.09375,90512.125,15286272
2026-01-10 08:00:00+00:00,90610.2734375,90712.703125,90499.1171875,90546.8046875,0
2026-01-10 12:00:00+00:00,90543.0546875,90659.484375,90426.2734375,90606.9765625,0
2026-01-10 16:00:00+00:00,90507.0390625,90623.078125,90410.6171875,90541.8203125,0
2026-01-10 20:00:00+00:00,90385.359375,90531.5078125,90287.2734375,90507.8671875,3770368
2026-01-11 00:00:00+00:00,90617.046875,90617.046875,90333.6484375,90385.625,0
2026-01-11 04:00:00+00:00,90589.421875,90716.96875,90506.7265625,90613.515625,337265664
2026-01-11 08:00:00+00:00,90593.4609375,90683.984375,90526.84375,90597.4375,332977152
2026-01-11 12:00:00+00:00,90747.7578125,91043.9453125,90609.609375,90610.3203125,1560734720
2026-01-11 16:00:00+00:00,90593.4765625,91147.3671875,90555.03125,90751.171875,1184756736
2026-01-11 20:00:00+00:00,90825.859375,90888.4453125,90226.9609375,90596.71875,2312117248
2026-01-12 00:00:00+00:00,91719.34375,92384.8515625,90617.9765625,90851.8984375,6967221248
2026-01-12 04:00:00+00:00,91301.734375,92151.6484375,91278.328125,91694.4140625,2993596416
2026-01-12 08:00:00+00:00,90566.390625,91499.1796875,90261.9609375,91290.7890625,3965339648
2026-01-12 12:00:00+00:00,91546.453125,91546.453125,90095.2578125,90536.359375,4601849856
2026-01-12 16:00:00+00:00,91770.25,92210.1484375,91015.9765625,91571.625,6130024448
2026-01-12 20:00:00+00:00,91185.3359375,91962.3125,90894.484375,91784.5625,594296832
2026-01-13 00:00:00+00:00,91291.3125,91432.3203125,90941.9296875,91195.6328125,0
2026-01-13 04:00:00+00:00,91853.8203125,92145.1015625,91238.9609375,91293.7890625,2710687744
2026-01-13 08:00:00+00:00,91893.6484375,92510.2109375,91846.6640625,91868.9609375,34692947968
2026-01-13 12:00:00+00:00,93283.03125,93294.53125,91760.140625,91932.1484375,37511143424
2026-01-13 16:00:00+00:00,94194.6484375,94194.6484375,93097.4921875,93500.4609375,3766996992
2026-01-13 20:00:00+00:00,95322.90625,95935.6484375,94058.6640625,94222.4765625,11671425024
2026-01-14 00:00:00+00:00,95630.9765625,95632.609375,95111.1875,95363.3046875,5077176320
2026-01-14 04:00:00+00:00,95176.1328125,95694.421875,94583.046875,95694.421875,1786220544
2026-01-14 08:00:00+00:00,94706.0078125,95231.53125,94706.0078125,95162.828125,346828800
2026-01-14 12:00:00+00:00,96710.59375,96984.578125,94701.1328125,94727.6953125,6005002240
2026-01-14 16:00:00+00:00,97274.1875,97747.125,96295.0625,96699.578125,4907851776
2026-01-14 20:00:00+00:00,96931.2890625,97860.6015625,96832.3359375,97244.59375,0
2026-01-15 00:00:00+00:00,95963.015625,96973.4609375,95763.4375,96934.609375,1210802176
2026-01-15 04:00:00+00:00,96516.46875,96651.6484375,95930.7421875,95941.859375,8413184
2026-01-15 08:00:00+00:00,96587.4453125,97150.171875,96309.9296875,96560.265625,1536602112
2026-01-15 12:00:00+00:00,96434.890625,97097.1171875,95416.09375,96551.375,191619072
2026-01-15 16:00:00+00:00,95411.0859375,97015.3515625,95284.75,96649.9453125,1491587072
2026-01-15 20:00:00+00:00,95554.1015625,95784.0390625,95112.25,95423.5546875,0
2026-01-16 00:00:00+00:00,95325.96875,95759.5625,95297.765625,95562.78125,0
2026-01-16 04:00:00+00:00,95633.5390625,95759.96875,95125.375,95306.4375,512692224
2026-01-16 08:00:00+00:00,95389.3203125,95801.890625,95226.6796875,95630.6875,297009152
2026-01-16 12:00:00+00:00,94605.625,95635.9140625,94268.7734375,95397.6015625,0
2026-01-16 16:00:00+00:00,94964.3359375,95156.140625,94517.3515625,94559.625,0
2026-01-16 20:00:00+00:00,95525.15625,95531.8515625,94650.234375,94957.2890625,274749440
2026-01-17 00:00:00+00:00,95330.2109375,95523.9765625,95194.140625,95514.765625,0
2026-01-17 04:00:00+00:00,95061.109375,95324.578125,95030.25,95324.578125,0
2026-01-17 08:00:00+00:00,95255.2421875,95268.0,95020.9609375,95051.65625,0
2026-01-17 12:00:00+00:00,95525.6328125,95596.8828125,95152.8828125,95267.8359375,0
2026-01-17 16:00:00+00:00,95261.3515625,95509.640625,95201.4140625,95509.640625,0
2026-01-17 20:00:00+00:00,95101.1796875,95367.46875,95011.4375,95259.2578125,0
2026-01-18 00:00:00+00:00,95147.21875,95189.4921875,94848.9296875,95112.3984375,464490496
2026-01-18 04:00:00+00:00,95023.484375,95189.578125,94995.9296875,95121.0546875,248549376
2026-01-18 08:00:00+00:00,95124.703125,95245.3203125,94977.6953125,94999.828125,730985472
2026-01-18 12:00:00+00:00,95088.28125,95275.953125,94884.125,95129.015625,756844544
2026-01-18 16:00:00+00:00,95334.5625,95488.1796875,95044.390625,95082.828125,971800576
2026-01-18 20:00:00+00:00,93655.671875,95473.25,93595.4140625,95345.9609375,3552512000
2026-01-19 00:00:00+00:00,92642.5625,93646.9140625,92234.4140625,93646.9140625,10808797184
2026-01-19 04:00:00+00:00,92792.71875,92792.71875,92381.03125,92654.5546875,2578491392
2026-01-19 08:00:00+00:00,93140.140625,93259.109375,92703.3203125,92793.3515625,3297517568
2026-01-19 12:00:00+00:00,93022.8125,93153.4375,92677.9453125,93136.5390625,1738657792
2026-01-19 16:00:00+00:00,93079.109375,93345.34375,92884.6015625,93003.4296875,1145241600
2026-01-19 20:00:00+00:00,92553.6015625,93249.3515625,92152.296875,93067.625,792141824
2026-01-20 00:00:00+00:00,92357.453125,92797.2109375,92217.1171875,92583.640625,0
2026-01-20 04:00:00+00:00,91076.8671875,92385.4921875,90714.109375,92367.1171875,5604958208
2026-01-20 08:00:00+00:00,91146.7578125,91334.3828125,90623.09375,91083.25,665300992
2026-01-20 12:00:00+00:00,90429.4609375,91273.8984375,89835.34375,91131.4609375,6747713536
2026-01-20 16:00:00+00:00,89597.7265625,90856.9453125,89193.546875,90583.625,6883917824
2026-01-20 20:00:00+00:00,88326.5078125,89699.453125,87828.9140625,89600.03125,4244951040
2026-01-21 00:00:00+00:00,89315.8828125,89455.671875,88163.0546875,88321.28125,3980853248
2026-01-21 04:00:00+00:00,89049.6171875,89972.5234375,88987.125,89315.8828125,609591296
2026-01-21 08:00:00+00:00,88687.1328125,89381.4921875,88652.5859375,89112.140625,103473152
2026-01-21 12:00:00+00:00,90238.5859375,90412.0625,88190.734375,88694.875,5276278784
2026-01-21 16:00:00+00:00,90246.1328125,90284.2578125,87240.59375,90192.3828125,6152347648
2026-01-21 20:00:00+00:00,89378.5234375,90309.03125,89306.90625,90271.765625,1039695872
2026-01-22 00:00:00+00:00,89806.5078125,90254.0546875,89372.4296875,89372.4296875,0
2026-01-22 04:00:00+00:00,89713.28125,90115.2890625,89713.28125,89799.9140625,0
2026-01-22 08:00:00+00:00,89853.8828125,90053.109375,89688.9609375,89737.8359375,991895552
2026-01-22 12:00:00+00:00,88943.0234375,90220.1015625,88438.4453125,89853.265625,111083520
2026-01-22 16:00:00+00:00,89729.1796875,89809.1328125,88648.4296875,88937.2578125,0
2026-01-22 20:00:00+00:00,89462.046875,89835.3984375,89086.1484375,89704.7109375,0
2026-01-23 00:00:00+00:00,89806.8046875,89849.0390625,89362.640625,89460.1953125,0
2026-01-23 04:00:00+00:00,89438.1640625,89924.640625,89346.40625,89816.9921875,1493258240
2026-01-23 08:00:00+00:00,89056.578125,89492.421875,88794.5859375,89440.5234375,1533472768
2026-01-23 12:00:00+00:00,89529.734375,89732.8203125,88585.921875,89088.9609375,95121408
2026-01-23 16:00:00+00:00,89854.390625,91088.8125,89420.1796875,89636.40625,3799019520
2026-01-23 20:00:00+00:00,89506.1484375,90018.3828125,89199.8984375,89867.703125,1264881664
2026-01-24 00:00:00+00:00,89647.421875,89795.78125,89305.03125,89487.0,0
2026-01-24 04:00:00+00:00,89471.3125,89730.140625,89442.890625,89644.4140625,0
2026-01-24 08:00:00+00:00,89463.234375,89543.7578125,89453.5078125,89480.171875,0
2026-01-24 12:00:00+00:00,89143.34375,89460.1015625,89119.8203125,89460.1015625,0
2026-01-24 16:00:00+00:00,89193.1484375,89324.7890625,89049.9609375,89147.7734375,0
2026-01-24 20:00:00+00:00,89104.765625,89340.9296875,89104.765625,89195.15625,3477504
2026-01-25 00:00:00+00:00,88839.1171875,89186.140625,88717.078125,89095.46875,223983616
2026-01-25 04:00:00+00:00,88513.375,88953.1015625,88503.3671875,88840.0625,1012579328
2026-01-25 08:00:00+00:00,88436.84375,88615.0078125,88088.53125,88521.5078125,2032449536
2026-01-25 12:00:00+00:00,88330.328125,88833.125,88274.546875,88440.3203125,883298304
2026-01-25 16:00:00+00:00,86388.40625,88332.8515625,86189.78125,88332.8515625,10163433472
2026-01-25 20:00:00+00:00,86557.3828125,86884.3515625,86003.7109375,86402.265625,7481069568
2026-01-26 00:00:00+00:00,87120.2421875,87847.46875,86433.8046875,86577.5859375,6005915648
2026-01-26 04:00:00+00:00,87904.1171875,87938.8515625,87137.65625,87137.65625,4708745216
2026-01-26 08:00:00+00:00,87761.484375,88138.546875,87519.9453125,87896.6328125,900595712
2026-01-26 12:00:00+00:00,87579.9296875,88715.4921875,87328.375,87757.75,7031046144
2026-01-26 16:00:00+00:00,87919.96875,88419.7578125,87025.0546875,87553.265625,103497728
2026-01-26 20:00:00+00:00,88257.4765625,88548.1875,87453.5859375,87912.3046875,0
2026-01-27 00:00:00+00:00,88640.9453125,88759.0,88102.9921875,88190.84375,0
2026-01-27 04:00:00+00:00,88205.3828125,88813.1328125,88173.7265625,88643.2578125,0
2026-01-27 08:00:00+00:00,87900.7734375,88276.5,87652.4375,88216.96875,634118144
2026-01-27 12:00:00+00:00,87908.796875,88267.328125,87517.875,87884.34375,393248768
2026-01-27 16:00:00+00:00,88292.1875,88671.171875,87268.1953125,87919.828125,2759610368
2026-01-27 20:00:00+00:00,89104.046875,89403.3515625,88268.1015625,88286.953125,2496155648
2026-01-28 00:00:00+00:00,89013.21875,89367.5546875,88884.53125,89129.90625,804864000
2026-01-28 04:00:00+00:00,89012.0546875,89259.1171875,88736.1484375,89000.6328125,29609984
2026-01-28 08:00:00+00:00,89947.3515625,89978.96875,88752.9921875,89009.1640625,2782044160
2026-01-28 12:00:00+00:00,89381.1953125,90304.5234375,88976.4140625,89964.140625,3130306560
2026-01-28 16:00:00+00:00,89425.9921875,90339.96875,88921.5546875,89404.578125,1316503552
2026-01-28 20:00:00+00:00,89169.8515625,89620.546875,88780.7734375,89342.6640625,4526080
2026-01-29 00:00:00+00:00,87938.640625,89191.0546875,87634.8359375,89191.0546875,3385450496
2026-01-29 04:00:00+00:00,88280.1484375,88293.34375,87783.8203125,87916.703125,993615872
2026-01-29 08:00:00+00:00,87690.2109375,88292.7109375,87629.2109375,88212.9375,674963456
2026-01-29 12:00:00+00:00,84758.59375,87996.9296875,84327.9765625,87709.984375,8217477120
2026-01-29 16:00:00+00:00,83862.9375,85425.3046875,83306.4609375,84780.3671875,12063514624
2026-01-29 20:00:00+00:00,84562.7265625,84590.1875,83669.921875,83852.4140625,3580297216
2026-01-30 00:00:00+00:00,82581.6640625,84593.25,81075.1328125,84553.6875,10443517952
2026-01-30 04:00:00+00:00,82710.9453125,83178.6796875,81949.140625,82551.75,6067421184
2026-01-30 08:00:00+00:00,83055.71875,83098.0546875,82057.5859375,82688.2734375,2598117376
2026-01-30 12:00:00+00:00,82771.1953125,83562.625,82374.90625,83043.0546875,3764781056
2026-01-30 16:00:00+00:00,84213.6484375,84414.1875,81823.2578125,82770.171875,956481536
2026-01-30 20:00:00+00:00,84126.5,84338.046875,83425.53125,84120.6640625,1559502848
2026-01-31 00:00:00+00:00,83896.1015625,84130.375,83686.375,84121.6015625,0
2026-01-31 04:00:00+00:00,83409.8046875,84005.359375,83255.703125,83884.8515625,0
2026-01-31 08:00:00+00:00,82843.46875,83450.9296875,82553.8046875,83401.9921875,840929280
2026-01-31 12:00:00+00:00,81127.515625,82979.6640625,80851.734375,82866.5234375,2602426368
2026-01-31 16:00:00+00:00,77820.7421875,81708.4296875,76092.7890625,81181.5625,15882231808
2026-01-31 20:00:00+00:00,78626.125,79122.1484375,77033.0078125,77661.0390625,4875497472
2026-02-01 00:00:00+00:00,78803.34375,79284.5,78245.0078125,78655.09375,3170951168
2026-02-01 04:00:00+00:00,78274.625,79003.578125,77937.5234375,78790.4609375,1327783936
2026-02-01 08:00:00+00:00,78672.671875,79117.34375,78076.1328125,78269.703125,1327751168
2026-02-01 12:00:00+00:00,77652.15625,78675.828125,76879.5546875,78675.828125,1947598848
2026-02-01 16:00:00+00:00,77017.9296875,78303.7578125,76932.9921875,77521.90625,0
2026-02-01 20:00:00+00:00,76968.875,77527.2109375,75730.4296875,77097.5859375,3919167488
2026-02-02 00:00:00+00:00,76201.125,78038.875,74567.171875,76899.453125,7410499584
2026-02-02 04:00:00+00:00,76630.1015625,76772.703125,74875.734375,76211.796875,9751478272
2026-02-02 08:00:00+00:00,77647.1171875,77875.234375,76550.1015625,76550.1015625,3299958784
2026-02-02 12:00:00+00:00,78802.921875,79207.78125,77555.8515625,77705.25,4922941440
2026-02-02 16:00:00+00:00,78443.40625,79186.15625,78263.4609375,78797.265625,3546718208
2026-02-02 20:00:00+00:00,78693.5078125,78876.578125,77918.9921875,78275.7421875,10346496
2026-02-03 00:00:00+00:00,78719.21875,79104.7578125,77604.5078125,78677.4453125,0
2026-02-03 04:00:00+00:00,78674.046875,78908.9140625,77898.6484375,78692.9140625,0
2026-02-03 08:00:00+00:00,78038.4609375,78942.1796875,77895.4609375,78675.0703125,0
2026-02-03 12:00:00+00:00,78089.84375,78374.125,77043.4921875,78007.921875,0
2026-02-03 16:00:00+00:00,74939.3515625,78075.03125,72957.203125,78075.03125,13652529152
2026-02-03 20:00:00+00:00,75640.09375,76820.0234375,74527.0703125,74880.3203125,4328673280
2026-02-04 00:00:00+00:00,76621.1328125,76858.1328125,75366.078125,75621.7265625,818237440
2026-02-04 04:00:00+00:00,76402.2265625,76712.1953125,76033.015625,76617.9140625,1160429568
2026-02-04 08:00:00+00:00,76008.765625,76481.625,75602.859375,76412.5,1096249344
2026-02-04 12:00:00+00:00,74074.9140625,76140.171875,73774.4765625,75947.3359375,5127815168
2026-02-04 16:00:00+00:00,73782.9140625,74067.9375,72147.59375,74013.046875,0
2026-02-04 20:00:00+00:00,73042.9765625,73892.3359375,71801.09375,73768.2265625,2445561856
2026-02-05 00:00:00+00:00,71080.6328125,73161.5546875,71033.1875,73019.046875,5918498816
2026-02-05 04:00:00+00:00,70511.1640625,71392.6015625,70045.265625,71095.203125,9419423744
2026-02-05 08:00:00+00:00,70168.015625,71770.03125,69875.6015625,70567.3359375,7094984704
2026-02-05 12:00:00+00:00,67298.3125,70626.5546875,66666.5625,70200.3203125,10067861504
2026-02-05 16:00:00+00:00,65136.609375,68465.875,65099.53515625,67372.921875,8498962432
2026-02-05 20:00:00+00:00,62704.453125,65465.00390625,62473.234375,65125.8515625,19873054720
2026-02-06 00:00:00+00:00,64074.9453125,65882.78125,60074.8046875,62801.2734375,18944811008
2026-02-06 04:00:00+00:00,64802.48046875,66687.8984375,64047.6640625,64116.52734375,1443659776
2026-02-06 08:00:00+00:00,66508.9140625,66610.0703125,64466.109375,64748.1484375,3864821760
2026-02-06 12:00:00+00:00,68622.9140625,69125.625,66097.9296875,66528.8515625,3630432256
2026-02-06 16:00:00+00:00,70739.2421875,71438.921875,68516.328125,68613.3359375,1737785344
2026-02-06 20:00:00+00:00,70553.796875,71670.015625,69863.625,70672.296875,0
2026-02-07 00:00:00+00:00,70793.75,70818.9375,69693.6640625,70524.3515625,437444608
2026-02-07 04:00:00+00:00,68144.4140625,71611.1484375,67375.96875,70873.4921875,3177095168
2026-02-07 08:00:00+00:00,67935.734375,68692.375,67587.890625,68076.0,1170219008
2026-02-07 12:00:00+00:00,69057.765625,69737.5,67943.171875,67943.171875,1515642880
2026-02-07 16:00:00+00:00,69262.84375,69622.3359375,68637.796875,69083.765625,0
2026-02-07 20:00:00+00:00,69283.7265625,69656.6640625,68762.859375,69317.5703125,10575872
2026-02-08 00:00:00+00:00,69053.3359375,69629.640625,68852.8984375,69302.40625,0
2026-02-08 04:00:00+00:00,69640.6875,69640.6875,68951.5703125,69061.484375,0
2026-02-08 08:00:00+00:00,70906.015625,71117.5859375,69501.515625,69644.28125,14655488
2026-02-08 12:00:00+00:00,71068.4609375,71491.65625,70678.2734375,70936.6484375,0
2026-02-08 16:00:00+00:00,71368.1640625,71471.8828125,70327.515625,71098.765625,0
2026-02-08 20:00:00+00:00,70243.328125,72142.7421875,70016.5546875,71368.8203125,3096944640
2026-02-09 00:00:00+00:00,71210.2890625,71358.8046875,70057.1484375,70306.1171875,2428690432
2026-02-09 04:00:00+00:00,70396.03125,71292.8671875,70340.8828125,71276.8828125,2466222080
2026-02-09 08:00:00+00:00,68798.65625,70505.0625,68418.9921875,70424.5546875,1328357376
2026-02-09 12:00:00+00:00,69482.2890625,69783.625,68369.4296875,68801.234375,2801348608
2026-02-09 16:00:00+00:00,70882.671875,70993.3125,69104.25,69517.5546875,3966648320
2026-02-09 20:00:00+00:00,70137.390625,71043.4765625,69874.1875,70907.5703125,3575001088
2026-02-10 00:00:00+00:00,69443.59375,70449.8515625,69226.5,70109.421875,0
2026-02-10 04:00:00+00:00,68896.2421875,69831.4140625,68737.765625,69527.4453125,715829248
2026-02-10 08:00:00+00:00,68473.6796875,69327.78125,68473.6796875,68863.609375,0
2026-02-10 12:00:00+00:00,69265.8515625,69486.421875,67931.1328125,68469.390625,708595712
2026-02-10 16:00:00+00:00,68995.203125,69936.46875,68627.484375,69238.421875,0
2026-02-10 20:00:00+00:00,68791.859375,69058.1953125,68329.9921875,69034.5234375,0
2026-02-11 00:00:00+00:00,68174.8671875,69242.65625,68038.984375,68791.1796875,328503296
2026-02-11 04:00:00+00:00,67004.359375,68263.1875,66580.6484375,68134.875,2005700608
2026-02-11 08:00:00+00:00,67025.0234375,67057.5234375,66365.78125,67003.2421875,1412734976
2026-02-11 12:00:00+00:00,66516.078125,68564.3984375,65757.3046875,67025.34375,3854401536
2026-02-11 16:00:00+00:00,67536.265625,67758.1015625,65899.390625,66471.21875,1494011904
2026-02-11 20:00:00+00:00,66992.1953125,68268.375,66757.3046875,67546.9765625,2343673856
2026-02-12 00:00:00+00:00,67529.8125,67986.8359375,67025.5546875,67025.5546875,1789849600
2026-02-12 04:00:00+00:00,67183.5625,67584.703125,66652.453125,67544.3984375,0
2026-02-12 08:00:00+00:00,68084.796875,68204.9609375,66885.03125,67181.328125,687751168
2026-02-12 12:00:00+00:00,67116.5078125,68324.65625,67091.15625,68108.84375,0
2026-02-12 16:00:00+00:00,65781.4140625,67163.296875,65109.65625,67161.2578125,3589963776
2026-02-12 20:00:00+00:00,66213.375,66390.46875,65226.83984375,65740.4296875,1053601792
2026-02-13 00:00:00+00:00,66452.0,66710.9609375,65843.5390625,66202.6640625,262848512
2026-02-13 04:00:00+00:00,66145.0,66599.0,65969.515625,66470.5078125,834113536
2026-02-13 08:00:00+00:00,67143.9296875,67143.9296875,66155.3515625,66155.3515625,169791488
2026-02-13 12:00:00+00:00,68573.484375,69208.4765625,66886.7890625,67120.625,3296583680
2026-02-13 16:00:00+00:00,68956.765625,69346.125,68632.4375,68632.4375,0
2026-02-13 20:00:00+00:00,68856.984375,69012.0546875,68649.2421875,68967.8671875,1409024
2026-02-14 00:00:00+00:00,68942.359375,69076.6640625,68756.8828125,68857.7265625,0
2026-02-14 04:00:00+00:00,69194.46875,69288.78125,68706.6171875,68941.2421875,0
2026-02-14 08:00:00+00:00,70448.53125,70448.53125,69184.8515625,69184.8515625,2281873408
2026-02-14 12:00:00+00:00,69782.0390625,70459.6796875,69262.09375,70459.6796875,2903179264
2026-02-14 16:00:00+00:00,69819.7578125,69877.1953125,69286.7734375,69767.5234375,0
2026-02-14 20:00:00+00:00,69764.953125,70206.0625,69659.140625,69823.3203125,503582720
2026-02-15 00:00:00+00:00,69957.2265625,69957.2265625,69270.2265625,69758.5390625,1549307904
2026-02-15 04:00:00+00:00,70750.796875,70840.4609375,69929.2109375,69929.2109375,4147933184
2026-02-15 08:00:00+00:00,70266.6796875,70917.6328125,70177.3359375,70782.1796875,274100224
2026-02-15 12:00:00+00:00,69055.6328125,70375.4140625,68773.4921875,70263.6484375,0
2026-02-15 16:00:00+00:00,68289.0546875,69059.234375,68084.453125,69059.234375,4007522304
2026-02-15 20:00:00+00:00,68782.3984375,69026.75,68137.8984375,68246.6171875,120942592
2026-02-16 00:00:00+00:00,68382.5234375,69009.1015625,68138.46875,68776.75,481656832
2026-02-16 04:00:00+00:00,68540.9375,68846.7578125,68225.84375,68388.3828125,196956160
2026-02-16 08:00:00+00:00,68831.296875,69019.5703125,68334.484375,68546.1484375,197959680
2026-02-16 12:00:00+00:00,67508.296875,70006.734375,67316.984375,68821.171875,3681894400
2026-02-16 16:00:00+00:00,67921.140625,68192.6328125,67497.1796875,67497.1796875,105246720
2026-02-16 20:00:00+00:00,68843.09375,68941.3984375,67825.578125,67890.890625,514607104
2026-02-17 00:00:00+00:00,68462.9296875,69201.8671875,68391.234375,68852.828125,139864064
2026-02-17 04:00:00+00:00,68365.078125,68648.921875,67903.1953125,68439.703125,440700928
2026-02-17 08:00:00+00:00,67828.8984375,68436.59375,67687.7578125,68353.0390625,76922880
2026-02-17 12:00:00+00:00,67354.390625,68293.75,66662.6875,67808.421875,1486221312
2026-02-17 16:00:00+00:00,67791.65625,68172.9453125,66952.8125,67319.1484375,3261976576
2026-02-17 20:00:00+00:00,67507.3203125,67890.7890625,67389.2421875,67763.9453125,415297536
2026-02-18 00:00:00+00:00,67636.9921875,67639.0546875,66877.9765625,67482.6484375,218458112
2026-02-18 04:00:00+00:00,68102.8046875,68168.6015625,67471.21875,67597.7109375,666810368
2026-02-18 08:00:00+00:00,67358.8671875,68400.0390625,67113.7578125,68101.3828125,701212672
2026-02-18 12:00:00+00:00,67606.5546875,68274.953125,66767.71875,67346.34375,0
2026-02-18 16:00:00+00:00,66113.3984375,67661.4765625,65896.546875,67661.4765625,1253414912
2026-02-18 20:00:00+00:00,66425.625,66494.734375,66082.7421875,66169.171875,1329190912
2026-02-19 00:00:00+00:00,66915.53125,66928.09375,66323.90625,66441.8515625,567500800
2026-02-19 04:00:00+00:00,67162.84375,67277.125,66666.1640625,66953.765625,461682688
2026-02-19 08:00:00+00:00,66470.9375,67186.15625,66470.890625,67186.15625,73097216
2026-02-19 12:00:00+00:00,66353.5703125,66692.1640625,65672.125,66463.6171875,1381814272
2026-02-19 16:00:00+00:00,67021.28125,67165.4140625,65965.78125,66384.875,498089984
2026-02-19 20:00:00+00:00,66958.578125,67136.171875,66636.453125,67024.2265625,614277120
2026-02-20 00:00:00+00:00,67343.1328125,67448.2734375,66945.0,66959.8671875,735479808
2026-02-20 04:00:00+00:00,67780.3203125,67976.796875,67112.5625,67334.6015625,1282095104
2026-02-20 08:00:00+00:00,67410.9375,68260.71875,67410.9375,67804.140625,1627344896
2026-02-20 12:00:00+00:00,67543.796875,67994.2421875,66507.2109375,67318.1640625,6596315136
2026-02-20 16:00:00+00:00,67637.828125,67974.46875,66999.8046875,67578.8046875,5602402304
2026-02-20 20:00:00+00:00,68000.25,68185.453125,67559.5625,67628.1640625,1096642560
2026-02-21 00:00:00+00:00,67636.8515625,68053.65625,67558.4375,67996.2109375,343064576
2026-02-21 04:00:00+00:00,67836.328125,67900.4453125,67585.96875,67621.671875,0
2026-02-21 08:00:00+00:00,68070.296875,68246.34375,67818.71875,67834.890625,0
2026-02-21 12:00:00+00:00,68631.53125,68640.890625,67921.765625,68077.7734375,0
2026-02-21 16:00:00+00:00,68526.921875,68613.8359375,68127.203125,68602.7890625,0
2026-02-21 20:00:00+00:00,67998.828125,68574.2265625,67936.3828125,68513.03125,475136
2026-02-22 00:00:00+00:00,68004.8359375,68197.609375,67797.3125,67969.0390625,54294528
2026-02-22 04:00:00+00:00,67994.5234375,68133.8203125,67868.3828125,68023.6875,242302976
2026-02-22 08:00:00+00:00,68194.921875,68228.453125,67918.84375,67996.6015625,0
2026-02-22 12:00:00+00:00,67687.765625,68207.8125,67310.578125,68197.59375,1381692416
2026-02-22 16:00:00+00:00,67398.5078125,67670.8828125,67185.6015625,67670.21875,560443392
2026-02-22 20:00:00+00:00,67668.4296875,67710.84375,67339.421875,67400.375,445929472
2026-02-23 00:00:00+00:00,64946.36328125,67633.90625,64400.73828125,67616.5390625,11880744960
2026-02-23 04:00:00+00:00,65941.9375,65970.2421875,64681.89453125,64958.4921875,4854315008
2026-02-23 08:00:00+00:00,66182.5,66528.5625,65584.40625,65941.09375,3911569408
2026-02-23 12:00:00+00:00,65696.8359375,66494.0,65601.9921875,66190.59375,2084630528
2026-02-23 16:00:00+00:00,64333.2734375,65714.46875,64162.43359375,65641.609375,7380676608
2026-02-23 20:00:00+00:00,64616.015625,64984.12890625,63970.53125,64289.92578125,3305041920
2026-02-24 00:00:00+00:00,63548.0234375,64972.7421875,63415.9140625,64701.20703125,0
2026-02-24 04:00:00+00:00,63134.9609375,63546.05859375,62709.8203125,63546.05859375,1575751680
2026-02-24 08:00:00+00:00,63193.3125,63403.109375,62970.3203125,63148.3671875,113213440
2026-02-24 12:00:00+00:00,64001.703125,64001.703125,62646.765625,63224.34375,1603141632
2026-02-24 16:00:00+00:00,64453.90234375,64716.69921875,63749.65625,63974.6875,108855296
2026-02-24 20:00:00+00:00,64077.76953125,64562.3359375,63875.67578125,64461.0390625,0
2026-02-25 00:00:00+00:00,65408.60546875,66254.109375,63946.1796875,64051.15625,1696071680
2026-02-25 04:00:00+00:00,65021.8671875,65623.171875,64791.31640625,65399.640625,0
2026-02-25 08:00:00+00:00,65386.45703125,65638.8984375,64975.15625,65025.28515625,367554560
2026-02-25 12:00:00+00:00,67273.5234375,67482.5390625,65337.83203125,65432.7890625,3256451072
2026-02-25 16:00:00+00:00,69070.765625,69531.609375,67466.546875,67489.59375,6775742464
2026-02-25 20:00:00+00:00,67954.8671875,69953.53125,67680.640625,69053.46875,4812480512
2026-02-26 00:00:00+00:00,68193.25,68666.40625,67769.15625,67982.34375,1687822336
2026-02-26 04:00:00+00:00,67876.796875,68816.8984375,67843.3046875,68201.1328125,4149010432
2026-02-26 08:00:00+00:00,68018.875,68704.484375,67840.4609375,67851.234375,1655463936
2026-02-26 12:00:00+00:00,67410.421875,68285.3515625,66810.84375,68037.1171875,837812224
2026-02-26 16:00:00+00:00,67557.1796875,67743.3671875,66587.921875,67383.7421875,0
2026-02-26 20:00:00+00:00,67456.515625,67803.75,67208.703125,67635.0546875,0
2026-02-27 00:00:00+00:00,67641.2578125,67679.5390625,66907.7265625,67476.703125,536190976
2026-02-27 04:00:00+00:00,67696.2578125,68220.40625,67474.1953125,67614.078125,978874368
2026-02-27 08:00:00+00:00,66110.796875,68059.9140625,66027.4921875,67696.1953125,2479718400
2026-02-27 12:00:00+00:00,66120.5546875,66330.2109375,65682.15625,66133.5390625,1906073600
2026-02-27 16:00:00+00:00,65419.8515625,66111.265625,65183.421875,66095.578125,0
2026-02-27 20:00:00+00:00,65878.9296875,65946.171875,64946.03515625,65400.1015625,537399296
2026-02-28 00:00:00+00:00,65798.34375,66003.1328125,65757.53125,65869.328125,0
2026-02-28 04:00:00+00:00,63853.66796875,65807.4375,63106.07421875,65788.953125,5652738048
2026-02-28 08:00:00+00:00,63836.734375,64296.6484375,63392.8203125,63841.03515625,635158528
2026-02-28 12:00:00+00:00,64862.44140625,65345.70703125,63844.67578125,63844.67578125,1171726336
2026-02-28 16:00:00+00:00,66335.4375,66638.265625,64686.76171875,64847.68359375,1341923328
2026-02-28 20:00:00+00:00,67005.8828125,67606.5546875,66230.0546875,66390.0546875,2664755200
2026-03-01 00:00:00+00:00,67487.265625,68143.15625,66115.8828125,66997.25,4927242240
2026-03-01 04:00:00+00:00,67120.640625,67592.6796875,66793.0625,67574.7109375,2397097984
2026-03-01 08:00:00+00:00,66468.6328125,67279.4765625,66299.078125,67143.484375,164118528
2026-03-01 12:00:00+00:00,66880.40625,67292.4140625,66168.3359375,66467.8359375,0
2026-03-01 16:00:00+00:00,65957.3046875,67071.46875,65762.59375,66834.2734375,1706430464
2026-03-01 20:00:00+00:00,65734.078125,66327.6328125,65114.421875,65962.25,1296039936
2026-03-02 00:00:00+00:00,66826.21875,66998.765625,65758.1015625,65758.1015625,667893760
2026-03-02 04:00:00+00:00,65960.0234375,66972.796875,65567.609375,66820.390625,1276973056
2026-03-02 08:00:00+00:00,66305.390625,66577.0703125,65695.4375,65977.1953125,2336026624
2026-03-02 12:00:00+00:00,69062.390625,69532.4140625,65309.109375,66339.2109375,9415090176
2026-03-02 16:00:00+00:00,68949.6328125,70024.0625,68620.5,69127.8203125,6244159488
2026-03-02 20:00:00+00:00,68785.078125,69525.984375,68676.7734375,68963.578125,343801856
2026-03-03 00:00:00+00:00,68360.0859375,69220.9921875,68250.2578125,68804.5859375,1382838272
2026-03-03 04:00:00+00:00,68182.3203125,68525.1953125,67834.8125,68364.46875,439492608
2026-03-03 08:00:00+00:00,67054.8515625,68248.921875,66401.0546875,68172.9140625,2239709184
2026-03-03 12:00:00+00:00,67582.1015625,67766.3203125,66317.4453125,67075.09375,1031700480
2026-03-03 16:00:00+00:00,68455.4296875,68938.3828125,67617.75,67747.265625,45719552
2026-03-03 20:00:00+00:00,68300.28125,68728.7890625,67858.7109375,68455.8125,0
2026-03-04 00:00:00+00:00,67669.0625,68881.15625,67449.2734375,68317.765625,2732556288
2026-03-04 04:00:00+00:00,69556.46875,69556.46875,67496.234375,67778.3828125,2396344320
2026-03-04 08:00:00+00:00,71131.1171875,71856.53125,69193.3671875,69513.703125,9203994624
2026-03-04 12:00:00+00:00,73245.125,73245.125,70634.0859375,71115.9140625,7283507200
2026-03-04 16:00:00+00:00,73717.9375,74041.8125,72606.3125,73404.96875,4502487040
2026-03-04 20:00:00+00:00,72670.125,73674.078125,72336.9921875,73669.5703125,2527870976
2026-03-05 00:00:00+00:00,72513.1328125,73261.5859375,72368.5546875,72729.2734375,312410112
2026-03-05 04:00:00+00:00,71994.4453125,73056.2578125,71833.234375,72502.0625,830332928
2026-03-05 08:00:00+00:00,72876.4453125,73527.2890625,71794.0078125,72075.7265625,855916544
2026-03-05 12:00:00+00:00,71481.0078125,73047.9296875,71200.6796875,72928.21875,0
2026-03-05 16:00:00+00:00,70952.4609375,71642.875,70663.078125,71642.875,0
2026-03-05 20:00:00+00:00,70842.15625,71542.8203125,70790.78125,70945.5703125,2166784
2026-03-06 00:00:00+00:00,71074.9140625,71357.8671875,70420.71875,70878.65625,161177600
2026-03-06 04:00:00+00:00,71077.15625,71162.75,70162.8359375,71085.6328125,0
2026-03-06 08:00:00+00:00,70202.3359375,71060.3359375,70198.7265625,71060.3359375,0
2026-03-06 12:00:00+00:00,68543.03125,70264.609375,68333.4140625,70203.9140625,4213534720
2026-03-06 16:00:00+00:00,68109.4140625,68773.5234375,67760.484375,68506.578125,39723008
2026-03-06 20:00:00+00:00,68136.6875,68423.8984375,67778.1484375,68124.5703125,36270080
2026-03-07 00:00:00+00:00,68133.25,68513.84375,68092.2421875,68139.6875,0
2026-03-07 04:00:00+00:00,67854.9375,68144.4765625,67503.4140625,68124.7421875,0
2026-03-07 08:00:00+00:00,68020.875,68207.53125,67743.6796875,67827.046875,0
2026-03-07 12:00:00+00:00,67910.8984375,68078.625,67628.859375,68015.34375,0
2026-03-07 16:00:00+00:00,67095.625,67918.0234375,67016.953125,67887.4375,965033984
2026-03-07 20:00:00+00:00,67272.5,67476.7265625,67087.1328125,67087.1328125,82049024
2026-03-08 00:00:00+00:00,67050.3515625,67474.390625,66892.953125,67250.1015625,1039976448
2026-03-08 04:00:00+00:00,67277.71875,67412.6953125,66612.984375,67009.3125,617793536
2026-03-08 08:00:00+00:00,67537.6328125,68170.4453125,67184.15625,67315.3984375,1927708672
2026-03-08 12:00:00+00:00,67197.578125,67617.4453125,66876.625,67517.109375,2546499584
2026-03-08 16:00:00+00:00,67294.5234375,67405.09375,66768.0625,67200.6953125,950188032
2026-03-08 20:00:00+00:00,65969.5859375,67480.8671875,65660.515625,67311.3671875,5241018368
2026-03-09 00:00:00+00:00,67198.7890625,67644.046875,65878.921875,65975.703125,4220733440
2026-03-09 04:00:00+00:00,67527.171875,68009.7265625,66968.28125,67206.921875,3051241472
2026-03-09 08:00:00+00:00,67781.9375,68405.1640625,67398.3984375,67566.90625,2060296192
2026-03-09 12:00:00+00:00,69007.4609375,69453.5,67753.046875,67753.046875,6119809024
2026-03-09 16:00:00+00:00,69053.765625,69347.0234375,68265.109375,68895.296875,3845259264
2026-03-09 20:00:00+00:00,68402.71875,69139.6640625,68401.4609375,69006.203125,623468544
2026-03-10 00:00:00+00:00,69454.2890625,70561.8515625,68432.28125,68443.1484375,1710305280
2026-03-10 04:00:00+00:00,70338.8671875,70465.3984375,69474.1640625,69474.1640625,1020604416
2026-03-10 08:00:00+00:00,70612.5078125,71266.8828125,70392.390625,70392.390625,1657151488
2026-03-10 12:00:00+00:00,71360.6640625,71751.71875,69508.3515625,70609.28125,1623293952
2026-03-10 16:00:00+00:00,70001.09375,71699.7265625,69837.5078125,71382.9375,2411708416
2026-03-10 20:00:00+00:00,69931.25,70390.609375,69491.3828125,70050.2265625,800378880
2026-03-11 00:00:00+00:00,69571.8671875,70146.609375,69526.8203125,69956.9296875,940462080
2026-03-11 04:00:00+00:00,69666.4765625,70256.4609375,69453.703125,69544.28125,31375360
2026-03-11 08:00:00+00:00,69247.8671875,69757.7734375,69247.8671875,69674.875,88522752
2026-03-11 12:00:00+00:00,70278.3515625,71038.4375,68998.8671875,69178.859375,1373696000
2026-03-11 16:00:00+00:00,70667.578125,71337.6640625,70226.9375,70242.484375,1866711040
2026-03-11 20:00:00+00:00,70209.765625,70901.875,70165.6640625,70670.0,0
2026-03-12 00:00:00+00:00,69437.1015625,70357.203125,69252.6015625,70202.765625,0
2026-03-12 04:00:00+00:00,69813.4296875,69847.9140625,69242.03125,69468.0546875,81448960
2026-03-12 08:00:00+00:00,70452.9453125,70743.3203125,69634.1640625,69831.0390625,1747570688
2026-03-12 12:00:00+00:00,70270.5234375,70604.1953125,69426.078125,70438.421875,104935424
2026-03-12 16:00:00+00:00,70520.96875,70557.953125,69825.1015625,70318.53125,247152640
2026-03-12 20:00:00+00:00,70497.046875,70712.6171875,70041.546875,70487.4765625,887209984
2026-03-13 00:00:00+00:00,71403.625,71953.484375,70426.640625,70446.8671875,4234215424
2026-03-13 04:00:00+00:00,71651.875,71651.875,71193.234375,71404.71875,2048311296
2026-03-13 08:00:00+00:00,72254.34375,72571.53125,71399.765625,71622.6953125,3033198592
2026-03-13 12:00:00+00:00,71798.3359375,73854.28125,71764.828125,72235.890625,7561502720
2026-03-13 16:00:00+00:00,71159.5390625,72220.09375,70936.8125,71860.2421875,4736344064
2026-03-13 20:00:00+00:00,70965.3828125,71482.953125,70570.5546875,71175.09375,958148608
2026-03-14 00:00:00+00:00,71072.2265625,71155.03125,70507.8828125,70952.3359375,433008640
2026-03-14 04:00:00+00:00,70613.203125,71281.6796875,70436.75,71090.21875,0
2026-03-14 08:00:00+00:00,70723.2890625,70769.859375,70421.6875,70599.90625,0
2026-03-14 12:00:00+00:00,70603.828125,70951.0859375,70522.859375,70739.1875,0
2026-03-14 16:00:00+00:00,70711.6171875,70736.296875,70512.34375,70607.3671875,0
2026-03-14 20:00:00+00:00,71213.6796875,71239.0859375,70665.1796875,70711.78125,5027840
2026-03-15 00:00:00+00:00,71325.859375,71575.921875,70897.6171875,71214.4296875,434233344
2026-03-15 04:00:00+00:00,71441.8359375,71729.515625,71343.453125,71343.453125,299008000
2026-03-15 08:00:00+00:00,71843.15625,71932.8984375,71449.0234375,71449.0234375,441544704
2026-03-15 12:00:00+00:00,71488.0625,71832.7734375,71299.9921875,71832.7734375,1005258752
2026-03-15 16:00:00+00:00,71558.015625,71987.2890625,71339.46875,71487.0546875,1090875392
2026-03-15 20:00:00+00:00,72798.171875,73141.3515625,71451.8828125,71562.3125,5307017216
2026-03-16 00:00:00+00:00,73661.484375,73984.296875,72323.09375,72820.78125,4963274752
2026-03-16 04:00:00+00:00,73494.09375,74363.125,73408.703125,73582.4296875,6647349248
2026-03-16 08:00:00+00:00,73562.8046875,73788.40625,72931.9375,73458.265625,3354882048
2026-03-16 12:00:00+00:00,73245.90625,74458.6484375,73064.859375,73561.6640625,5594988544
2026-03-16 16:00:00+00:00,73962.578125,74336.2578125,73198.8125,73281.421875,7444893696
2026-03-16 20:00:00+00:00,74855.296875,74901.859375,73868.8828125,73980.8671875,1785528320
2026-03-17 00:00:00+00:00,74423.7109375,75954.96875,74309.4609375,74871.296875,4584931328
2026-03-17 04:00:00+00:00,74257.4609375,74652.7421875,73839.921875,74545.046875,391942144
2026-03-17 08:00:00+00:00,74057.859375,74425.8515625,73614.75,74254.4609375,757178368
2026-03-17 12:00:00+00:00,73949.9375,74816.5,73459.25,74036.2421875,366981120
2026-03-17 16:00:00+00:00,74509.2109375,74810.171875,73905.640625,73943.6171875,212123648
2026-03-17 20:00:00+00:00,73936.8515625,74797.6953125,73936.8515625,74510.2265625,134602752
2026-03-18 00:00:00+00:00,74520.84375,74614.859375,73607.1796875,73933.515625,0
2026-03-18 04:00:00+00:00,73888.078125,74495.1484375,73739.234375,74488.171875,0
2026-03-18 08:00:00+00:00,72931.2109375,74264.984375,72884.6171875,73889.796875,1690705920
2026-03-18 12:00:00+00:00,71515.359375,72969.7421875,70978.140625,72969.7421875,5135171584
2026-03-18 16:00:00+00:00,71111.2421875,71948.5546875,70992.875,71452.140625,2332372992
2026-03-18 20:00:00+00:00,71250.3515625,71406.578125,70605.0234375,71058.625,1242025984
2026-03-19 00:00:00+00:00,71223.125,71593.9453125,70936.203125,71216.484375,174055424
2026-03-19 04:00:00+00:00,70220.4609375,71199.2578125,69519.03125,71157.5390625,3700060160
2026-03-19 08:00:00+00:00,69915.0,70530.7578125,69915.0,70202.65625,2553991168
2026-03-19 12:00:00+00:00,69452.3203125,70009.0546875,68829.8515625,69934.671875,674107392
2026-03-19 16:00:00+00:00,70280.046875,70564.9453125,69145.453125,69425.8359375,2206527488
2026-03-19 20:00:00+00:00,69911.53125,70695.4375,69740.953125,70277.4296875,6238208
2026-03-20 00:00:00+00:00,70747.953125,70765.3984375,69849.15625,69921.890625,423002112
2026-03-20 04:00:00+00:00,70857.6328125,70939.7734375,70223.3046875,70732.3515625,234172416
2026-03-20 08:00:00+00:00,70472.921875,71315.328125,70242.9609375,70859.1796875,75878400
2026-03-20 12:00:00+00:00,69812.21875,70659.421875,69512.046875,70474.6953125,333500416
2026-03-20 16:00:00+00:00,70164.53125,70165.765625,69435.75,69857.6171875,773140480
2026-03-20 20:00:00+00:00,70522.46875,70877.3046875,69775.8359375,70160.9375,499912704
2026-03-21 00:00:00+00:00,70675.25,70767.015625,70438.75,70517.6171875,0
2026-03-21 04:00:00+00:00,70697.6328125,70871.8515625,70623.890625,70673.375,552620032
2026-03-21 08:00:00+00:00,70634.9609375,70727.671875,70489.359375,70711.7109375,0
2026-03-21 12:00:00+00:00,70652.2265625,71040.421875,70486.5078125,70635.1640625,0
2026-03-21 16:00:00+00:00,70379.7109375,70644.515625,70223.3203125,70641.703125,0
2026-03-21 20:00:00+00:00,68737.4453125,70490.6171875,68737.4453125,70380.328125,1413502976
2026-03-22 00:00:00+00:00,69332.0703125,69552.2734375,68339.5859375,68903.21875,5116844032
2026-03-22 04:00:00+00:00,68923.3125,69494.2578125,68923.3125,69336.1171875,297818112
2026-03-22 08:00:00+00:00,68216.140625,68971.8046875,68216.140625,68907.0234375,1707882496
2026-03-22 12:00:00+00:00,68828.15625,68940.5703125,68213.7421875,68213.7421875,1230098432
2026-03-22 16:00:00+00:00,68184.2890625,68860.4921875,68156.375,68843.4296875,1415100416
2026-03-22 20:00:00+00:00,67843.0,68489.1875,67408.296875,68194.046875,2576885760
2026-03-23 00:00:00+00:00,68068.9921875,68565.7421875,67466.7109375,67854.984375,237643776
2026-03-23 04:00:00+00:00,68311.0390625,68877.9765625,67543.046875,68072.1796875,4294246400
2026-03-23 08:00:00+00:00,70063.984375,71401.8515625,67922.8515625,68303.515625,9561262080
2026-03-23 12:00:00+00:00,70131.59375,71696.078125,69731.46875,70082.0390625,8513216512
2026-03-23 16:00:00+00:00,70651.0703125,71170.8671875,70107.0390625,70107.0390625,4012298240
2026-03-23 20:00:00+00:00,70912.671875,70972.8046875,70406.1171875,70679.421875,1214853120
2026-03-24 00:00:00+00:00,70523.75,71045.5234375,70360.375,70898.6640625,0
2026-03-24 04:00:00+00:00,71331.5,71331.5,70129.859375,70523.875,748859392
2026-03-24 08:00:00+00:00,71123.2421875,71318.828125,70860.8984375,71277.5234375,200728576
2026-03-24 12:00:00+00:00,69875.765625,71143.7421875,69515.4765625,71143.7421875,138326016
2026-03-24 16:00:00+00:00,69297.703125,69945.90625,68934.4375,69869.234375,1110986752
2026-03-24 20:00:00+00:00,70520.046875,70783.234375,69277.375,69318.796875,2729095168
2026-03-25 00:00:00+00:00,70729.296875,70995.4453125,70405.984375,70525.5625,444178432
2026-03-25 04:00:00+00:00,70908.28125,71295.6171875,70696.578125,70709.2578125,815198208
2026-03-25 08:00:00+00:00,71661.7578125,71946.390625,70790.1015625,70903.484375,1125564416
2026-03-25 12:00:00+00:00,70834.3203125,71907.1953125,70584.640625,71705.8359375,364318720
2026-03-25 16:00:00+00:00,70781.0078125,71706.296875,70722.234375,70838.890625,0
2026-03-25 20:00:00+00:00,71310.1171875,71524.359375,70636.125,70849.5,5345280
2026-03-26 00:00:00+00:00,70864.46875,71393.2109375,70675.46875,71311.6640625,225431552
2026-03-26 04:00:00+00:00,70076.09375,70874.7890625,69805.421875,70860.96875,847843328
2026-03-26 08:00:00+00:00,69264.1328125,70077.6953125,69242.5625,70063.6953125,1150533632
2026-03-26 12:00:00+00:00,69042.921875,69826.125,68819.421875,69255.953125,1026959360
2026-03-26 16:00:00+00:00,68584.140625,69104.578125,68134.265625,69059.0703125,2125824000
2026-03-26 20:00:00+00:00,68790.8359375,69281.46875,68413.1796875,68510.28125,2086817792
2026-03-27 00:00:00+00:00,68741.234375,69082.3515625,68524.25,68778.71875,310116352
2026-03-27 04:00:00+00:00,68418.7265625,68907.578125,68269.15625,68729.7890625,1873055744
2026-03-27 08:00:00+00:00,66668.6796875,68536.6796875,66371.2421875,68480.609375,5525262336
2026-03-27 12:00:00+00:00,66089.65625,66716.5234375,65703.7265625,66676.8984375,4300865536
2026-03-27 16:00:00+00:00,66041.453125,66232.8984375,65539.1875,66075.796875,788627456
2026-03-27 20:00:00+00:00,66338.5,66351.5703125,65795.3515625,66021.203125,308248576
2026-03-28 00:00:00+00:00,66167.8359375,66468.921875,65916.359375,66363.4140625,0
2026-03-28 04:00:00+00:00,66508.2421875,66508.2421875,66091.3359375,66184.3125,0
2026-03-28 08:00:00+00:00,66306.5,66512.9765625,66096.53125,66504.671875,0
2026-03-28 12:00:00+00:00,66939.7421875,67201.6484375,66221.578125,66298.8515625,0
2026-03-28 16:00:00+00:00,66848.3359375,67038.5390625,66687.828125,66980.3828125,0
2026-03-28 20:00:00+00:00,66319.6953125,66952.625,66253.2265625,66853.859375,0
2026-03-29 00:00:00+00:00,66851.75,67000.8125,66259.4921875,66331.703125,467705856
2026-03-29 04:00:00+00:00,66647.484375,66876.4609375,66507.3359375,66850.796875,0
2026-03-29 08:00:00+00:00,66766.0078125,66867.734375,66390.203125,66614.203125,388931584
2026-03-29 12:00:00+00:00,66467.59375,66806.3046875,66308.6015625,66770.6484375,90222592
2026-03-29 16:00:00+00:00,66290.3046875,66590.9609375,66136.609375,66464.84375,224741376
2026-03-29 20:00:00+00:00,65958.3515625,66710.8046875,65036.53125,66294.15625,3895443456
2026-03-30 00:00:00+00:00,67106.546875,67286.265625,65773.0546875,65957.6015625,3752333312
2026-03-30 04:00:00+00:00,67502.453125,67655.2265625,67091.390625,67091.390625,3166812160
2026-03-30 08:00:00+00:00,67602.984375,67840.6015625,67341.5859375,67554.953125,3596789760
2026-03-30 12:00:00+00:00,67578.46875,68069.59375,67099.046875,67624.53125,4724396032
2026-03-30 16:00:00+00:00,66424.765625,67587.203125,66211.5234375,67587.203125,3302887424
2026-03-30 20:00:00+00:00,66694.5859375,66930.125,66378.109375,66480.578125,1295876096
2026-03-31 00:00:00+00:00,67651.0625,68292.8125,66507.421875,66727.5234375,1710804992
2026-03-31 04:00:00+00:00,67316.1640625,67788.0078125,67084.0625,67653.84375,920883200
2026-03-31 08:00:00+00:00,66638.390625,67433.5546875,65980.9765625,67315.796875,2430119936
2026-03-31 12:00:00+00:00,66695.515625,67667.7421875,66478.3984375,66629.9375,1117093888
2026-03-31 16:00:00+00:00,67760.78125,68399.34375,66732.5,66753.0078125,3052224512
2026-03-31 20:00:00+00:00,68232.890625,68309.3203125,67817.828125,67817.828125,964816896
2026-04-01 00:00:00+00:00,68083.9375,68270.3046875,67565.3984375,68224.46875,1374912512
2026-04-01 04:00:00+00:00,68651.3828125,69204.46875,68001.984375,68097.21875,1402134528
2026-04-01 08:00:00+00:00,68687.2265625,68809.0859375,68368.171875,68654.0,612196352
2026-04-01 12:00:00+00:00,68915.3125,68915.3125,67969.1171875,68687.5546875,637464576
2026-04-01 16:00:00+00:00,68152.3203125,69104.828125,67981.9140625,68884.7578125,229548032
2026-04-01 20:00:00+00:00,68077.8984375,68485.8671875,67985.3671875,68129.8046875,0
2026-04-02 00:00:00+00:00,66570.546875,68633.1484375,66506.125,68095.265625,2857099264
2026-04-02 04:00:00+00:00,66915.609375,66915.609375,66230.2421875,66566.046875,369295360
2026-04-02 08:00:00+00:00,66194.6484375,66908.1484375,66170.84375,66908.1484375,348532736
2026-04-02 12:00:00+00:00,66785.171875,67029.875,65788.75,66202.0,2095915008
2026-04-02 16:00:00+00:00,66993.984375,67384.4453125,66602.015625,66835.65625,722644992
2026-04-02 20:00:00+00:00,66889.015625,67084.671875,66759.9140625,66964.6328125,48594944
2026-04-03 00:00:00+00:00,66586.28125,66972.71875,66281.984375,66888.4765625,0
2026-04-03 04:00:00+00:00,67027.1484375,67162.359375,66459.9296875,66587.0859375,168898560
2026-04-03 08:00:00+00:00,66995.7109375,67268.6796875,66691.5390625,67032.546875,61919232
2026-04-03 12:00:00+00:00,66837.7265625,67099.0546875,66507.0625,67002.0078125,0
2026-04-03 16:00:00+00:00,66861.78125,67042.3359375,66766.1328125,66844.640625,0
2026-04-03 20:00:00+00:00,66938.6484375,66949.21875,66815.640625,66870.6015625,101472256
2026-04-04 00:00:00+00:00,66821.40625,66939.015625,66803.2265625,66937.25,0
2026-04-04 04:00:00+00:00,67022.4453125,67022.4453125,66790.7890625,66826.0625,0
2026-04-04 08:00:00+00:00,67113.609375,67194.5546875,66905.3359375,67011.6328125,150949888
2026-04-04 12:00:00+00:00,67364.34375,67435.46875,67028.609375,67125.0234375,370152448
2026-04-04 16:00:00+00:00,67287.53125,67491.78125,67266.375,67368.828125,72231936
2026-04-04 20:00:00+00:00,67291.1953125,67426.90625,67184.6953125,67278.640625,112285696
2026-04-05 00:00:00+00:00,67113.9453125,67297.15625,66981.0390625,67280.21875,456535040
2026-04-05 04:00:00+00:00,66795.5,67165.34375,66615.0390625,67117.3671875,776210432
2026-04-05 08:00:00+00:00,66972.8359375,67096.5859375,66793.6015625,66793.6015625,197574656
2026-04-05 12:00:00+00:00,67270.234375,67516.1640625,66691.171875,66977.1484375,2064122880
2026-04-05 16:00:00+00:00,67301.609375,67504.1640625,67172.9140625,67281.09375,250343424
2026-04-05 20:00:00+00:00,68982.9140625,69048.203125,67329.8671875,67331.4921875,4364726272
2026-04-06 00:00:00+00:00,69061.84375,69491.6484375,68780.3515625,68978.9140625,5297408000
2026-04-06 04:00:00+00:00,69075.671875,69316.03125,68819.328125,69082.078125,1407135744
2026-04-06 08:00:00+00:00,69595.9453125,70132.9921875,69083.1171875,69089.3203125,5091346432
2026-04-06 12:00:00+00:00,69930.125,69941.1171875,69206.546875,69601.015625,2449952768
2026-04-06 16:00:00+00:00,69704.140625,70237.1015625,69283.7578125,69947.6875,4151582720
2026-04-06 20:00:00+00:00,68859.375,69973.8203125,68367.84375,69733.0,454131712
2026-04-07 00:00:00+00:00,68756.09375,69035.9765625,68286.8046875,68860.4609375,152686592
2026-04-07 04:00:00+00:00,68632.78125,68964.1953125,68432.515625,68761.765625,0
2026-04-07 08:00:00+00:00,68356.046875,69215.59375,68075.421875,68618.9140625,632713216
2026-04-07 12:00:00+00:00,68141.9921875,68611.0234375,67755.734375,68342.5,2857555968
2026-04-07 16:00:00+00:00,68958.59375,69064.8359375,68102.5546875,68151.7109375,1176489984
2026-04-07 20:00:00+00:00,71950.1484375,72484.7734375,69001.296875,69001.296875,10219204608
2026-04-08 00:00:00+00:00,71289.5078125,72057.078125,71273.4453125,71926.15625,2715918336
2026-04-08 04:00:00+00:00,71608.8203125,71911.2734375,71286.9296875,71286.9296875,2855317504
2026-04-08 08:00:00+00:00,71665.8984375,71932.7578125,71417.4609375,71628.890625,431394816
2026-04-08 12:00:00+00:00,71301.046875,72739.1796875,70754.125,71671.8984375,4438384640
2026-04-08 16:00:00+00:00,71301.3984375,71937.984375,71078.375,71295.5390625,566153216
2026-04-08 20:00:00+00:00,71115.125,71721.1015625,70923.90625,71319.5703125,0
2026-04-09 00:00:00+00:00,70979.9140625,71157.859375,70528.3125,71093.7578125,249393152
2026-04-09 04:00:00+00:00,70964.1015625,71077.4921875,70730.6796875,70984.984375,0
2026-04-09 08:00:00+00:00,71157.0078125,71536.890625,70901.5625,70968.703125,0
2026-04-09 12:00:00+00:00,72103.4296875,72317.9921875,70549.265625,71151.8515625,1492318208
2026-04-09 16:00:00+00:00,72090.484375,72519.0859375,71774.890625,72122.2265625,2200551424
2026-04-09 20:00:00+00:00,71774.3671875,73004.65625,71637.8125,72109.1328125,3793436672
2026-04-10 00:00:00+00:00,71866.9375,72377.25,71609.296875,71783.515625,675479552
2026-04-10 04:00:00+00:00,71474.5234375,72255.078125,71445.828125,71888.7265625,738652160
2026-04-10 08:00:00+00:00,72120.9609375,72250.0703125,71444.78125,71484.5546875,839524352
2026-04-10 12:00:00+00:00,72403.5390625,73289.9140625,71946.921875,72123.65625,2951577600
2026-04-10 16:00:00+00:00,73234.4453125,73263.1015625,72420.078125,72431.109375,53522432
2026-04-10 20:00:00+00:00,72976.125,73421.8125,72822.1328125,73218.1953125,505659392
2026-04-11 00:00:00+00:00,72867.390625,73116.5234375,72722.609375,72974.1953125,27906048
2026-04-11 04:00:00+00:00,72738.2890625,72972.625,72676.46875,72886.9375,0
2026-04-11 08:00:00+00:00,72925.703125,72945.75,72659.4375,72768.2421875,0
2026-04-11 12:00:00+00:00,72880.890625,73003.6796875,72594.53125,72923.6796875,0
2026-04-11 16:00:00+00:00,73683.421875,73724.78125,72850.484375,72886.515625,224630784
2026-04-11 20:00:00+00:00,73056.046875,73687.1015625,72963.15625,73687.1015625,352256
2026-04-12 00:00:00+00:00,71660.0546875,73141.5,71464.046875,73057.15625,3097937920
2026-04-12 04:00:00+00:00,71747.28125,71785.1328125,71481.25,71621.7890625,671844352
2026-04-12 08:00:00+00:00,71494.46875,71789.8125,71405.109375,71712.4296875,1273034752
2026-04-12 12:00:00+00:00,70906.8203125,71515.1484375,70721.7890625,71493.9921875,2387728384
2026-04-12 16:00:00+00:00,71114.7265625,71234.3046875,70856.4140625,70886.1015625,97961984
2026-04-12 20:00:00+00:00,70757.6171875,71452.2265625,70581.140625,71110.75,1761050624
2026-04-13 00:00:00+00:00,70989.6875,71264.46875,70629.453125,70741.296875,292968448
2026-04-13 04:00:00+00:00,70831.3125,71120.4453125,70699.671875,70981.3125,4072048640
2026-04-13 08:00:00+00:00,70947.2109375,70960.5546875,70588.5234375,70810.34375,2179717120
2026-04-13 12:00:00+00:00,71838.046875,72420.1171875,70788.5,70883.4453125,6215897088
2026-04-13 16:00:00+00:00,73373.984375,73472.53125,71821.390625,71909.3828125,9372913664
2026-04-13 20:00:00+00:00,74532.7421875,74856.671875,73046.53125,73379.046875,8091066368
2026-04-14 00:00:00+00:00,74454.3828125,74566.109375,74074.78125,74442.2265625,2540462080
2026-04-14 04:00:00+00:00,74547.5546875,74930.4296875,74192.1875,74450.8515625,1543237632
2026-04-14 08:00:00+00:00,74456.0,74901.6875,74333.2734375,74547.046875,2675822592
2026-04-14 12:00:00+00:00,75367.1640625,76009.03125,74297.015625,74398.828125,5913075712
2026-04-14 16:00:00+00:00,74265.8984375,75666.0390625,73946.8515625,75390.9609375,653688832
2026-04-14 20:00:00+00:00,74186.5390625,74423.1484375,73905.1796875,74329.203125,73728
2026-04-15 00:00:00+00:00,74376.75,74828.609375,74153.2734375,74176.09375,1786605568
2026-04-15 04:00:00+00:00,73771.34375,74471.1796875,73545.0,74377.8515625,68005888
2026-04-15 08:00:00+00:00,74233.3203125,74276.2421875,73706.0,73776.828125,151773184
2026-04-15 12:00:00+00:00,73872.0078125,74531.6484375,73629.4375,74236.328125,292081664
2026-04-15 16:00:00+00:00,75026.3203125,75310.1015625,73783.4921875,73850.0390625,160878592
2026-04-15 20:00:00+00:00,74825.8671875,75400.0,74541.0625,75057.6796875,200192000
2026-04-16 00:00:00+00:00,74904.2109375,75284.0078125,74478.8203125,74845.609375,2016497664
2026-04-16 04:00:00+00:00,74721.5390625,75185.8671875,74662.34375,74901.15625,315793408
2026-04-16 08:00:00+00:00,74593.328125,74927.828125,74290.78125,74721.546875,1200881664
2026-04-16 12:00:00+00:00,74719.9921875,75023.1796875,73309.7265625,74593.328125,2995044352
2026-04-16 16:00:00+00:00,75371.9765625,75429.609375,73917.140625,74746.0,1634238464
2026-04-16 20:00:00+00:00,75163.09375,75533.6796875,74827.8125,75384.9375,249851904
2026-04-17 00:00:00+00:00,74633.1484375,75179.8515625,74562.671875,75160.203125,51539968
2026-04-17 04:00:00+00:00,75069.6875,75118.859375,74575.0,74633.15625,61296640
2026-04-17 08:00:00+00:00,75622.578125,76370.0,75015.359375,75095.40625,4210688000
2026-04-17 12:00:00+00:00,77843.2734375,78142.9765625,75558.0,75661.6484375,10267521024
2026-04-17 16:00:00+00:00,77517.8671875,78340.0390625,77063.2578125,77836.21875,1879207936
2026-04-17 20:00:00+00:00,77098.0078125,77648.453125,76941.9921875,77463.8828125,566628352
2026-04-18 00:00:00+00:00,77040.0,77447.4296875,77001.3125,77073.75,0
2026-04-18 04:00:00+00:00,77020.0078125,77295.0078125,76923.078125,77025.9921875,454922240
2026-04-18 08:00:00+00:00,76069.4609375,77070.390625,75798.75,77020.0234375,0
2026-04-18 12:00:00+00:00,76191.71875,76361.2578125,75839.9921875,76074.796875,0
2026-04-18 16:00:00+00:00,75678.90625,76249.9765625,75482.96875,76173.09375,0
2026-04-18 20:00:00+00:00,75730.578125,75921.9765625,75632.671875,75688.59375,0
2026-04-19 00:00:00+00:00,75549.65625,75884.0078125,75398.8671875,75736.0,253513728
2026-04-19 04:00:00+00:00,75291.1171875,75798.40625,74955.546875,75546.4921875,1192728576
2026-04-19 08:00:00+00:00,75637.5234375,75653.0625,74963.3828125,75265.0,0
2026-04-19 12:00:00+00:00,75885.6171875,76257.0703125,75450.4765625,75652.3125,1924679680
2026-04-19 16:00:00+00:00,74985.0390625,75893.6328125,74641.4765625,75885.6171875,1340807168
2026-04-19 20:00:00+00:00,73815.203125,74985.0390625,73802.578125,74985.0390625,3229972480
2026-04-20 00:00:00+00:00,74665.6171875,74772.3515625,73772.9609375,73830.0,2122016768
2026-04-20 04:00:00+00:00,74860.0234375,75582.0078125,74136.9375,74666.078125,1071421440
2026-04-20 08:00:00+00:00,75232.7265625,75436.03125,74650.28125,74860.3828125,1101680640
2026-04-20 12:00:00+00:00,75750.0,75765.2109375,74735.7421875,75222.8984375,2371559424
2026-04-20 16:00:00+00:00,76330.9375,76528.0078125,75322.359375,75753.1484375,2903810048
2026-04-20 20:00:00+00:00,75875.0390625,76590.0,75655.9921875,76311.109375,1403420672
2026-04-21 00:00:00+00:00,75740.578125,76270.1875,75520.0,75876.890625,0
2026-04-21 04:00:00+00:00,76118.09375,76323.5390625,75633.28125,75755.7734375,52444172288
2026-04-21 08:00:00+00:00,76478.6171875,76905.171875,76114.59375,76125.6328125,1374101504
2026-04-21 12:00:00+00:00,75849.703125,76595.0,75438.703125,76489.0,30128500736
2026-04-21 16:00:00+00:00,75019.9921875,76191.2578125,74825.9921875,75869.71875,0
2026-04-21 20:00:00+00:00,76356.0,76437.2578125,74989.5390625,75004.3671875,459378688
2026-04-22 00:00:00+00:00,77541.546875,77746.8828125,76148.109375,76370.0,3162521600
2026-04-22 04:00:00+00:00,78007.6875,78433.8984375,77384.0703125,77547.9921875,4282118144
2026-04-22 08:00:00+00:00,78322.546875,78385.53125,77960.0,78044.2890625,144773120
2026-04-22 12:00:00+00:00,79325.3828125,79450.0,78146.8828125,78329.0,4052455424
2026-04-22 16:00:00+00:00,78891.9765625,79500.0078125,78697.96875,79371.9296875,912244736
2026-04-22 20:00:00+00:00,78208.546875,78946.3828125,78184.0078125,78918.5234375,670384128
2026-04-23 00:00:00+00:00,77778.0,78605.0,77536.0078125,78208.5390625,1772793856
2026-04-23 04:00:00+00:00,78086.140625,78370.4921875,77698.703125,77748.6484375,0
2026-04-23 08:00:00+00:00,77722.2890625,78204.3125,77216.890625,78086.140625,1868177408
2026-04-23 12:00:00+00:00,78413.1796875,78716.328125,77422.5,77722.328125,30183424
2026-04-23 16:00:00+00:00,77743.15625,78544.65625,76986.296875,78420.7265625,2091753472
2026-04-23 20:00:00+00:00,78281.3203125,78366.1875,77669.8984375,77732.5390625,0
2026-04-24 00:00:00+00:00,77755.390625,78570.0234375,77590.5078125,78320.3828125,29274112
2026-04-24 04:00:00+00:00,77676.9609375,78039.390625,77465.8984375,77744.90625,584425472
2026-04-24 08:00:00+00:00,78256.09375,78395.2734375,77436.0,77676.9609375,1137606656
2026-04-24 12:00:00+00:00,78068.03125,78447.7578125,77619.9921875,78272.96875,561422336
2026-04-24 16:00:00+00:00,77659.71875,78081.2421875,77385.90625,78077.078125,34394112
2026-04-24 20:00:00+00:00,77461.796875,77785.0,77306.0625,77657.0234375,871069696
2026-04-25 00:00:00+00:00,77674.0,77736.1171875,77329.2890625,77471.1796875,0
2026-04-25 04:00:00+00:00,77532.9609375,77726.15625,77470.0,77699.90625,0
2026-04-25 08:00:00+00:00,77697.3984375,77910.3515625,77510.9375,77514.2578125,0
2026-04-25 12:00:00+00:00,77354.0625,77768.796875,77345.0,77704.5078125,0
2026-04-25 16:00:00+00:00,77339.7734375,77483.4296875,77199.0234375,77332.5703125,28358656
2026-04-25 20:00:00+00:00,77650.7109375,77666.4765625,77324.5703125,77371.90625,643072
2026-04-26 00:00:00+00:00,77408.0078125,77663.84375,77346.4375,77650.7265625,0
2026-04-26 04:00:00+00:00,78126.3125,78212.609375,77394.8828125,77400.0234375,1137781760
2026-04-26 08:00:00+00:00,78118.0,78232.84375,77941.9765625,78135.671875,256450560
2026-04-26 12:00:00+00:00,78073.1328125,78189.640625,77787.9375,78118.0078125,694482944
2026-04-26 16:00:00+00:00,78258.0,78519.9921875,77872.4765625,78084.390625,1394821120
2026-04-26 20:00:00+00:00,78664.640625,78918.65625,77891.046875,78274.03125,3659974656
2026-04-27 00:00:00+00:00,79120.0234375,79492.140625,78425.9921875,78673.828125,5169928192
2026-04-27 04:00:00+00:00,77621.2109375,79175.90625,77493.0078125,79124.3828125,3861768192
2026-04-27 08:00:00+00:00,77847.890625,77989.3984375,77565.171875,77608.3828125,1861933056
2026-04-27 12:00:00+00:00,76789.5390625,78277.2265625,76581.109375,77845.3203125,5137811456
2026-04-27 16:00:00+00:00,76884.4296875,76915.203125,76464.78125,76748.9296875,2397888512
2026-04-27 20:00:00+00:00,77364.421875,77444.40625,76753.90625,76873.2734375,305152000
2026-04-28 00:00:00+00:00,76809.3125,77478.9765625,76677.6171875,77380.9375,0
2026-04-28 04:00:00+00:00,76872.953125,77147.0390625,76442.0,76804.9765625,326801408
2026-04-28 08:00:00+00:00,76221.59375,76998.4765625,76122.4765625,76879.7578125,2010064896
2026-04-28 12:00:00+00:00,76052.296875,76420.5390625,75653.7578125,76250.0,1820936192
2026-04-28 16:00:00+00:00,76324.8671875,76379.96875,75865.5703125,76034.390625,831488
2026-04-28 20:00:00+00:00,76315.90625,76483.2734375,76176.5,76338.2109375,69320704
2026-04-29 00:00:00+00:00,76986.0,77105.7890625,76166.578125,76316.65625,427184128
2026-04-29 04:00:00+00:00,77034.0390625,77441.1015625,76879.8125,76996.4375,1587650560
2026-04-29 08:00:00+00:00,77581.9296875,77898.53125,76947.703125,77047.09375,2141267968
2026-04-29 12:00:00+00:00,75897.671875,77597.2265625,75675.8515625,77587.328125,1640169472
2026-04-29 16:00:00+00:00,75528.6171875,76224.7734375,74938.1484375,75815.7421875,4564545536
2026-04-29 20:00:00+00:00,75752.8671875,76031.5,75454.8984375,75523.2578125,1400532992
2026-04-30 00:00:00+00:00,75901.8203125,76429.21875,75475.40625,75800.7265625,606089216
2026-04-30 04:00:00+00:00,76134.328125,76146.546875,75315.0390625,75902.859375,4648960
2026-04-30 08:00:00+00:00,76039.6015625,76321.421875,75848.0,76147.90625,0
2026-04-30 12:00:00+00:00,76438.84375,76625.03125,76016.5,76031.1875,122880
2026-04-30 16:00:00+00:00,76399.5078125,76495.328125,76073.8125,76437.25,0
2026-04-30 20:00:00+00:00,76296.7265625,76538.6875,76167.90625,76380.03125,2476032
2026-05-01 00:00:00+00:00,77091.84375,77406.7890625,76280.59375,76295.7265625,1207324672
2026-05-01 04:00:00+00:00,77108.0234375,77175.53125,76861.6796875,77109.7265625,537753600
2026-05-01 08:00:00+00:00,77452.7265625,77574.7265625,77022.546875,77097.5,1318541312
2026-05-01 12:00:00+00:00,78445.1171875,78940.40625,77392.0078125,77466.34375,5345118208
2026-05-01 16:00:00+00:00,78373.9765625,78691.0,78125.328125,78476.2890625,1952919552
2026-05-01 20:00:00+00:00,78234.046875,78419.25,77750.203125,78398.8203125,1037426688
2026-05-02 00:00:00+00:00,78409.6328125,78508.9609375,78168.0,78234.390625,0
2026-05-02 04:00:00+00:00,78211.6484375,78443.546875,78034.28125,78419.3984375,73678848
2026-05-02 08:00:00+00:00,78147.0390625,78392.40625,78093.1015625,78220.2109375,0
2026-05-02 12:00:00+00:00,78483.5234375,78486.4921875,78099.0703125,78147.0703125,0
2026-05-02 16:00:00+00:00,78471.78125,78588.4375,78308.0,78483.53125,0
2026-05-02 20:00:00+00:00,78682.3125,79135.5390625,78415.8671875,78487.7421875,349401088
2026-05-03 00:00:00+00:00,78196.0234375,78732.7109375,78103.75,78682.3125,283268096
2026-05-03 04:00:00+00:00,78357.6328125,78444.7578125,78074.9765625,78192.5234375,62702592
2026-05-03 08:00:00+00:00,78656.859375,78834.0,78337.921875,78357.6328125,449857536
2026-05-03 12:00:00+00:00,78656.84375,78873.0,78581.5390625,78666.453125,991266816
2026-05-03 16:00:00+00:00,78753.171875,78842.078125,78570.0,78656.84375,1096045568
2026-05-03 20:00:00+00:00,78558.8828125,79428.6015625,78488.6796875,78746.140625,3248234496
2026-05-04 00:00:00+00:00,80308.609375,80404.1484375,78274.921875,78546.0625,7867506688
2026-05-04 04:00:00+00:00,79685.78125,80600.0,79477.3125,80325.5,5892091904
2026-05-04 08:00:00+00:00,78782.953125,79909.0234375,78217.8984375,79673.28125,8037910528
2026-05-04 12:00:00+00:00,80038.3125,80532.7109375,78491.0,78780.0,8509059072
2026-05-04 16:00:00+00:00,80049.5703125,80740.4375,79615.171875,80027.21875,5586042880
2026-05-04 20:00:00+00:00,79841.1171875,80393.5625,79738.796875,80015.0,1425408
2026-05-05 00:00:00+00:00,80882.140625,81077.6328125,79789.5,79852.359375,0
2026-05-05 04:00:00+00:00,80863.140625,81304.171875,80717.8671875,80891.9921875,327839744
2026-05-05 08:00:00+00:00,81024.9375,81113.7109375,80520.0,80848.7265625,456839168
2026-05-05 12:00:00+00:00,81553.6796875,81713.0390625,80934.890625,81020.5234375,2300141568
2026-05-05 16:00:00+00:00,81617.7265625,81696.0,81056.2109375,81606.0078125,0
2026-05-05 20:00:00+00:00,80907.7265625,81770.453125,80792.203125,81610.1796875,2291490816
2026-05-06 00:00:00+00:00,81576.2578125,81743.328125,80725.2890625,80884.8125,899891200
2026-05-06 04:00:00+00:00,81370.0,81634.796875,81054.28125,81579.171875,198524928
2026-05-06 08:00:00+00:00,82522.03125,82814.21875,81318.1015625,81350.828125,4786413568
2026-05-06 12:00:00+00:00,81699.078125,82535.96875,81137.640625,82512.5390625,1638895616
2026-05-06 16:00:00+00:00,81461.6015625,81863.6015625,81190.8671875,81705.2890625,556437504
2026-05-06 20:00:00+00:00,81438.109375,81705.328125,81005.9921875,81463.3984375,0
2026-05-07 00:00:00+00:00,80841.9921875,81482.9765625,80830.859375,81416.3984375,148107264
2026-05-07 04:00:00+00:00,81517.796875,81708.0625,80756.3515625,80845.3828125,318640128
2026-05-07 08:00:00+00:00,80857.34375,81591.8984375,80564.140625,81521.453125,0
2026-05-07 12:00:00+00:00,79868.4296875,81192.4609375,79733.640625,80844.3984375,1249581056
2026-05-07 16:00:00+00:00,80124.5,80282.0,79493.0625,79865.25,1917558784
2026-05-07 20:00:00+00:00,79996.28125,80330.6796875,79573.296875,80161.9921875,689672192
2026-05-08 00:00:00+00:00,79549.8828125,80124.5,79248.484375,80027.9921875,2175139840
2026-05-08 04:00:00+00:00,79637.5390625,79738.46875,79245.3671875,79552.4765625,958275584
2026-05-08 08:00:00+00:00,80224.609375,80303.6875,79642.703125,79642.703125,671895552
2026-05-08 12:00:00+00:00,80124.25,80460.75,79525.53125,80220.7265625,367104000
2026-05-08 16:00:00+00:00,80101.3125,80294.75,79716.296875,80150.3203125,249753600
2026-05-08 20:00:00+00:00,80188.8203125,80418.7890625,80077.703125,80121.3671875,536543232
2026-05-09 00:00:00+00:00,80380.296875,80518.6328125,80116.9765625,80188.3828125,0
2026-05-09 04:00:00+00:00,80214.859375,80647.1015625,80133.59375,80385.0625,25501696
2026-05-09 08:00:00+00:00,80330.5,80434.6171875,80160.0,80214.8671875,0
2026-05-09 12:00:00+00:00,80523.953125,80590.4921875,80220.796875,80315.96875,0
2026-05-09 16:00:00+00:00,80933.4375,81061.9609375,80478.3828125,80556.21875,0
2026-05-09 20:00:00+00:00,80658.9765625,80939.0078125,80605.9765625,80939.0078125,0
2026-05-10 00:00:00+00:00,80752.2265625,80871.671875,80552.7265625,80653.4609375,22407168
2026-05-10 04:00:00+00:00,80725.8515625,80830.5390625,80635.7421875,80757.4609375,0
2026-05-10 08:00:00+00:00,80790.0078125,80956.7734375,80676.0,80722.9609375,226669568
2026-05-10 12:00:00+00:00,81404.640625,81420.0,80765.3828125,80795.9921875,793914368
2026-05-10 16:00:00+00:00,81425.140625,81567.9765625,81144.0,81415.421875,1602279424
2026-05-10 20:00:00+00:00,82199.9921875,82448.0,80295.1015625,81435.0,7844308992
2026-05-11 00:00:00+00:00,80721.7578125,82335.53125,80508.46875,82218.15625,4311744512
2026-05-11 04:00:00+00:00,80721.78125,81025.46875,80619.84375,80704.1171875,1510230016
2026-05-11 08:00:00+00:00,81185.9921875,81187.0078125,80595.3515625,80707.1328125,1182480384
2026-05-11 12:00:00+00:00,81422.953125,81431.25,80453.9375,81193.4765625,2526720000
2026-05-11 16:00:00+00:00,81955.4296875,82131.171875,81319.9296875,81429.1796875,2047660032
2026-05-11 20:00:00+00:00,81727.0625,82068.6328125,81580.0,81969.28125,2289664
2026-05-12 00:00:00+00:00,81036.0078125,81770.6171875,80697.9921875,81715.28125,313991168
2026-05-12 04:00:00+00:00,80829.9375,81288.828125,80819.1484375,81020.1484375,506005504
2026-05-12 08:00:00+00:00,80764.296875,80937.1328125,80471.8984375,80815.9609375,891711488
2026-05-12 12:00:00+00:00,80295.5390625,80983.078125,80143.65625,80755.3203125,1866129408
2026-05-12 16:00:00+00:00,80814.296875,80859.046875,79819.75,80269.15625,199434240
2026-05-12 20:00:00+00:00,80483.75,80871.359375,80420.1015625,80823.9921875,141283328
2026-05-13 00:00:00+00:00,81240.78125,81277.109375,80389.953125,80480.40625,281935872
2026-05-13 04:00:00+00:00,80996.0078125,81264.4609375,80861.2109375,81247.5390625,77875200
2026-05-13 08:00:00+00:00,80471.1484375,81285.5078125,80468.2890625,81003.9375,305055744
2026-05-13 12:00:00+00:00,78783.0390625,80564.5625,78761.3125,80468.96875,1967448064
2026-05-13 16:00:00+00:00,79606.0,79782.359375,78700.0,78761.28125,2236364800
2026-05-13 20:00:00+00:00,79288.25,79731.890625,79194.15625,79611.359375,627425280
2026-05-14 00:00:00+00:00,79012.2734375,79661.546875,78906.5703125,79299.1484375,1340889088
2026-05-14 04:00:00+00:00,79706.1015625,79962.3828125,78945.828125,79017.9921875,1464684544
2026-05-14 08:00:00+00:00,79213.1484375,79906.4765625,79189.9765625,79709.03125,743694336
2026-05-14 12:00:00+00:00,81304.03125,81335.578125,79194.9765625,79198.21875,3216850944
2026-05-14 16:00:00+00:00,81438.0,82054.3125,81088.390625,81328.796875,5449072640
2026-05-14 20:00:00+00:00,81079.03125,81625.0703125,81029.1484375,81459.9765625,453382144
2026-05-15 00:00:00+00:00,81053.6875,81646.671875,80729.0,81080.078125,793186304
2026-05-15 04:00:00+00:00,80815.9921875,81081.7890625,80305.9609375,81045.3125,1907998720
2026-05-15 08:00:00+00:00,80616.046875,80819.9921875,80366.1171875,80819.9921875,109543424
2026-05-15 12:00:00+00:00,79113.296875,80635.0,78601.1875,80600.359375,3403747328
2026-05-15 16:00:00+00:00,79106.7578125,79533.0078125,79010.890625,79141.359375,0
2026-05-15 20:00:00+00:00,79058.5078125,79175.8203125,78870.6875,79130.703125,298950656
2026-05-16 00:00:00+00:00,79025.9375,79180.5390625,78966.453125,79050.3125,0
2026-05-16 04:00:00+00:00,78328.2421875,79085.3203125,78042.421875,79018.1796875,473317376
2026-05-16 08:00:00+00:00,78047.6796875,78469.3671875,77611.359375,78324.609375,2926815232
2026-05-16 12:00:00+00:00,78201.4296875,78283.546875,77799.9765625,78042.9765625,311140352
2026-05-16 16:00:00+00:00,78234.3984375,78328.8671875,78099.7109375,78185.7890625,0
2026-05-16 20:00:00+00:00,78105.4609375,78289.5,78086.7109375,78250.0,137216
2026-05-17 00:00:00+00:00,77993.2421875,78203.9375,77693.25,78106.296875,547835904
2026-05-17 04:00:00+00:00,78152.1328125,78278.203125,77971.9765625,77993.2421875,137803776
2026-05-17 08:00:00+00:00,78382.0,78552.0234375,78000.09375,78153.8125,0
2026-05-17 12:00:00+00:00,78012.8984375,78508.2109375,77815.328125,78382.0,0
2026-05-17 16:00:00+00:00,78393.9765625,78429.5703125,77831.6484375,78016.1796875,22458368
2026-05-17 20:00:00+00:00,77411.390625,78450.0,76727.5078125,78368.7265625,3686108160
2026-05-18 00:00:00+00:00,76880.640625,77429.8515625,76659.4765625,77408.0,3199094784
2026-05-18 04:00:00+00:00,77021.46875,77032.4609375,76540.0390625,76877.9765625,3117518848
2026-05-18 08:00:00+00:00,77238.5078125,77347.5703125,76608.0703125,77035.0625,2464491520
2026-05-18 12:00:00+00:00,76338.546875,77764.28125,76001.96875,77251.6015625,8302688256
2026-05-18 16:00:00+00:00,76857.8828125,76926.7734375,76079.9921875,76319.0625,5216169984
2026-05-18 20:00:00+00:00,76942.7109375,77171.9765625,76743.9296875,76905.0,1236987904
2026-05-19 00:00:00+00:00,76721.9921875,77347.2890625,76428.1171875,76952.46875,0
2026-05-19 04:00:00+00:00,77178.0,77219.8203125,76577.84375,76715.75,123428864
2026-05-19 08:00:00+00:00,76641.296875,77242.40625,76577.8984375,77169.9375,52117504
2026-05-19 12:00:00+00:00,76441.421875,76987.9921875,76075.9765625,76634.0,0
2026-05-19 16:00:00+00:00,76754.046875,76993.0703125,76331.328125,76452.6171875,0
2026-05-19 20:00:00+00:00,76764.046875,76979.53125,76570.3125,76773.4375,0
2026-05-20 00:00:00+00:00,76637.609375,76839.9921875,76442.0234375,76755.25,265746432
2026-05-20 04:00:00+00:00,77195.4765625,77401.2421875,76596.3125,76650.6796875,866258944
2026-05-20 08:00:00+00:00,77301.6171875,77583.84375,77121.9921875,77197.21875,91045888
2026-05-20 12:00:00+00:00,77378.1484375,77767.828125,76819.8515625,77296.140625,298817536
2026-05-20 16:00:00+00:00,77600.9765625,77642.3828125,76929.953125,77389.9921875,903333888
2026-05-20 20:00:00+00:00,77475.0390625,77688.6875,77144.8203125,77602.0,747593728
2026-05-21 00:00:00+00:00,78001.6484375,78086.0078125,77442.171875,77479.203125,752357376
2026-05-21 04:00:00+00:00,77807.6796875,78101.9375,77441.203125,78001.65625,0
2026-05-21 08:00:00+00:00,77111.1015625,78104.34375,77050.2734375,77817.90625,1328386048
2026-05-21 12:00:00+00:00,77181.8515625,77306.3984375,76641.9921875,77126.609375,350676992
2026-05-21 16:00:00+00:00,77601.5625,78016.828125,76918.8125,77188.40625,2198130688
2026-05-21 20:00:00+00:00,77542.65625,77743.8203125,77458.6171875,77630.796875,495616
2026-05-22 00:00:00+00:00,77705.25,77738.296875,77239.90625,77551.25,0
2026-05-22 04:00:00+00:00,77320.6328125,77829.1484375,77200.6171875,77711.0078125,643985408
2026-05-22 08:00:00+00:00,77342.0625,77458.90625,77088.6015625,77323.671875,91201536
2026-05-22 12:00:00+00:00,76698.25,77491.2109375,76491.3515625,77346.671875,1055657984
2026-05-22 16:00:00+00:00,75756.03125,76995.4296875,75569.7890625,76690.8984375,1875992576
2026-05-22 20:00:00+00:00,75439.96875,75994.6015625,75266.7265625,75783.75,1381646336
2026-05-23 00:00:00+00:00,75545.7109375,75573.921875,75127.328125,75462.9765625,1905096704
2026-05-23 04:00:00+00:00,74516.7265625,75565.75,74251.296875,75545.7109375,1647644672
2026-05-23 08:00:00+00:00,74710.3125,74783.6328125,74262.5390625,74521.140625,956329984
2026-05-23 12:00:00+00:00,75432.03125,75594.2421875,74577.53125,74704.9296875,54517760
2026-05-23 16:00:00+00:00,75887.59375,75901.0703125,75288.2421875,75474.5703125,0
2026-05-23 20:00:00+00:00,76644.2421875,77285.6484375,75849.859375,75903.1796875,2820780032
2026-05-24 00:00:00+00:00,76699.46875,76895.0625,76532.2265625,76657.9765625,92968960
2026-05-24 04:00:00+00:00,76708.0,76960.671875,76548.0,76680.0390625,36116480
2026-05-24 08:00:00+00:00,77218.9375,77374.9375,76629.96875,76710.296875,4657649664
2026-05-24 12:00:00+00:00,76278.71875,77229.5703125,76129.421875,77219.2890625,1597835264
2026-05-24 16:00:00+00:00,76677.7578125,76692.5703125,76279.4296875,76282.6328125,22538240
2026-05-24 20:00:00+00:00,76961.8515625,77114.46875,76008.7109375,76689.1015625,371810304
2026-05-25 00:00:00+00:00,76933.1015625,77390.9296875,76827.2578125,76996.109375,738478080
2026-05-25 04:00:00+00:00,77310.59375,77520.90625,76899.390625,76933.1015625,1040021504
2026-05-25 08:00:00+00:00,77284.1328125,77615.84375,77184.5390625,77315.7890625,394647552
2026-05-25 12:00:00+00:00,77549.9609375,77804.9375,77206.0078125,77292.8125,808312832
2026-05-25 16:00:00+00:00,77380.6484375,77740.3671875,77274.203125,77569.03125,479133696
2026-05-25 20:00:00+00:00,77249.0703125,77434.9921875,76969.0703125,77361.3125,42907648
2026-05-26 00:00:00+00:00,76571.7265625,77277.359375,76392.0,77253.203125,964243456
2026-05-26 04:00:00+00:00,76629.8984375,76939.46875,76514.3671875,76571.7265625,736385024
2026-05-26 08:00:00+00:00,77097.9765625,77530.4609375,76488.0078125,76630.0,1707939840
2026-05-26 12:00:00+00:00,76396.7421875,78001.7109375,76158.296875,77103.8125,5801850880
2026-05-26 16:00:00+00:00,75916.5,76601.890625,75658.0,76411.8984375,6103281664
2026-05-26 20:00:00+00:00,75821.25,76066.5625,75555.0078125,75930.0078125,896159744
2026-05-27 00:00:00+00:00,75544.0078125,75995.4375,75510.9921875,75828.9375,159821824
2026-05-27 04:00:00+00:00,75838.4375,75855.328125,75180.9765625,75526.03125,743624704
2026-05-27 08:00:00+00:00,75632.9765625,75955.3984375,75584.890625,75849.15625,167702528
2026-05-27 12:00:00+00:00,75184.1875,76021.84375,74640.328125,75635.0234375,2146439168
2026-05-27 16:00:00+00:00,74907.9609375,75259.78125,74532.0,75169.078125,101742592
2026-05-27 20:00:00+00:00,74321.9921875,75279.2421875,74113.9765625,74909.9765625,1459009536
2026-05-28 00:00:00+00:00,73128.0078125,74462.390625,72942.8984375,74304.0,3282831360
2026-05-28 04:00:00+00:00,73368.7578125,73368.7578125,72637.546875,73130.0234375,5333483520
2026-05-28 08:00:00+00:00,73375.6171875,73493.2421875,73074.1875,73356.1171875,441470976
2026-05-28 12:00:00+00:00,72791.40625,73449.9921875,72450.0,73368.359375,686759936
2026-05-28 16:00:00+00:00,73302.0234375,73616.609375,72586.1171875,72770.0078125,610361344
2026-05-28 20:00:00+00:00,73512.5625,73830.1796875,73133.0390625,73314.0,621416448
2026-05-29 00:00:00+00:00,73187.9921875,73761.109375,73074.0,73516.203125,0
2026-05-29 04:00:00+00:00,73410.9296875,73817.25,73088.0078125,73187.9921875,124858368
2026-05-29 08:00:00+00:00,73369.7890625,73796.953125,73230.7578125,73404.4921875,415025152
2026-05-29 12:00:00+00:00,73698.4921875,74084.0,72383.5078125,73363.9375,1972914176
2026-05-29 16:00:00+00:00,73433.1328125,74222.46875,73075.6484375,73727.0234375,2757648384
2026-05-29 20:00:00+00:00,73366.7734375,73740.5234375,73216.2578125,73417.9296875,370565120
2026-05-30 00:00:00+00:00,73426.5625,73696.5,73303.359375,73372.6796875,284575744
2026-05-30 04:00:00+00:00,73450.9921875,73611.0078125,73118.046875,73426.5625,865214464
2026-05-30 08:00:00+00:00,73495.3984375,73580.2734375,73394.828125,73450.0234375,0
2026-05-30 12:00:00+00:00,73799.921875,73981.8125,73483.9765625,73505.6875,0
2026-05-30 16:00:00+00:00,73904.0,74021.7109375,73719.9921875,73820.0078125,0
2026-05-30 20:00:00+00:00,73768.0234375,73941.1796875,73671.2890625,73904.0,0
2026-05-31 00:00:00+00:00,74032.0625,74153.8125,73742.359375,73790.7578125,394178560
2026-05-31 04:00:00+00:00,73752.828125,74113.4921875,73720.3125,74032.0625,92747776
2026-05-31 08:00:00+00:00,73833.7890625,73918.7890625,73629.03125,73752.84375,405248000
2026-05-31 12:00:00+00:00,73542.7578125,73909.3203125,73414.2890625,73818.7109375,0
2026-05-31 16:00:00+00:00,73442.4921875,73636.1171875,73288.46875,73542.75,162412544
2026-05-31 20:00:00+00:00,73575.171875,74064.75,73400.0,73466.609375,763758592
2026-06-01 00:00:00+00:00,73661.7421875,73973.640625,73140.2734375,73575.1796875,1400049664
2026-06-01 04:00:00+00:00,72701.96875,73740.9765625,72621.4765625,73661.7265625,2453901312
2026-06-01 08:00:00+00:00,72388.7578125,72993.65625,72236.0,72707.390625,3198605312
2026-06-01 12:00:00+00:00,70989.7265625,72502.15625,70940.0,72468.0,11439026176
2026-06-01 16:00:00+00:00,71481.9921875,71685.140625,70565.9765625,70992.96875,6326706176
2026-06-01 20:00:00+00:00,71307.1875,71603.4921875,70734.9375,71478.6796875,1304334336
2026-06-02 00:00:00+00:00,70840.859375,71314.4375,70058.6796875,71314.4375,2525736960
2026-06-02 04:00:00+00:00,70006.796875,70937.9921875,69673.8671875,70870.0,2864713728
2026-06-02 08:00:00+00:00,69349.9921875,70065.828125,69216.84375,70015.7734375,834826240
2026-06-02 12:00:00+00:00,67169.296875,69438.25,66959.1484375,69337.9921875,2481774592
2026-06-02 16:00:00+00:00,67185.4375,67993.890625,66347.0,67160.3203125,2247622656
2026-06-02 20:00:00+00:00,66656.546875,67821.796875,66108.8203125,67195.9765625,5392568320
2026-06-03 00:00:00+00:00,65750.7734375,67078.71875,65384.94921875,66667.0078125,3255283712
2026-06-03 04:00:00+00:00,67125.921875,67407.34375,65728.0,65728.0,2628468736
2026-06-03 08:00:00+00:00,66966.0,67358.828125,66547.1015625,67113.328125,695808000
2026-06-03 12:00:00+00:00,65972.1796875,67140.4921875,65970.1796875,66969.6328125,0
2026-06-03 16:00:00+00:00,65349.078125,66252.296875,65175.171875,65992.4609375,109547520
2026-06-03 20:00:00+00:00,64040.0,65753.2109375,63991.3203125,65356.08984375,1209069568
2026-06-04 00:00:00+00:00,64283.37890625,64448.7890625,61338.1015625,64052.0,12660391936
2026-06-04 04:00:00+00:00,63540.75,64683.91015625,63440.3515625,64276.73046875,389677056
2026-06-04 08:00:00+00:00,62472.6796875,63825.51953125,62132.4296875,63564.08984375,5773950976
2026-06-04 12:00:00+00:00,63813.1484375,64441.26953125,62315.23828125,62485.19921875,3612631040
2026-06-04 16:00:00+00:00,63535.71875,64062.44140625,62884.21875,63805.48828125,1465311232
2026-06-04 20:00:00+00:00,63811.91015625,63845.44921875,63094.8984375,63547.890625,0
2026-06-05 00:00:00+00:00,62658.30859375,63898.0390625,62266.171875,63775.8984375,0
2026-06-05 04:00:00+00:00,63044.51953125,63603.5703125,61093.55078125,62662.96875,4972363776
2026-06-05 08:00:00+00:00,61916.30859375,63142.28125,61914.51171875,63034.30859375,0
2026-06-05 12:00:00+00:00,60417.80078125,62365.28125,60015.96875,61897.6015625,6635372544
2026-06-05 16:00:00+00:00,60267.12890625,61505.3515625,59095.640625,60359.12109375,9545043968
2026-06-05 20:00:00+00:00,61028.0,61954.6796875,59924.26953125,60256.921875,5206044672
2026-06-06 00:00:00+00:00,60657.01953125,61496.26171875,60503.53125,61048.19921875,145981440
2026-06-06 04:00:00+00:00,60970.76953125,61211.80078125,59463.98828125,60647.640625,1941749760
2026-06-06 08:00:00+00:00,60772.390625,61449.3984375,60194.0,60974.890625,732614656
2026-06-06 12:00:00+00:00,60748.12890625,61126.0,60383.98828125,60774.9296875,0
2026-06-06 16:00:00+00:00,60570.08984375,60932.0,60368.96875,60716.94921875,0
2026-06-06 20:00:00+00:00,60852.0,60971.828125,60400.01953125,60569.109375,0
2026-06-07 00:00:00+00:00,61673.76171875,61747.73046875,60712.890625,60850.0,590987264
2026-06-07 04:00:00+00:00,62373.0703125,62384.0,61454.4296875,61661.0,1210693632
2026-06-07 08:00:00+00:00,62599.98828125,62900.87109375,62230.0,62374.5,2282248192
2026-06-07 12:00:00+00:00,62058.5,62622.94921875,61573.98828125,62600.0390625,2291007488
2026-06-07 16:00:00+00:00,61297.9609375,62299.1484375,61149.359375,62074.171875,1152202752
2026-06-07 20:00:00+00:00,63308.26171875,64102.69140625,61192.37890625,61292.96875,5563146240
2026-06-08 00:00:00+00:00,63088.0390625,63817.55859375,62687.30078125,63300.01953125,1315753984
2026-06-08 04:00:00+00:00,63237.23046875,63296.1484375,62373.921875,63096.0,1075216384
2026-06-08 08:00:00+00:00,63419.5390625,63827.3515625,62941.171875,63229.51953125,1171879936
2026-06-08 12:00:00+00:00,63742.94140625,64184.28125,62687.33984375,63431.80859375,3589087232
2026-06-08 16:00:00+00:00,63352.51953125,64004.609375,63256.23828125,63744.16015625,1016336384
2026-06-08 20:00:00+00:00,63062.96875,63832.12109375,62970.48046875,63373.80078125,231735296
2026-06-09 00:00:00+00:00,62842.078125,63144.73046875,62391.890625,63050.7109375,1349830656
2026-06-09 04:00:00+00:00,63155.98828125,63490.48828125,62716.0,62839.98046875,975734784
2026-06-09 08:00:00+00:00,62673.3203125,63176.98046875,62457.12890625,63158.55859375,673275904
2026-06-09 12:00:00+00:00,61076.51953125,62860.109375,60979.80078125,62657.55859375,1294891008
2026-06-09 16:00:00+00:00,62044.828125,62051.8203125,60743.05078125,61063.0,7166994432
2026-06-09 20:00:00+00:00,61685.80078125,62221.421875,61507.16015625,62060.37109375,1174876160
2026-06-10 00:00:00+00:00,61503.9609375,61931.9609375,61192.390625,61699.21875,106987520
2026-06-10 04:00:00+00:00,61621.44921875,61738.94921875,61030.08984375,61503.9609375,168083456
2026-06-10 08:00:00+00:00,60977.46875,61684.87890625,60727.19921875,61641.08984375,1204592640
2026-06-10 12:00:00+00:00,62581.51171875,62794.390625,60904.87109375,60984.91015625,812740608
2026-06-10 16:00:00+00:00,61880.05859375,62589.98828125,61557.3203125,62588.328125,0
2026-06-10 20:00:00+00:00,61452.0,61889.26953125,61043.98046875,61889.26953125,560123904
2026-06-11 00:00:00+00:00,62607.73046875,62712.5703125,61459.12109375,61460.08984375,1183717376
2026-06-11 04:00:00+00:00,62642.98828125,62916.3203125,62472.9609375,62611.23828125,1240958976
2026-06-11 08:00:00+00:00,63043.01171875,63196.859375,62639.890625,62639.890625,311742464
2026-06-11 12:00:00+00:00,62680.48828125,63186.0,62439.1484375,63047.87890625,571052032
2026-06-11 16:00:00+00:00,63560.98828125,63833.078125,62261.91015625,62693.25,2432593920
2026-06-11 20:00:00+00:00,63557.640625,63623.71875,63205.0,63584.23828125,116142080
2026-06-12 00:00:00+00:00,63430.48828125,63712.0,63229.41015625,63563.44921875,465661952
2026-06-12 04:00:00+00:00,63014.7890625,63775.98828125,62759.98828125,63434.01171875,1041790976
2026-06-12 08:00:00+00:00,63685.16015625,63870.48046875,63014.78125,63026.87890625,1578598400
2026-06-12 12:00:00+00:00,63541.03125,64340.48828125,62985.98828125,63669.2109375,2852536320
2026-06-12 16:00:00+00:00,63562.76171875,64062.53125,63469.98828125,63549.98828125,345839616
2026-06-12 20:00:00+00:00,63538.4296875,63667.5390625,63361.390625,63569.26953125,407609344
2026-06-13 00:00:00+00:00,63494.140625,63803.1796875,63414.421875,63532.80078125,30332928
2026-06-13 04:00:00+00:00,63806.37109375,63840.0,63445.62890625,63490.578125,45629440
2026-06-13 08:00:00+00:00,63923.41015625,63936.01953125,63690.55078125,63806.37890625,0
2026-06-13 12:00:00+00:00,64256.9296875,64310.0,63877.6015625,63923.41015625,489590784
2026-06-13 16:00:00+00:00,64260.01171875,64299.98828125,63879.75,64258.01171875,0
2026-06-13 20:00:00+00:00,64382.78125,64722.16015625,64189.19921875,64265.140625,497004544
2026-06-14 00:00:00+00:00,64513.578125,64681.98828125,64355.05078125,64415.6796875,396092416
2026-06-14 04:00:00+00:00,64396.51953125,64535.171875,64192.33984375,64521.078125,1087563776
2026-06-14 08:00:00+00:00,64506.0703125,64626.8203125,64288.71875,64390.16015625,50188288
2026-06-14 12:00:00+00:00,63986.1796875,64530.078125,63829.6484375,64518.73828125,743796736
2026-06-14 16:00:00+00:00,63762.62890625,64157.21875,63640.30859375,63975.94140625,96069632
2026-06-14 20:00:00+00:00,65707.5,65764.15625,63750.01171875,63768.26953125,5628560384
2026-06-15 00:00:00+00:00,65869.9921875,65953.546875,65314.62109375,65702.0,2542004224
2026-06-15 04:00:00+00:00,65630.9609375,65963.3671875,65575.7421875,65894.0390625,1368387584
2026-06-15 08:00:00+00:00,66190.0078125,66339.6328125,65466.0,65637.6328125,3421186048
2026-06-15 12:00:00+00:00,67231.578125,67242.0078125,66069.96875,66206.0,5698885632
2026-06-15 16:00:00+00:00,66553.7265625,67254.7265625,66367.15625,67242.296875,3859881984
2026-06-15 20:00:00+00:00,66274.921875,66642.6484375,66053.75,66561.8828125,0
2026-06-16 00:00:00+00:00,66111.75,66421.8125,65607.5390625,66265.8515625,298967040
2026-06-16 04:00:00+00:00,66334.1796875,66509.3203125,65765.2890625,66118.9296875,333608960
2026-06-16 08:00:00+00:00,66440.4921875,66936.6015625,66301.6875,66334.1796875,347183104
2026-06-16 12:00:00+00:00,65811.3984375,66752.078125,65306.828125,66438.203125,568942592
2026-06-16 16:00:00+00:00,65624.1875,66171.96875,65487.73828125,65825.21875,44351488
2026-06-16 20:00:00+00:00,65616.6484375,65876.9296875,65526.859375,65572.328125,200814592
2026-06-17 00:00:00+00:00,65785.2265625,66072.0078125,65431.4296875,65616.640625,7542784
2026-06-17 04:00:00+00:00,65472.28125,65977.1875,65185.3203125,65806.34375,265578496
2026-06-17 08:00:00+00:00,64749.51953125,65501.51171875,64494.01953125,65463.4296875,1230954496
2026-06-17 12:00:00+00:00,65696.9609375,65798.2578125,64529.98046875,64752.390625,50235392
2026-06-17 16:00:00+00:00,64256.828125,66370.421875,63995.0390625,65729.5078125,6138454016
2026-06-17 20:00:00+00:00,64452.66015625,64467.91015625,63860.96875,64216.48828125,1424926720
2026-06-18 00:00:00+00:00,64215.05078125,64751.921875,64191.8515625,64457.578125,607840256
2026-06-18 04:00:00+00:00,64440.87109375,64446.140625,63632.0,64215.05078125,1366120448
2026-06-18 08:00:00+00:00,63901.921875,64566.1796875,63819.859375,64449.98828125,52570112
2026-06-18 12:00:00+00:00,62294.87890625,64382.30859375,62237.6796875,63927.0390625,2732576768
2026-06-18 16:00:00+00:00,62859.1015625,62925.05859375,62190.0,62276.55078125,1162287104
2026-06-18 20:00:00+00:00,62879.01171875,63183.3515625,62671.80078125,62905.5,1027526656
2026-06-19 00:00:00+00:00,62702.0703125,63040.390625,62312.21875,62883.53125,200300544
2026-06-19 04:00:00+00:00,62561.2109375,62856.4609375,62346.19140625,62702.078125,370401280
2026-06-19 08:00:00+00:00,62570.51953125,62713.859375,62251.96875,62561.2109375,739620864
2026-06-19 12:00:00+00:00,63147.37109375,63350.01171875,62291.01171875,62579.98828125,19202048
2026-06-19 16:00:00+00:00,62968.94140625,63324.4296875,62809.328125,63153.12890625,0
2026-06-19 20:00:00+00:00,63475.6484375,63574.05859375,62899.359375,62977.48828125,72947712
2026-06-20 00:00:00+00:00,63424.51953125,63712.69140625,63252.5703125,63469.9609375,115142656
2026-06-20 04:00:00+00:00,63582.55859375,63811.80078125,63339.58984375,63420.98046875,0
2026-06-20 08:00:00+00:00,63617.41015625,63734.01171875,63330.71875,63593.08984375,105433088
2026-06-20 12:00:00+00:00,64086.05859375,64297.80859375,63146.33984375,63617.41015625,907575296
2026-06-20 16:00:00+00:00,63867.359375,64090.3984375,63670.01171875,64090.3984375,0
2026-06-20 20:00:00+00:00,64245.30859375,64278.94140625,63777.1484375,63868.37890625,514871296
2026-06-21 00:00:00+00:00,64337.5390625,64393.73046875,64129.37890625,64229.671875,238223360
2026-06-21 04:00:00+00:00,64117.05859375,64500.3515625,64090.96875,64345.05859375,260512768
2026-06-21 08:00:00+00:00,64087.19140625,64398.98046875,63822.8203125,64115.37890625,954946560
2026-06-21 12:00:00+00:00,64143.98828125,64259.69140625,63881.58984375,64095.30078125,58649600
2026-06-21 16:00:00+00:00,64119.96875,64212.73828125,63868.109375,64136.41015625,295212032
2026-06-21 20:00:00+00:00,63224.87109375,64192.5,63208.3515625,64125.19921875,1549630464
2026-06-22 00:00:00+00:00,63888.71875,64690.6484375,63235.62890625,63235.62890625,2778580992
2026-06-22 04:00:00+00:00,64131.3984375,64296.9609375,63793.1484375,63906.73828125,1803900928
2026-06-22 08:00:00+00:00,64582.23828125,64686.12109375,63959.98828125,64135.37890625,527839232
2026-06-22 12:00:00+00:00,64765.421875,65550.0,64517.0390625,64600.30859375,5045346304
2026-06-22 16:00:00+00:00,64431.01953125,64782.640625,64202.6484375,64782.640625,1929613312
2026-06-22 20:00:00+00:00,63950.609375,64597.30078125,63731.03125,64421.98828125,367523840
2026-06-23 00:00:00+00:00,63987.8203125,64195.671875,63757.1015625,63931.53125,0
2026-06-23 04:00:00+00:00,62805.5,64015.859375,62500.98828125,63998.109375,2741063680
2026-06-23 08:00:00+00:00,62432.7890625,62869.58984375,61887.73828125,62803.98828125,4608813056
2026-06-23 12:00:00+00:00,62401.98828125,62765.03125,61884.01171875,62432.78125,124350464
2026-06-23 16:00:00+00:00,62326.75,62727.5,62010.26953125,62404.01171875,72570880
2026-06-23 20:00:00+00:00,62644.73828125,62714.609375,62306.7890625,62316.73046875,470487040
2026-06-24 00:00:00+00:00,62649.7109375,63032.390625,62380.0,62644.859375,1838817280
2026-06-24 04:00:00+00:00,62561.19140625,62979.98828125,62443.33984375,62655.0,42153984
2026-06-24 08:00:00+00:00,62832.03125,63086.140625,62222.421875,62568.01171875,540497920
2026-06-24 12:00:00+00:00,60176.73828125,62881.5,60162.3203125,62837.9609375,5197170688
2026-06-24 16:00:00+00:00,59870.51953125,60574.69921875,59022.7890625,60163.7890625,10260410368
2026-06-24 20:00:00+00:00,60983.140625,61156.671875,59766.73046875,59870.62890625,3376611328
2026-06-25 00:00:00+00:00,60781.01953125,61056.328125,60607.98828125,60988.30859375,99987456
2026-06-25 04:00:00+00:00,61816.7890625,61868.37890625,60687.8515625,60790.26171875,2320117760
2026-06-25 08:00:00+00:00,61179.078125,61826.26953125,60971.1796875,61814.62890625,276004864
2026-06-25 12:00:00+00:00,59456.96875,61584.0,58029.5390625,61192.44140625,6372794368
2026-06-25 16:00:00+00:00,59217.0703125,59946.171875,59036.01171875,59469.62109375,0
2026-06-25 20:00:00+00:00,59699.62109375,60139.98828125,59220.1796875,59220.1796875,668520448
2026-06-26 00:00:00+00:00,59945.390625,60022.01171875,58251.0,59709.78125,3100393472
2026-06-26 04:00:00+00:00,60432.1015625,60641.96875,59617.96875,59930.51953125,3178532864
2026-06-26 08:00:00+00:00,59321.6796875,60461.98046875,59149.48046875,60431.94140625,1910902784
2026-06-26 12:00:00+00:00,60234.01171875,60408.03125,58550.0,59328.01953125,781398016
2026-06-26 16:00:00+00:00,59716.0,60463.98828125,59473.390625,60226.921875,542912512
2026-06-26 20:00:00+00:00,59999.28125,60025.73046875,59491.48046875,59700.30078125,678498304
2026-06-27 00:00:00+00:00,60205.5,60309.58984375,59790.01171875,60011.08984375,0
2026-06-27 04:00:00+00:00,60451.640625,60477.5390625,60021.8984375,60209.76953125,0
2026-06-27 08:00:00+00:00,60264.73046875,60451.6484375,60103.98828125,60451.6484375,0
2026-06-27 12:00:00+00:00,60740.03125,60837.8203125,60153.98046875,60258.890625,0
2026-06-27 16:00:00+00:00,60077.6484375,60741.05078125,59982.44921875,60741.0,0
2026-06-27 20:00:00+00:00,59934.83984375,60378.4609375,59785.48828125,60084.8984375,444544000
2026-06-28 00:00:00+00:00,60105.91015625,60248.328125,59905.69921875,59934.83984375,761040896
2026-06-28 04:00:00+00:00,60132.0,60173.78125,59688.359375,60107.96875,912363520
2026-06-28 08:00:00+00:00,60251.96875,60428.87890625,59982.12109375,60127.83984375,738211840
2026-06-28 12:00:00+00:00,59802.48828125,60329.4296875,59739.3984375,60251.9609375,1134068736
2026-06-28 16:00:00+00:00,59391.66015625,59853.6015625,59185.05078125,59807.03125,1202965504
2026-06-28 20:00:00+00:00,59472.30078125,59796.0,58852.0,59382.12890625,1159483392
2026-06-29 00:00:00+00:00,59942.828125,60092.28125,58830.0,59478.7890625,2328333312
2026-06-29 04:00:00+00:00,59932.609375,60229.76953125,59290.5390625,59948.4609375,1281597440
2026-06-29 08:00:00+00:00,59870.91015625,60219.8515625,59644.8984375,59929.6484375,1803661312
2026-06-29 12:00:00+00:00,59705.76171875,60687.30078125,58899.37890625,59895.21875,8270800896
2026-06-29 16:00:00+00:00,60331.28125,60570.46875,59471.98828125,59716.0390625,2225633280
2026-06-29 20:00:00+00:00,60161.5390625,60490.80078125,60116.2890625,60327.140625,110905344
2026-06-30 00:00:00+00:00,59515.140625,60180.01171875,59488.0,60152.37109375,239460352
2026-06-30 04:00:00+00:00,59430.01171875,59616.21875,59252.890625,59502.98828125,1420466176
2026-06-30 08:00:00+00:00,59076.8203125,59456.6796875,59016.73828125,59427.01171875,1583392768
2026-06-30 12:00:00+00:00,58267.41015625,59159.140625,58076.8984375,59075.6484375,658939904
2026-06-30 16:00:00+00:00,58726.3515625,58736.109375,58146.48828125,58273.6015625,977960960
2026-06-30 20:00:00+00:00,58523.9296875,58785.73828125,58411.76953125,58671.4609375,774817792
2026-07-01 00:00:00+00:00,59101.48828125,59206.12109375,57720.73046875,58541.55078125,2696314880
2026-07-01 04:00:00+00:00,58686.91015625,59357.75,58446.1484375,59096.26953125,0
2026-07-01 08:00:00+00:00,58536.73828125,58990.0390625,58419.8984375,58680.8984375,527294464
2026-07-01 12:00:00+00:00,60087.69921875,60472.01953125,58253.23046875,58558.5,2717853696
2026-07-01 16:00:00+00:00,59965.1796875,60282.75,59720.0,60104.0,272224256
2026-07-01 20:00:00+00:00,59963.44140625,61248.01171875,59803.640625,59992.19921875,3363966976
2026-07-02 00:00:00+00:00,60985.76953125,61042.421875,59521.75,59950.48828125,1801224192
2026-07-02 04:00:00+00:00,60058.91015625,60980.55078125,60026.37109375,60979.19140625,3359539200
2026-07-02 08:00:00+00:00,61287.37890625,61330.01171875,60043.94921875,60064.01171875,3132981248
2026-07-02 12:00:00+00:00,61540.359375,62128.671875,61085.51171875,61228.21875,1525530624
2026-07-02 16:00:00+00:00,61436.01171875,61883.0390625,61094.66015625,61548.37109375,883523584
2026-07-02 20:00:00+00:00,61484.03125,61577.3203125,61269.0,61446.08984375,85016576
2026-07-03 00:00:00+00:00,61350.9296875,61647.76171875,61162.7890625,61482.46875,42131456
2026-07-03 04:00:00+00:00,61679.98828125,61782.33984375,61254.5,61350.9609375,0
2026-07-03 08:00:00+00:00,61949.171875,62009.6796875,61443.8203125,61681.58984375,0
2026-07-03 12:00:00+00:00,61862.58984375,62304.0,61645.98828125,61948.0390625,0
2026-07-03 16:00:00+00:00,62151.328125,62256.0390625,61854.171875,61867.87109375,0
2026-07-03 20:00:00+00:00,62554.140625,62872.05078125,62131.48828125,62164.12109375,1599711232
2026-07-04 00:00:00+00:00,62564.0390625,62881.33984375,62342.87109375,62520.23046875,518047744
2026-07-04 04:00:00+00:00,62511.62890625,62682.9296875,62274.16015625,62564.0390625,0
2026-07-04 08:00:00+00:00,62428.51953125,62607.94140625,62351.73046875,62511.640625,0
2026-07-04 12:00:00+00:00,62881.21875,62956.8984375,62426.1015625,62426.1015625,19519488
2026-07-04 16:00:00+00:00,63238.1796875,63398.73046875,62730.359375,62885.8203125,968781824
2026-07-04 20:00:00+00:00,63083.890625,63402.87109375,62881.28125,63232.41015625,129052672
2026-07-05 00:00:00+00:00,62711.2109375,63086.4609375,62550.51171875,63086.44921875,78422016
2026-07-05 04:00:00+00:00,62958.44140625,63001.37890625,62601.1015625,62708.78125,101457920
2026-07-05 08:00:00+00:00,62575.6015625,63041.4296875,62408.0,62958.16015625,276854784
2026-07-05 12:00:00+00:00,62686.171875,62885.87890625,62512.98046875,62597.921875,297932800
2026-07-05 16:00:00+00:00,62716.7109375,62823.8515625,62542.55078125,62686.171875,516942848
2026-07-05 20:00:00+00:00,63583.51953125,63938.05078125,62552.7890625,62713.51171875,2711829504
2026-07-06 00:00:00+00:00,63232.33984375,63851.48046875,63076.30078125,63581.19140625,1089341440
2026-07-06 04:00:00+00:00,63024.26953125,63329.0,62822.0390625,63232.109375,1664555008
2026-07-06 08:00:00+00:00,62421.8515625,63175.578125,62421.8515625,63024.26953125,1406818304
2026-07-06 12:00:00+00:00,63489.828125,63510.7109375,61268.37109375,62412.0,10611560448
2026-07-06 16:00:00+00:00,63681.8984375,63896.37109375,63352.5,63512.05078125,4584566784
2026-07-06 20:00:00+00:00,64001.83984375,64596.55078125,63539.69921875,63692.96875,1713094656
2026-07-07 00:00:00+00:00,63140.03125,64272.921875,63101.01953125,64006.01171875,711643136
2026-07-07 04:00:00+00:00,63035.4609375,63387.91015625,62745.91015625,63132.8984375,1152806912
2026-07-07 08:00:00+00:00,63345.58984375,63400.98828125,62955.828125,63047.671875,17764352
2026-07-07 12:00:00+00:00,63878.109375,64050.25,62609.94921875,63345.26171875,145612800
2026-07-07 16:00:00+00:00,63752.01171875,64198.19921875,63334.01171875,63890.73828125,1309261824
2026-07-07 20:00:00+00:00,63325.01171875,63863.69140625,63190.37109375,63793.7890625,0
2026-07-08 00:00:00+00:00,62718.58984375,63696.2109375,62487.0390625,63322.05859375,1126807552
2026-07-08 04:00:00+00:00,62834.44140625,62857.640625,62427.7890625,62714.0390625,0
2026-07-08 08:00:00+00:00,62245.44140625,62887.01953125,61683.6796875,62811.53125,3315892224
2026-07-08 12:00:00+00:00,61632.8984375,62360.5,61470.921875,62249.3203125,0
2026-07-08 16:00:00+00:00,62229.0703125,62340.55078125,61622.0,61638.1796875,0
2026-07-08 20:00:00+00:00,62237.69921875,62299.890625,61912.05078125,62199.1015625,163348480
2026-07-09 00:00:00+00:00,61913.98828125,62584.0,61638.0,62237.7109375,266387456
2026-07-09 04:00:00+00:00,62947.26171875,63147.98828125,61903.19140625,61941.8984375,1579237376
2026-07-09 08:00:00+00:00,62718.96875,63028.83984375,62549.5390625,62953.98046875,0
2026-07-09 12:00:00+00:00,62805.80859375,63191.828125,62404.98828125,62699.578125,1863593984
2026-07-09 16:00:00+00:00,63188.30859375,63439.28125,62503.9609375,62806.87890625,1170317312
2026-07-09 20:00:00+00:00,63175.25,63369.98046875,63008.25,63205.0,483547136
2026-07-10 00:00:00+00:00,63899.98828125,63991.4296875,62880.890625,63170.96875,891150336
2026-07-10 04:00:00+00:00,63932.71875,64151.58984375,63763.98046875,63911.23828125,1196296192
2026-07-10 08:00:00+00:00,64379.0390625,64446.83984375,63931.0,63938.1484375,144955392
2026-07-10 12:00:00+00:00,63950.5703125,64659.98828125,63784.0,64390.94140625,1074014208
2026-07-10 16:00:00+00:00,63876.25,64166.48828125,63691.4609375,63977.55078125,312283136
2026-07-10 20:00:00+00:00,64128.48828125,64174.41015625,63621.3515625,63892.01171875,1925844992
2026-07-11 00:00:00+00:00,64107.6796875,64260.55859375,63940.33984375,64125.28125,0
2026-07-11 04:00:00+00:00,64111.58984375,64230.98828125,64036.83984375,64107.671875,0
2026-07-11 08:00:00+00:00,64145.26953125,64256.01171875,64083.0703125,64111.58984375,0
2026-07-11 12:00:00+00:00,64120.171875,64453.19921875,63964.0,64145.26953125,14603264
2026-07-11 16:00:00+00:00,64245.98828125,64350.01171875,64038.51953125,64120.171875,0
2026-07-11 20:00:00+00:00,63773.05078125,64416.98046875,63773.05078125,64245.98828125,409771008
2026-07-12 00:00:00+00:00,64179.359375,64179.359375,63667.23828125,63773.6015625,2780472320
2026-07-12 04:00:00+00:00,63843.69921875,64198.671875,63601.30078125,64179.140625,779666432
2026-07-12 08:00:00+00:00,63966.5390625,64056.03125,63722.76171875,63843.69921875,4037865472
2026-07-12 12:00:00+00:00,64136.51953125,64213.6015625,63918.3984375,63940.98046875,0
2026-07-12 16:00:00+00:00,64193.87109375,64219.98046875,63975.62890625,64137.62109375,1302528
2026-07-12 20:00:00+00:00,63740.3203125,64216.44140625,63625.0,64193.87109375,544458752
2026-07-13 00:00:00+00:00,62758.578125,64337.73828125,62691.73046875,63734.03125,1466996736
2026-07-13 04:00:00+00:00,62935.5703125,63008.62109375,62470.46875,62725.87109375,1938757632
2026-07-13 08:00:00+00:00,62842.98046875,63219.30859375,62794.87890625,62935.9609375,1063305216
2026-07-13 12:00:00+00:00,62555.98046875,62910.828125,62039.12109375,62847.51171875,5628219392
2026-07-13 16:00:00+00:00,62215.1484375,62559.62109375,61750.8984375,62554.80078125,3798423552
2026-07-13 20:00:00+00:00,62264.94140625,62271.5703125,61799.30859375,62189.53125,7289825280
2026-07-14 00:00:00+00:00,62501.51953125,62592.7109375,62191.140625,62276.87109375,0
2026-07-14 04:00:00+00:00,62467.62890625,62806.0,62427.30078125,62500.01171875,178616320
2026-07-14 08:00:00+00:00,62769.76171875,62840.62109375,62425.94140625,62464.3203125,193368064
2026-07-14 12:00:00+00:00,64688.94140625,64878.87109375,62710.87890625,62784.46875,4438835200
2026-07-14 16:00:00+00:00,64534.05078125,64855.03125,64277.58984375,64728.0390625,1027315712
2026-07-14 20:00:00+00:00,64988.66015625,65020.78125,64373.5703125,64548.0,1091409920
2026-07-15 00:00:00+00:00,64736.671875,65016.44140625,64431.51953125,64996.171875,118837248
2026-07-15 04:00:00+00:00,64504.359375,65213.28125,64437.96875,64732.0,1520664576
2026-07-15 08:00:00+00:00,64676.8984375,64870.75,64505.1015625,64520.0,386906112
2026-07-15 12:00:00+00:00,65369.98046875,65510.44921875,64545.19921875,64677.98828125,559323136
2026-07-15 16:00:00+00:00,64927.421875,65413.87890625,64702.78125,65388.71875,331147264
2026-07-15 20:00:00+00:00,64712.01171875,65014.5390625,64667.37890625,64943.609375,29859840
2026-07-16 00:00:00+00:00,64560.0,64803.76953125,64347.0,64697.48828125,441927680
2026-07-16 04:00:00+00:00,64172.640625,64940.75,64042.8515625,64562.140625,528293888
2026-07-16 08:00:00+00:00,64200.0,64301.2890625,63834.37109375,64170.421875,6072315904
2026-07-16 12:00:00+00:00,64660.55078125,64825.37890625,63802.48828125,64188.8203125,0
2026-07-16 16:00:00+00:00,64218.4609375,64671.8984375,63943.83984375,64667.01171875,0
2026-07-16 20:00:00+00:00,63769.87109375,64233.1796875,63690.78125,64217.5390625,751892480
2026-07-17 00:00:00+00:00,63508.140625,64009.62890625,63330.4296875,63772.05078125,925302784
2026-07-17 04:00:00+00:00,62770.80859375,63514.28125,62657.51953125,63508.1484375,2283296768
2026-07-17 08:00:00+00:00,63230.48046875,63296.62109375,62603.78125,62766.078125,200146944
2026-07-17 12:00:00+00:00,63403.171875,63443.4296875,62462.5390625,63237.73828125,1221953536
2026-07-17 16:00:00+00:00,64099.23828125,64353.55859375,63262.890625,63381.98828125,2043977728
2026-07-17 20:00:00+00:00,63889.66015625,64186.0390625,63840.640625,64096.69140625,570910720
2026-07-18 00:00:00+00:00,63970.76171875,63988.3203125,63842.3515625,63893.98828125,0
2026-07-18 04:00:00+00:00,63967.62890625,63984.80859375,63875.30859375,63976.0,0
2026-07-18 08:00:00+00:00,64016.19140625,64041.16015625,63899.4609375,63950.921875,0
2026-07-18 12:00:00+00:00,64076.87890625,64211.98046875,63921.6015625,64024.62109375,66361344
2026-07-18 16:00:00+00:00,64515.48046875,64591.3515625,64040.76171875,64076.87890625,0
2026-07-18 20:00:00+00:00,64793.76171875,64825.671875,64470.53125,64521.44140625,442251264
2026-07-19 00:00:00+00:00,64670.12109375,64910.03125,64585.5390625,64799.609375,557034496
2026-07-19 04:00:00+00:00,64678.0,64767.1796875,64571.9609375,64670.12109375,116047872
2026-07-19 08:00:00+00:00,64426.69921875,64699.48046875,64401.80859375,64678.0,301238272
2026-07-19 12:00:00+00:00,64540.03125,64594.421875,64238.078125,64420.21875,911263744
2026-07-19 16:00:00+00:00,64410.0,64701.890625,64256.76171875,64532.48046875,79618048
2026-07-19 20:00:00+00:00,64681.828125,64855.921875,64300.0,64410.0,747598848
2026-07-20 00:00:00+00:00,64814.390625,65040.46875,64364.19921875,64685.609375,1116576768
2026-07-20 04:00:00+00:00,64214.23828125,64820.98046875,63702.01171875,64820.98046875,3074831360
2026-07-20 08:00:00+00:00,64944.01171875,65005.48046875,63829.98828125,64199.76953125,3770986496
2026-07-20 12:00:00+00:00,65551.0078125,65580.0,64015.359375,64947.16015625,4816371712
2026-07-20 16:00:00+00:00,65085.01953125,65742.1328125,64990.25,65562.0,3145027584
2026-07-20 20:00:00+00:00,65213.05078125,65399.87890625,65010.328125,65129.94921875,811008000
2026-07-21 00:00:00+00:00,65528.21875,65618.0,65106.80078125,65192.12109375,384976896
2026-07-21 04:00:00+00:00,66143.03125,66194.90625,65431.26171875,65522.30859375,1429209088
2026-07-21 08:00:00+00:00,66309.46875,66387.1484375,66086.2265625,66145.3515625,781248512
2026-07-21 12:00:00+00:00,66648.3984375,66915.8984375,66227.7734375,66309.4609375,1580431360
2026-07-21 16:00:00+00:00,66415.4375,66728.0078125,66070.5390625,66647.578125,458283008
2026-07-21 20:00:00+00:00,66516.1796875,66532.890625,66183.421875,66466.0,429080576
2026-07-22 00:00:00+00:00,66166.75,66696.421875,66133.796875,66525.0078125,1435377664
2026-07-22 04:00:00+00:00,65795.2734375,66380.8515625,65668.6484375,66153.78125,805066752
2026-07-22 08:00:00+00:00,65972.5,66112.3984375,65800.0625,65802.25,1710215168
2026-07-22 12:00:00+00:00,66020.0390625,66146.9765625,65500.96875,65964.4375,0
2026-07-22 16:00:00+00:00,65900.9921875,66364.359375,65660.8984375,66012.7109375,32114688
2026-07-22 20:00:00+00:00,66086.609375,66113.890625,65758.1171875,65830.1328125,235825152
2026-07-23 00:00:00+00:00,65624.5078125,66280.609375,65544.09375,66098.453125,164464640
2026-07-23 04:00:00+00:00,65394.80859375,65785.7109375,65318.25,65604.3828125,0
2026-07-23 08:00:00+00:00,65525.21875,65761.0234375,65374.66015625,65396.71875,0
2026-07-23 12:00:00+00:00,64898.25,65550.890625,64673.69140625,65522.171875,1670234112
2026-07-23 16:00:00+00:00,64778.21875,64898.7890625,64601.3515625,64898.7890625,1020956672
2026-07-23 20:00:00+00:00,65051.23046875,65177.73828125,64763.578125,64763.578125,797798400
2026-07-24 00:00:00+00:00,65408.0,65416.48828125,64701.3515625,65057.51171875,77557760
2026-07-24 04:00:00+00:00,65453.98046875,65756.7578125,65205.98828125,65420.9296875,1228050432
2026-07-24 08:00:00+00:00,65027.6484375,65464.109375,64800.01171875,65456.421875,701222912
2026-07-24 12:00:00+00:00,64034.75,65072.98828125,63669.5703125,65012.12890625,2808305664
2026-07-24 16:00:00+00:00,64161.76171875,64236.98046875,63810.80078125,64026.98828125,0
2026-07-24 20:00:00+00:00,64083.3203125,64223.73046875,64063.98046875,64170.171875,275441664
2026-07-25 00:00:00+00:00,64021.421875,64114.5390625,63942.28125,64083.30859375,0
2026-07-25 04:00:00+00:00,63940.5,64143.2890625,63894.01171875,64021.41015625,100388864
2026-07-25 08:00:00+00:00,64005.73046875,64044.80859375,63733.6796875,63941.41015625,601425920
2026-07-25 12:00:00+00:00,64117.69921875,64214.421875,63974.96875,64005.73046875,0
2026-07-25 16:00:00+00:00,64328.7109375,64386.73828125,64056.91015625,64127.1796875,0
2026-07-25 20:00:00+00:00,64293.9296875,64369.69921875,64193.98828125,64333.55078125,164596736
2026-07-26 00:00:00+00:00,64490.4609375,64524.48828125,64289.28125,64301.98046875,302720000
2026-07-26 04:00:00+00:00,64309.421875,64537.98828125,64229.6015625,64486.33984375,315774976
2026-07-26 08:00:00+00:00,64450.48046875,64512.73046875,64288.51171875,64310.7109375,0
2026-07-26 12:00:00+00:00,64710.28125,64766.2109375,64353.01953125,64450.48046875,759714816
2026-07-26 16:00:00+00:00,64641.08984375,64868.94140625,64613.48828125,64722.91015625,640145408
2026-07-26 20:00:00+00:00,65336.30859375,65504.80859375,64580.16015625,64644.859375,2168438784
2026-07-27 00:00:00+00:00,65227.73046875,65358.2890625,64843.48046875,65351.0,1655445504
2026-07-27 04:00:00+00:00,65165.1015625,65650.671875,65157.640625,65227.71875,2061330432
2026-07-27 08:00:00+00:00,65040.328125,65370.5390625,65035.98828125,65175.48828125,3022278656
2026-07-27 12:00:00+00:00,64476.76953125,65654.8671875,64369.1796875,65053.171875,3662100480
2026-07-27 16:00:00+00:00,64907.98828125,65018.69921875,64440.48828125,64485.5390625,1107494912
2026-07-27 20:00:00+00:00,63696.46875,64989.0,63545.8515625,64915.16015625,953950208
2026-07-28 00:00:00+00:00,63276.83984375,63767.7109375,63007.8203125,63698.2109375,1621219328
2026-07-28 04:00:00+00:00,63435.80078125,63580.76171875,63153.1015625,63265.3984375,339611648
2026-07-28 08:00:00+00:00,63414.078125,63530.03125,63227.94140625,63435.80078125,33814528
2026-07-28 12:00:00+00:00,63857.58984375,63942.53125,62711.5,63393.5,703473664
2026-07-28 16:00:00+00:00,63817.55859375,64032.37890625,63434.640625,63851.21875,801329152
2026-07-28 20:00:00+00:00,63533.08984375,63978.421875,63469.62890625,63840.0,222306304
