Date,Open,High,Low,Close,Volume
2021-07-30,14672.6796875,14728.7802734375,14615.849609375,14615.849609375,3645050000
2021-08-02,14681.0703125,14770.41015625,14665.669921875,14758.599609375,3746130000
2021-08-03,14761.2900390625,14762.599609375,14584.08984375,14713.990234375,4141370000
2021-08-04,14780.5302734375,14812.3701171875,14734.1201171875,14747.2099609375,4337330000
2021-08-05,14895.1201171875,14896.4697265625,14776.0302734375,14794.080078125,4107300000
2021-08-06,14835.759765625,14890.1796875,14788.58984375,14864.2197265625,4173090000
2021-08-09,14860.1796875,14883.8095703125,14802.6904296875,14855.759765625,4111640000
2021-08-10,14788.08984375,14894.6103515625,14754.48046875,14887.75,3991770000
2021-08-11,14765.1396484375,14842.5,14692.41015625,14834.3798828125,4002340000
2021-08-12,14816.259765625,14824.3095703125,14698.9404296875,14751.3603515625,4049000000
2021-08-13,14822.900390625,14850.6103515625,14797.2197265625,14825.0703125,4061070000
2021-08-16,14793.759765625,14794.6796875,14610.01953125,14771.5302734375,3973920000
2021-08-17,14656.1796875,14716.9501953125,14550.8798828125,14670.5595703125,4168880000
2021-08-18,14525.91015625,14697.25,14516.2998046875,14636.240234375,3841840000
2021-08-19,14541.7900390625,14610.759765625,14423.16015625,14423.16015625,4191490000
2021-08-20,14714.66015625,14722.16015625,14571.5302734375,14571.5302734375,3886340000
2021-08-23,14942.650390625,14963.4697265625,14776.98046875,14776.98046875,3906780000
2021-08-24,15019.7998046875,15034.8896484375,14965.5400390625,14978.1396484375,3809750000
2021-08-25,15041.8603515625,15059.4296875,15011.580078125,15039.0302734375,3654150000
2021-08-26,14945.8095703125,15059.6298828125,14939.5595703125,15025.169921875,3630900000
2021-08-27,15129.5,15144.48046875,14966.51953125,14969.76953125,4048610000
2021-08-30,15265.8896484375,15288.080078125,15165.1201171875,15165.9404296875,4061760000
2021-08-31,15259.240234375,15278.9599609375,15202.669921875,15262.8798828125,4188020000
2021-09-01,15309.3798828125,15379.5,15302.1103515625,15308.98046875,4271690000
2021-09-02,15331.1796875,15380.0703125,15285.349609375,15358.4697265625,4050510000
2021-09-03,15363.51953125,15375.5595703125,15283.669921875,15313.41015625,3706990000
2021-09-07,15374.330078125,15403.4404296875,15343.2802734375,15375.98046875,4014250000
2021-09-08,15286.6396484375,15360.349609375,15206.6103515625,15360.349609375,4131560000
2021-09-09,15248.25,15352.3798828125,15245.169921875,15296.0595703125,4031140000
2021-09-10,15115.490234375,15349.4697265625,15111.3095703125,15332.919921875,4587150000
2021-09-13,15105.580078125,15215.4404296875,15030.849609375,15211.4296875,4723370000
2021-09-14,15037.759765625,15181.1904296875,15008.2998046875,15168.4501953125,4593140000
2021-09-15,15161.5302734375,15174.3798828125,14984.6796875,15071.33984375,4465140000
2021-09-16,15181.919921875,15205.5,15047.1396484375,15120.08984375,3701500000
2021-09-17,15043.9697265625,15166.5595703125,14998.73046875,15163.3603515625,6709540000
2021-09-20,14713.900390625,14841.8203125,14530.0703125,14758.1396484375,4879490000
2021-09-21,14746.400390625,14847.0302734375,14696.4697265625,14803.3603515625,4083010000
2021-09-22,14896.849609375,14950.1201171875,14767.009765625,14800.58984375,4252490000
2021-09-23,15052.240234375,15085.4404296875,14932.509765625,14960.0,4196130000
2021-09-24,15047.7001953125,15067.5595703125,14946.5703125,14961.6103515625,3992150000
2021-09-27,14969.9697265625,15003.16015625,14864.9599609375,14954.1796875,4650790000
2021-09-28,14546.6796875,14817.740234375,14539.8798828125,14787.2099609375,4989510000
2021-09-29,14512.4404296875,14676.6201171875,14493.669921875,14614.8798828125,5294600000
2021-09-30,14448.580078125,14632.3603515625,14444.2998046875,14582.599609375,5950950000
2021-10-01,14566.7001953125,14606.8203125,14324.009765625,14494.9296875,4710720000
2021-10-04,14255.48046875,14499.740234375,14181.6904296875,14493.1201171875,4557110000
2021-10-05,14433.830078125,14508.650390625,14299.7802734375,14312.8603515625,4176390000
2021-10-06,14501.91015625,14509.5498046875,14259.0703125,14289.4501953125,4465910000
2021-10-07,14654.01953125,14755.7197265625,14615.1396484375,14631.7998046875,3984180000
2021-10-08,14579.5400390625,14699.91015625,14569.6796875,14694.7197265625,3571380000
2021-10-11,14486.2001953125,14665.990234375,14482.6201171875,14540.080078125,3539540000
2021-10-12,14465.919921875,14552.7099609375,14441.599609375,14539.08984375,4063830000
2021-10-13,14571.6396484375,14589.2802734375,14471.8798828125,14537.169921875,4053580000
2021-10-14,14823.4296875,14827.5595703125,14699.51953125,14717.5,4262400000
2021-10-15,14897.33984375,14904.98046875,14847.9599609375,14891.240234375,4494440000
2021-10-18,15021.8095703125,15026.6796875,14833.2802734375,14839.740234375,4167740000
2021-10-19,15129.08984375,15137.849609375,15049.73046875,15073.1298828125,4483400000
2021-10-20,15121.6796875,15178.3896484375,15071.150390625,15160.0,4117050000
2021-10-21,15215.7001953125,15222.25,15094.1396484375,15104.7998046875,4961860000
2021-10-22,15090.2001953125,15193.009765625,15021.01953125,15158.0703125,5775770000
2021-10-25,15226.7099609375,15259.6298828125,15070.75,15142.919921875,5750200000
2021-10-26,15235.7099609375,15384.0,15198.23046875,15317.5,7173230000
2021-10-27,15235.83984375,15364.5400390625,15235.83984375,15276.0,6130110000
2021-10-28,15448.1201171875,15452.2998046875,15290.3095703125,15304.740234375,5714890000
2021-10-29,15498.3896484375,15504.1201171875,15323.2900390625,15323.2900390625,5338290000
2021-11-01,15595.919921875,15598.9501953125,15470.8203125,15541.259765625,5273950000
2021-11-02,15649.599609375,15656.599609375,15569.26953125,15583.98046875,5129370000
2021-11-03,15811.580078125,15821.5703125,15616.4404296875,15658.51953125,5325110000
2021-11-04,15940.3095703125,15966.08984375,15827.66015625,15849.740234375,5297250000
2021-11-05,15971.58984375,16053.3896484375,15900.7802734375,16003.5595703125,5566400000
2021-11-08,15982.3603515625,16038.23046875,15961.8095703125,15995.7197265625,5723650000
2021-11-09,15886.5400390625,16035.2099609375,15836.6796875,16024.1298828125,5574660000
2021-11-10,15622.7099609375,15867.240234375,15543.6796875,15753.83984375,5369110000
2021-11-11,15704.2802734375,15768.0302734375,15695.76953125,15752.080078125,4570460000
2021-11-12,15860.9599609375,15874.5703125,15705.3798828125,15752.6201171875,5446540000
2021-11-15,15853.849609375,15918.4501953125,15778.3095703125,15894.8203125,5020180000
2021-11-16,15973.8603515625,15989.6103515625,15825.0,15840.3203125,5533020000
2021-11-17,15921.5703125,15998.5703125,15909.3896484375,15973.6201171875,5049320000
2021-11-18,15993.7099609375,16010.8798828125,15848.830078125,15973.3896484375,5391360000
2021-11-19,16057.4404296875,16121.1201171875,16017.23046875,16042.16015625,4875310000
2021-11-22,15854.759765625,16212.23046875,15851.0400390625,16120.919921875,5567830000
2021-11-23,15775.1396484375,15895.8603515625,15601.4599609375,15809.5,5434380000
2021-11-24,15845.23046875,15848.5595703125,15591.3603515625,15677.8798828125,4197090000
2021-11-26,15491.66015625,15731.5400390625,15456.08984375,15664.3798828125,3502170000
2021-11-29,15782.830078125,15833.1103515625,15644.6103515625,15719.419921875,4836230000
2021-11-30,15537.6904296875,15828.2001953125,15451.3896484375,15716.5,6631470000
2021-12-01,15254.0498046875,15816.8203125,15243.9296875,15752.26953125,6320260000
2021-12-02,15381.3203125,15444.5400390625,15150.1201171875,15181.8203125,5418340000
2021-12-03,15085.4697265625,15470.3603515625,14931.0595703125,15428.7099609375,5900290000
2021-12-06,15225.150390625,15281.990234375,14931.6103515625,15117.6298828125,5115230000
2021-12-07,15686.919921875,15720.08984375,15507.66015625,15510.91015625,5116490000
2021-12-08,15786.990234375,15792.6396484375,15618.8798828125,15690.650390625,4615390000
2021-12-09,15517.3701171875,15796.0498046875,15511.1201171875,15720.5400390625,4515600000
2021-12-10,15630.599609375,15677.599609375,15477.849609375,15629.58984375,4426210000
2021-12-13,15413.2802734375,15637.0595703125,15408.25,15621.26953125,4573920000
2021-12-14,15237.6396484375,15317.5498046875,15097.349609375,15215.9599609375,4865990000
2021-12-15,15565.580078125,15575.759765625,15055.23046875,15230.7099609375,5343920000
2021-12-16,15180.4296875,15633.1904296875,15119.490234375,15629.080078125,4906480000
2021-12-17,15169.6796875,15288.7802734375,14960.3701171875,15036.76953125,7668770000
2021-12-20,14980.9404296875,15007.2998046875,14860.0400390625,14933.0,4602640000
2021-12-21,15341.08984375,15349.0595703125,15015.0302734375,15140.4296875,4581720000
2021-12-22,15521.8896484375,15525.9697265625,15303.0595703125,15319.16015625,4107900000
2021-12-23,15653.3701171875,15697.98046875,15528.91015625,15544.7900390625,3935010000
2021-12-27,15871.259765625,15871.400390625,15696.830078125,15696.830078125,3743920000
2021-12-28,15781.7197265625,15901.4697265625,15757.0703125,15895.2001953125,3648500000
2021-12-29,15766.2197265625,15821.8095703125,15679.849609375,15794.919921875,3714380000
2021-12-30,15741.5595703125,15868.08984375,15729.16015625,15758.98046875,3750920000
2021-12-31,15644.9697265625,15777.4296875,15643.9404296875,15722.91015625,3392580000
2022-01-03,15832.7998046875,15832.7998046875,15644.08984375,15732.5,4429960000
2022-01-04,15622.7197265625,15852.1396484375,15512.41015625,15852.1396484375,5131110000
2022-01-05,15100.169921875,15586.2998046875,15095.1796875,15547.16015625,5031850000
2022-01-06,15080.8603515625,15198.4501953125,14914.8701171875,15024.150390625,4790820000
2022-01-07,14935.900390625,15171.01953125,14877.6298828125,15095.7197265625,4238070000
2022-01-10,14942.830078125,14953.849609375,14530.23046875,14751.7802734375,5317180000
2022-01-11,15153.4501953125,15158.7099609375,14837.6298828125,14919.259765625,4390710000
2022-01-12,15188.3896484375,15319.0302734375,15117.2900390625,15263.099609375,4338530000
2022-01-13,14806.8095703125,15259.7099609375,14782.240234375,15245.0400390625,4302020000
2022-01-14,14893.75,14897.6796875,14689.4296875,14708.01953125,4374020000
2022-01-18,14506.900390625,14740.5400390625,14482.9404296875,14681.830078125,5060790000
2022-01-19,14340.259765625,14658.8896484375,14331.650390625,14582.2197265625,4665340000
2022-01-20,14154.01953125,14642.0302734375,14140.7802734375,14462.849609375,5102050000
2022-01-21,13768.919921875,14171.7197265625,13764.240234375,14046.2197265625,5870830000
2022-01-24,13855.1298828125,13876.6103515625,13094.650390625,13481.5,6998770000
2022-01-25,13539.2900390625,13781.6201171875,13414.1396484375,13610.8701171875,5019380000
2022-01-26,13542.1201171875,14002.650390625,13392.1904296875,13871.76953125,5771140000
2022-01-27,13352.7802734375,13765.91015625,13322.66015625,13710.990234375,5177380000
2022-01-28,13770.5703125,13771.91015625,13236.5595703125,13436.7099609375,4971930000
2022-01-31,14239.8798828125,14242.900390625,13767.7099609375,13812.1904296875,5124940000
2022-02-01,14346.0,14358.6904296875,14070.76953125,14277.4296875,4671850000
2022-02-02,14417.5498046875,14504.8203125,14264.650390625,14494.4697265625,4673140000
2022-02-03,13878.8203125,14207.8896484375,13851.740234375,14045.830078125,4326300000
2022-02-04,14098.009765625,14222.759765625,13850.3896484375,13958.48046875,4121340000
2022-02-07,14015.669921875,14236.3095703125,13974.099609375,14118.7900390625,4268730000
2022-02-08,14194.4501953125,14226.48046875,13934.7802734375,13984.4296875,4293770000
2022-02-09,14490.3701171875,14490.7197265625,14330.8701171875,14368.16015625,4729730000
2022-02-10,14185.6396484375,14509.5595703125,14118.2001953125,14228.6796875,5212510000
2022-02-11,13791.150390625,14246.7001953125,13733.16015625,14213.6201171875,5237320000
2022-02-14,13790.919921875,13921.7099609375,13664.759765625,13768.9697265625,4347350000
2022-02-15,14139.759765625,14142.490234375,13976.2900390625,13997.1796875,4416840000
2022-02-16,14124.08984375,14163.73046875,13931.990234375,14038.919921875,4238560000
2022-02-17,13716.7197265625,14020.8203125,13704.7001953125,14004.1904296875,4278370000
2022-02-18,13548.0703125,13762.400390625,13465.5595703125,13735.400390625,4501940000
2022-02-22,13381.51953125,13618.7197265625,13249.650390625,13424.3603515625,4849170000
2022-02-23,13037.490234375,13533.7802734375,13032.169921875,13511.75,4639330000
2022-02-24,13473.58984375,13486.1103515625,12587.8798828125,12587.8798828125,6180200000
2022-02-25,13694.6201171875,13696.8603515625,13358.2900390625,13485.259765625,4628720000
2022-02-28,13751.400390625,13810.6396484375,13549.900390625,13570.830078125,5928130000
2022-03-01,13532.4599609375,13777.0400390625,13441.3203125,13716.7001953125,6131350000
2022-03-02,13752.01953125,13796.5498046875,13493.91015625,13597.5302734375,5246390000
2022-03-03,13537.9404296875,13837.58984375,13472.6396484375,13837.58984375,5092580000
2022-03-04,13313.4404296875,13486.7099609375,13224.98046875,13455.23046875,5343900000
2022-03-07,12830.9599609375,13353.2802734375,12828.01953125,13328.3603515625,6195370000
2022-03-08,12795.5498046875,13159.4404296875,12670.080078125,12800.0400390625,6683960000
2022-03-09,13255.5498046875,13301.16015625,13039.7900390625,13113.7001953125,5396550000
2022-03-10,13129.9599609375,13163.5,12946.2802734375,13098.349609375,5071250000
2022-03-11,12843.8095703125,13239.349609375,12830.3701171875,13229.76953125,5288210000
2022-03-14,12581.2197265625,12918.009765625,12555.349609375,12795.1201171875,5876710000
2022-03-15,12948.6201171875,12973.8798828125,12616.58984375,12685.23046875,5440100000
2022-03-16,13436.5498046875,13440.1201171875,12992.2001953125,13119.3701171875,6552210000
2022-03-17,13614.7802734375,13620.7998046875,13317.1396484375,13360.7197265625,5612090000
2022-03-18,13893.83984375,13899.2802734375,13528.0595703125,13564.6298828125,8149290000
2022-03-21,13838.4599609375,13945.8095703125,13682.5498046875,13860.3896484375,5673940000
2022-03-22,14108.8203125,14141.0703125,13857.2900390625,13866.4296875,5445100000
2022-03-23,13922.599609375,14152.1396484375,13921.650390625,13990.349609375,5024230000
2022-03-24,14191.83984375,14193.5498046875,13897.2001953125,14001.3203125,5149520000
2022-03-25,14169.2998046875,14218.759765625,14010.7900390625,14194.7197265625,5585100000
2022-03-28,14354.900390625,14356.0,14101.33984375,14177.2099609375,5129500000
2022-03-29,14619.6396484375,14646.900390625,14419.400390625,14500.3896484375,6060890000
2022-03-30,14442.26953125,14609.25,14383.4501953125,14558.58984375,5479200000
2022-03-31,14220.51953125,14456.740234375,14217.7197265625,14444.7802734375,5453890000
2022-04-01,14261.5,14306.9404296875,14131.8095703125,14269.5302734375,5002790000
2022-04-04,14532.5498046875,14534.3798828125,14286.4501953125,14304.349609375,4630100000
2022-04-05,14204.169921875,14500.2900390625,14169.1201171875,14490.259765625,4727710000
2022-04-06,13888.8203125,14032.83984375,13788.900390625,14002.580078125,5360420000
2022-04-07,13897.2998046875,13978.25,13689.23046875,13861.490234375,4856090000
2022-04-08,13711.0,13866.0595703125,13693.6904296875,13830.4697265625,4574080000
2022-04-11,13411.9599609375,13585.080078125,13401.3896484375,13547.2900390625,4946680000
2022-04-12,13371.5703125,13685.9501953125,13317.740234375,13584.6904296875,4991720000
2022-04-13,13643.58984375,13679.4296875,13353.66015625,13373.1201171875,4909720000
2022-04-14,13351.080078125,13662.9296875,13345.2197265625,13647.4296875,4642240000
2022-04-18,13332.3603515625,13414.26953125,13222.0302734375,13319.3896484375,4365230000
2022-04-19,13619.66015625,13643.9697265625,13281.2197265625,13312.4404296875,4562840000
2022-04-20,13453.0703125,13678.5498046875,13426.1298828125,13665.3798828125,4678930000
2022-04-21,13174.650390625,13710.7001953125,13140.830078125,13623.7001953125,5233110000
2022-04-22,12839.2900390625,13212.599609375,12828.01953125,13168.7998046875,4475090000
2022-04-25,13004.849609375,13011.4501953125,12722.58984375,12749.169921875,4845160000
2022-04-26,12490.740234375,12918.0400390625,12490.740234375,12918.0400390625,5168160000
2022-04-27,12488.9296875,12703.7900390625,12430.900390625,12500.8798828125,4810720000
2022-04-28,12871.5302734375,12948.51953125,12487.8603515625,12712.8603515625,5067150000
2022-04-29,12334.6396484375,12861.830078125,12315.740234375,12710.419921875,4733070000
2022-05-02,12536.01953125,12542.5400390625,12202.41015625,12331.6904296875,4918240000
2022-05-03,12563.759765625,12645.830078125,12460.990234375,12511.4599609375,4547280000
2022-05-04,12964.8603515625,12985.009765625,12367.01953125,12574.73046875,5498050000
2022-05-05,12317.6904296875,12787.51953125,12183.5595703125,12787.51953125,5308920000
2022-05-06,12144.66015625,12358.419921875,11990.150390625,12246.830078125,5324480000
2022-05-09,11623.25,11990.6103515625,11574.9404296875,11923.0302734375,5939140000
2022-05-10,11737.669921875,11944.9404296875,11566.2802734375,11900.33984375,6218260000
2022-05-11,11364.240234375,11844.509765625,11339.1796875,11645.5703125,6152370000
2022-05-12,11370.9599609375,11547.330078125,11108.759765625,11199.25,6679470000
2022-05-13,11805.0,11856.7099609375,11510.259765625,11555.9697265625,5894020000
2022-05-16,11662.7900390625,11804.58984375,11627.5302734375,11727.1396484375,4930250000
2022-05-17,11984.51953125,11988.4296875,11754.2802734375,11905.5703125,5093960000
2022-05-18,11418.150390625,11826.2197265625,11381.6904296875,11790.6796875,5064120000
2022-05-19,11388.5,11562.8203125,11313.3095703125,11364.400390625,5154410000
2022-05-20,11354.6201171875,11552.2099609375,11035.6904296875,11542.669921875,5434370000
2022-05-23,11535.26953125,11552.0703125,11304.5595703125,11396.2802734375,4552200000
2022-05-24,11264.4501953125,11351.6103515625,11092.48046875,11326.4404296875,4724430000
2022-05-25,11434.740234375,11511.900390625,11211.849609375,11225.0302734375,4519690000
2022-05-26,11740.650390625,11796.9697265625,11406.16015625,11409.83984375,4672620000
2022-05-27,12131.1298828125,12131.66015625,11856.8203125,11869.6904296875,4793900000
2022-05-31,12081.3896484375,12190.080078125,11942.5,12137.5400390625,6045500000
2022-06-01,11994.4599609375,12237.9404296875,11901.4296875,12176.8896484375,4719900000
2022-06-02,12316.900390625,12320.1201171875,11901.4501953125,11945.5703125,4445840000
2022-06-03,12012.73046875,12167.4404296875,11966.6201171875,12097.1201171875,4130040000
2022-06-06,12061.3701171875,12245.400390625,12004.2001953125,12200.330078125,4647010000
2022-06-07,12175.23046875,12194.8603515625,11888.6103515625,11925.8095703125,4411240000
2022-06-08,12086.26953125,12235.7802734375,12052.7001953125,12147.2802734375,4708980000
2022-06-09,11754.23046875,12115.0595703125,11751.98046875,12016.4697265625,5408460000
2022-06-10,11340.01953125,11569.150390625,11328.26953125,11543.8798828125,5152020000
2022-06-13,10809.23046875,11071.48046875,10775.1396484375,10986.849609375,5937320000
2022-06-14,10828.349609375,10926.8095703125,10733.0400390625,10897.4296875,4819890000
2022-06-15,11099.150390625,11244.259765625,10866.3896484375,10968.400390625,5368500000
2022-06-16,10646.099609375,10831.0703125,10565.1396484375,10806.01953125,5696630000
2022-06-17,10798.349609375,10884.7099609375,10638.7197265625,10697.5498046875,7452830000
2022-06-21,11069.2998046875,11164.990234375,10974.0498046875,10974.0498046875,5226260000
2022-06-22,11053.080078125,11216.76953125,10938.0595703125,10941.9501953125,5238180000
2022-06-23,11232.1904296875,11260.26953125,11046.2802734375,11137.6796875,5258200000
2022-06-24,11607.6201171875,11613.23046875,11337.7802734375,11351.3095703125,9468130000
2022-06-27,11524.5498046875,11677.490234375,11487.0703125,11661.01953125,5047860000
2022-06-28,11181.5400390625,11635.849609375,11177.6796875,11542.240234375,5433220000
2022-06-29,11177.8896484375,11226.330078125,11072.1904296875,11160.2197265625,5650860000
2022-06-30,11028.740234375,11160.919921875,10850.009765625,11048.25,5654520000
2022-07-01,11127.849609375,11132.5498046875,10922.7099609375,11006.830078125,4865730000
2022-07-05,11322.240234375,11323.8896484375,10911.4501953125,10964.1796875,5053570000
2022-07-06,11361.849609375,11443.150390625,11250.3203125,11337.900390625,4851170000
2022-07-07,11621.349609375,11644.4697265625,11412.8798828125,11422.599609375,4685050000
2022-07-08,11635.3095703125,11689.7001953125,11479.76953125,11503.6103515625,4526570000
2022-07-11,11372.599609375,11541.099609375,11348.0595703125,11524.490234375,4362910000
2022-07-12,11264.73046875,11483.169921875,11207.080078125,11420.8896484375,4317860000
2022-07-13,11247.580078125,11325.669921875,11031.26953125,11056.5498046875,4433060000
2022-07-14,11251.1904296875,11279.9697265625,11005.9296875,11151.2099609375,4481070000
2022-07-15,11452.419921875,11454.6904296875,11295.330078125,11379.3603515625,4369060000
2022-07-18,11360.0498046875,11629.0302734375,11322.83984375,11561.6396484375,5057920000
2022-07-19,11713.150390625,11721.2197265625,11448.9697265625,11515.0,5302740000
2022-07-20,11897.650390625,11939.9599609375,11703.3603515625,11726.08984375,5467080000
2022-07-21,12059.6103515625,12060.58984375,11812.7197265625,11914.150390625,4680930000
2022-07-22,11834.1103515625,12093.01953125,11767.1904296875,12025.3701171875,4721880000
2022-07-25,11782.669921875,11855.1103515625,11707.5302734375,11837.9599609375,4346520000
2022-07-26,11562.5703125,11711.3095703125,11533.3701171875,11701.5302734375,4349760000
2022-07-27,12032.419921875,12081.73046875,11718.3798828125,11756.1904296875,4588480000
2022-07-28,12162.58984375,12179.08984375,11886.669921875,12036.48046875,4924950000
2022-07-29,12390.6904296875,12426.259765625,12181.1298828125,12239.6904296875,4907410000
2022-08-01,12368.98046875,12499.7197265625,12271.98046875,12317.9599609375,4396390000
2022-08-02,12348.759765625,12503.33984375,12260.48046875,12287.669921875,4792140000
2022-08-03,12668.16015625,12699.6396484375,12425.2099609375,12433.8701171875,5667990000
2022-08-04,12720.580078125,12736.1904296875,12600.7802734375,12675.0400390625,5451470000
2022-08-05,12657.5498046875,12720.4404296875,12525.76953125,12538.7998046875,4911300000
2022-08-08,12644.4599609375,12855.150390625,12597.75,12703.7197265625,5238600000
2022-08-09,12493.9296875,12582.91015625,12438.8603515625,12557.490234375,5307340000
2022-08-10,12854.7998046875,12861.4404296875,12698.6103515625,12793.4404296875,5196210000
2022-08-11,12779.91015625,13026.240234375,12760.08984375,12944.8203125,5815960000
2022-08-12,13047.1904296875,13047.1904296875,12821.2197265625,12866.3095703125,4782610000
2022-08-15,13128.0498046875,13146.0595703125,12993.7802734375,12996.6298828125,4476040000
2022-08-16,13102.5498046875,13181.08984375,12979.240234375,13082.6396484375,5028410000
2022-08-17,12938.1201171875,13053.509765625,12863.009765625,12968.6298828125,5229520000
2022-08-18,12965.33984375,13002.66015625,12873.490234375,12937.7900390625,4724350000
2022-08-19,12705.2197265625,12859.009765625,12674.8701171875,12832.26953125,4628170000
2022-08-22,12381.5703125,12538.5498046875,12353.73046875,12523.16015625,4270980000
2022-08-23,12381.2998046875,12490.849609375,12352.0302734375,12380.3701171875,3836180000
2022-08-24,12431.5302734375,12504.330078125,12350.16015625,12375.150390625,3917170000
2022-08-25,12639.26953125,12641.259765625,12471.98046875,12506.3701171875,4323470000
2022-08-26,12141.7099609375,12655.83984375,12141.51953125,12630.580078125,4530000000
2022-08-29,12017.669921875,12124.8701171875,11981.419921875,12021.0498046875,4209850000
2022-08-30,11883.1396484375,12101.849609375,11790.01953125,12093.0595703125,4681520000
2022-08-31,11816.2001953125,12027.4296875,11814.169921875,11972.5595703125,4952010000
2022-09-01,11785.1298828125,11798.3701171875,11546.51953125,11707.4404296875,4792890000
2022-09-02,11630.8603515625,11945.91015625,11573.509765625,11899.1396484375,4257410000
2022-09-06,11544.91015625,11679.4296875,11471.5,11643.0302734375,4622940000
2022-09-07,11791.900390625,11819.0703125,11555.080078125,11559.3798828125,4445640000
2022-09-08,11862.1298828125,11896.73046875,11660.5302734375,11679.8603515625,4329910000
2022-09-09,12112.3095703125,12132.669921875,11958.6103515625,11958.6103515625,4401590000
2022-09-12,12266.41015625,12270.1904296875,12169.2802734375,12174.9404296875,4146680000
2022-09-13,11633.5703125,11957.9697265625,11604.4296875,11908.8095703125,5188380000
2022-09-14,11719.6796875,11746.830078125,11602.759765625,11680.41015625,4861530000
2022-09-15,11552.3603515625,11760.73046875,11497.1103515625,11633.240234375,4805910000
2022-09-16,11448.400390625,11460.4296875,11316.919921875,11401.2099609375,7451840000
2022-09-19,11535.01953125,11538.1298828125,11337.830078125,11338.5703125,4168670000
2022-09-20,11425.0498046875,11520.990234375,11343.7197265625,11440.1396484375,4028100000
2022-09-21,11220.1904296875,11613.5703125,11218.990234375,11466.2099609375,4471000000
2022-09-22,11066.8095703125,11203.76953125,11024.6396484375,11167.3798828125,4916470000
2022-09-23,10867.9296875,10958.2900390625,10732.7197265625,10952.6904296875,5134350000
2022-09-26,10802.919921875,11024.0,10789.0498046875,10833.3798828125,4697730000
2022-09-27,10829.5,11040.98046875,10741.01953125,10955.2900390625,4445050000
2022-09-28,11051.6396484375,11101.5,10776.33984375,10817.51953125,4556100000
2022-09-29,10737.509765625,10899.4697265625,10623.2197265625,10894.4404296875,4516630000
2022-09-30,10575.6201171875,10883.0400390625,10572.330078125,10697.7099609375,4649710000
2022-10-03,10815.4296875,10875.4599609375,10577.8896484375,10659.009765625,4415440000
2022-10-04,11176.41015625,11189.9599609375,11044.0400390625,11054.7197265625,5004780000
2022-10-05,11148.6396484375,11210.3203125,10910.759765625,11022.669921875,4091860000
2022-10-06,11073.3095703125,11230.4404296875,11051.26953125,11129.0400390625,4423320000
2022-10-07,10652.400390625,10891.9296875,10608.51953125,10877.2802734375,4634190000
2022-10-10,10542.099609375,10669.9296875,10449.0400390625,10659.9501953125,3989640000
2022-10-11,10426.1904296875,10608.83984375,10351.98046875,10484.3701171875,4738840000
2022-10-12,10417.099609375,10494.5302734375,10372.2099609375,10437.0,4091030000
2022-10-13,10649.150390625,10697.7099609375,10088.830078125,10131.8203125,5300080000
2022-10-14,10321.3896484375,10766.6904296875,10308.8095703125,10742.8095703125,4393000000
2022-10-17,10675.7998046875,10696.58984375,10569.6904296875,10575.650390625,4439190000
2022-10-18,10772.400390625,10972.9697265625,10670.1201171875,10963.990234375,5047360000
2022-10-19,10680.509765625,10808.0400390625,10592.8798828125,10689.3095703125,4955090000
2022-10-20,10614.83984375,10837.2998046875,10574.5498046875,10657.41015625,4628010000
2022-10-21,10859.7197265625,10875.7197265625,10542.4296875,10576.0400390625,4706440000
2022-10-24,10952.6103515625,10983.51953125,10713.330078125,10867.0703125,4808710000
2022-10-25,11199.1201171875,11210.3798828125,10996.9697265625,10996.9697265625,5141760000
2022-10-26,10970.990234375,11205.83984375,10948.3798828125,10969.01953125,5224440000
2022-10-27,10792.669921875,10998.73046875,10780.5,10971.9501953125,4773520000
2022-10-28,11102.4501953125,11117.0400390625,10766.2001953125,10766.2001953125,4731940000
2022-10-31,10988.150390625,11047.9404296875,10914.009765625,11028.4296875,4753740000
2022-11-01,10890.849609375,11156.349609375,10881.1904296875,11154.740234375,4677520000
2022-11-02,10524.7998046875,10993.240234375,10522.900390625,10885.009765625,5436420000
2022-11-03,10342.9404296875,10486.009765625,10319.5400390625,10399.4501953125,5102190000
2022-11-04,10475.25,10553.6298828125,10262.9296875,10548.1396484375,5453750000
2022-11-07,10564.51953125,10587.9599609375,10428.91015625,10516.9404296875,4456690000
2022-11-08,10616.2001953125,10745.6396484375,10472.73046875,10611.5302734375,5134500000
2022-11-09,10353.169921875,10564.9697265625,10344.009765625,10528.4501953125,4977460000
2022-11-10,11114.150390625,11119.1201171875,10779.9501953125,10869.169921875,6433000000
2022-11-11,11323.330078125,11352.4296875,11069.830078125,11124.75,5867750000
2022-11-14,11196.2197265625,11350.1201171875,11167.169921875,11233.900390625,5004060000
2022-11-15,11358.41015625,11492.6201171875,11241.150390625,11474.8203125,5617310000
2022-11-16,11183.66015625,11286.099609375,11162.919921875,11260.099609375,4585190000
2022-11-17,11144.9599609375,11198.83984375,11006.2099609375,11008.669921875,4354360000
2022-11-18,11146.0595703125,11259.4404296875,11059.16015625,11257.009765625,4175420000
2022-11-21,11024.509765625,11128.7802734375,10999.75,11091.009765625,3977130000
2022-11-22,11174.41015625,11179.8701171875,10975.66015625,11058.5595703125,4186360000
2022-11-23,11285.3203125,11310.8203125,11174.6103515625,11174.6103515625,4431530000
2022-11-25,11226.3603515625,11261.5703125,11206.3798828125,11231.0,2184080000
2022-11-28,11049.5,11217.75,11020.6904296875,11147.5703125,4271360000
2022-11-29,10983.7802734375,11086.01953125,10944.3701171875,11060.01953125,4592830000
2022-11-30,11468.0,11468.4697265625,10966.5302734375,10995.2001953125,6653460000
2022-12-01,11482.4501953125,11546.76953125,11378.75,11475.169921875,5158120000
2022-12-02,11461.5,11492.3203125,11296.7197265625,11308.3798828125,4523010000
2022-12-05,11239.9404296875,11425.509765625,11193.01953125,11380.990234375,4510030000
2022-12-06,11014.8896484375,11241.419921875,10956.2001953125,11228.419921875,4713330000
2022-12-07,10958.5498046875,11039.8095703125,10910.6201171875,10963.9501953125,4343860000
2022-12-08,11082.0,11119.16015625,10939.4697265625,11011.330078125,4281800000
2022-12-09,11004.6201171875,11138.7001953125,10999.259765625,11038.169921875,4337440000
2022-12-12,11143.740234375,11144.669921875,10984.8203125,11015.48046875,4829990000
2022-12-13,11256.8095703125,11571.6396484375,11160.5400390625,11542.83984375,6126890000
2022-12-14,11170.8896484375,11352.08984375,11065.240234375,11248.08984375,5485150000
2022-12-15,10810.5302734375,11029.5703125,10775.6103515625,11012.6201171875,5536070000
2022-12-16,10705.41015625,10833.240234375,10642.099609375,10767.6298828125,7968170000
2022-12-19,10546.0302734375,10713.9697265625,10497.5498046875,10707.4404296875,4631820000
2022-12-20,10547.1103515625,10609.4599609375,10446.8203125,10490.8896484375,4707190000
2022-12-21,10709.3701171875,10753.5703125,10569.2001953125,10592.0,4401420000
2022-12-22,10476.1201171875,10599.33984375,10313.3203125,10586.4599609375,5125070000
2022-12-23,10497.8603515625,10514.759765625,10361.8203125,10437.75,3544680000
2022-12-27,10353.23046875,10472.3203125,10340.73046875,10462.1904296875,3827290000
2022-12-28,10213.2900390625,10414.8203125,10207.4697265625,10339.2001953125,3842970000
2022-12-29,10478.08984375,10502.080078125,10301.0595703125,10321.4599609375,4154100000
2022-12-30,10466.48046875,10468.3095703125,10324.7001953125,10368.3701171875,3959030000
2023-01-03,10386.98046875,10613.0595703125,10309.16015625,10562.0595703125,4780650000
2023-01-04,10458.759765625,10515.2197265625,10337.6396484375,10467.8203125,5085380000
2023-01-05,10305.240234375,10393.2197265625,10295.25,10390.3095703125,4764270000
2023-01-06,10569.2900390625,10604.1396484375,10265.0400390625,10363.9599609375,5199780000
2023-01-09,10635.650390625,10807.259765625,10619.1201171875,10662.099609375,5132190000
2023-01-10,10742.6298828125,10743.669921875,10589.58984375,10607.7197265625,4710680000
2023-01-11,10931.669921875,10932.4404296875,10762.73046875,10794.990234375,5284390000
2023-01-12,11001.099609375,11027.75,10797.1201171875,10969.259765625,5681240000
2023-01-13,11079.16015625,11084.009765625,10900.16015625,10906.3701171875,5077990000
2023-01-17,11095.1103515625,11145.4404296875,11024.7197265625,11070.0,5138410000
2023-01-18,10957.009765625,11223.41015625,10952.0498046875,11170.9501953125,5288630000
2023-01-19,10852.26953125,10932.51953125,10804.5703125,10890.400390625,4660800000
2023-01-20,11140.4296875,11143.169921875,10885.650390625,10924.66015625,5980110000
2023-01-23,11364.41015625,11405.5,11144.0302734375,11171.9404296875,5997810000
2023-01-24,11334.26953125,11378.150390625,11282.650390625,11302.9296875,5670860000
2023-01-25,11313.3603515625,11334.2197265625,11069.1796875,11146.5302734375,5485570000
2023-01-26,11512.41015625,11516.0498046875,11341.1904296875,11458.400390625,5732890000
2023-01-27,11621.7099609375,11691.8896484375,11470.26953125,11470.4697265625,6243800000
2023-01-30,11393.8095703125,11553.3095703125,11388.5400390625,11512.33984375,5122320000
2023-01-31,11584.5498046875,11586.009765625,11398.3701171875,11398.580078125,5695150000
2023-02-01,11816.3203125,11904.01953125,11500.330078125,11573.1396484375,6336040000
2023-02-02,12200.8203125,12269.5498046875,12024.1396484375,12065.150390625,7038210000
2023-02-03,12006.9501953125,12231.3095703125,11946.8603515625,11946.8603515625,5954490000
2023-02-06,11887.4501953125,11973.41015625,11843.490234375,11904.41015625,5538350000
2023-02-07,12113.7900390625,12150.2197265625,11836.7802734375,11891.25,5720240000
2023-02-08,11910.51953125,12096.3896484375,11890.08984375,12069.1201171875,5052870000
2023-02-09,11789.580078125,12070.9599609375,11745.1103515625,12069.099609375,5536290000
2023-02-10,11718.1201171875,11775.7998046875,11630.5400390625,11714.599609375,4885030000
2023-02-13,11891.7900390625,11910.919921875,11719.73046875,11759.08984375,4752880000
2023-02-14,11960.150390625,11999.849609375,11760.5595703125,11808.2001953125,5032430000
2023-02-15,12070.58984375,12071.2900390625,11876.8203125,11905.1201171875,5056640000
2023-02-16,11855.830078125,12040.33984375,11853.3603515625,11896.3095703125,5159410000
2023-02-17,11787.26953125,11803.2197265625,11673.2099609375,11777.5,4925230000
2023-02-21,11492.2998046875,11684.1396484375,11491.1796875,11640.3701171875,5002540000
2023-02-22,11507.0703125,11582.51953125,11445.169921875,11517.2001953125,4671270000
2023-02-23,11590.400390625,11638.98046875,11432.580078125,11636.9296875,4714580000
2023-02-24,11394.9404296875,11434.3603515625,11334.4697265625,11404.1796875,4432650000
2023-02-27,11466.98046875,11565.23046875,11444.599609375,11517.1904296875,4494000000
2023-02-28,11455.5400390625,11548.23046875,11435.3896484375,11451.0498046875,5340950000
2023-03-01,11379.48046875,11479.0,11349.8701171875,11447.580078125,4927530000
2023-03-02,11462.98046875,11487.58984375,11273.6103515625,11273.76953125,5313760000
2023-03-03,11689.009765625,11699.6298828125,11514.740234375,11524.650390625,5102210000
2023-03-06,11675.740234375,11827.919921875,11667.48046875,11736.8701171875,4982880000
2023-03-07,11530.330078125,11705.9599609375,11512.0302734375,11670.98046875,5422820000
2023-03-08,11576.0,11601.23046875,11487.75,11553.08984375,5085970000
2023-03-09,11338.349609375,11667.1201171875,11319.98046875,11578.3095703125,5061790000
2023-03-10,11138.8896484375,11373.8095703125,11093.8603515625,11325.3603515625,6193500000
2023-03-13,11188.83984375,11326.73046875,10982.7998046875,11041.4599609375,6201490000
2023-03-14,11428.150390625,11467.01953125,11284.9296875,11357.73046875,5533120000
2023-03-15,11434.0498046875,11447.900390625,11238.4404296875,11291.169921875,5912430000
2023-03-16,11717.2802734375,11733.7998046875,11365.490234375,11384.8701171875,5498920000
2023-03-17,11630.509765625,11773.1103515625,11562.6298828125,11696.33984375,7903090000
2023-03-20,11675.5400390625,11695.5498046875,11550.6904296875,11614.3896484375,4970630000
2023-03-21,11860.1103515625,11879.16015625,11724.91015625,11764.7900390625,4829870000
2023-03-22,11669.9599609375,12013.990234375,11666.849609375,11857.5,4981590000
2023-03-23,11787.400390625,11962.6904296875,11684.51953125,11811.3203125,4917460000
2023-03-24,11823.9599609375,11826.23046875,11670.669921875,11747.6201171875,4363650000
2023-03-27,11768.83984375,11903.2099609375,11739.0498046875,11868.5400390625,4330320000
2023-03-28,11716.080078125,11752.759765625,11635.0302734375,11752.759765625,4036910000
2023-03-29,11926.240234375,11941.599609375,11823.349609375,11855.58984375,4493540000
2023-03-30,12013.4697265625,12044.7900390625,11953.3701171875,12010.4501953125,4738880000
2023-03-31,12221.91015625,12227.9296875,12030.4404296875,12031.5400390625,5521150000
2023-04-03,12189.4501953125,12196.33984375,12086.51953125,12146.08984375,4816440000
2023-04-04,12126.330078125,12224.6796875,12081.8095703125,12208.490234375,4298760000
2023-04-05,11996.8603515625,12086.75,11931.849609375,12081.759765625,4378590000
2023-04-06,12087.9599609375,12098.5,11898.3603515625,11939.080078125,3862800000
2023-04-10,12084.3603515625,12084.9501953125,11924.2001953125,11975.1298828125,4334070000
2023-04-11,12031.8798828125,12091.26953125,12011.400390625,12080.240234375,4676960000
2023-04-12,11929.33984375,12134.5,11916.5400390625,12110.8701171875,4909770000
2023-04-13,12166.26953125,12178.7998046875,11995.9404296875,11997.419921875,4942990000
2023-04-14,12123.4697265625,12205.7197265625,12026.5498046875,12117.91015625,4655740000
2023-04-17,12157.7197265625,12159.01953125,12064.099609375,12108.23046875,4823180000
2023-04-18,12153.41015625,12245.4296875,12110.23046875,12234.5595703125,4851810000
2023-04-19,12157.23046875,12191.099609375,12060.169921875,12063.6796875,4972700000
2023-04-20,12059.5595703125,12155.9599609375,12011.9501953125,12039.080078125,4590530000
2023-04-21,12072.4599609375,12097.150390625,11986.8203125,12046.0302734375,4868050000
2023-04-24,12037.2001953125,12103.580078125,11960.2998046875,12053.4697265625,4854050000
2023-04-25,11799.16015625,11990.4599609375,11798.76953125,11968.8095703125,4806020000
2023-04-26,11854.349609375,11967.990234375,11833.0703125,11913.23046875,5281970000
2023-04-27,12142.240234375,12154.009765625,11950.919921875,11972.150390625,5253710000
2023-04-28,12226.580078125,12227.7197265625,12082.5703125,12117.5400390625,5331380000
2023-05-01,12212.599609375,12261.3203125,12181.080078125,12210.0498046875,5168430000
2023-05-02,12080.509765625,12206.580078125,12015.23046875,12198.01953125,5501410000
2023-05-03,12025.330078125,12212.5498046875,12022.4599609375,12097.0400390625,5782160000
2023-05-04,11966.400390625,12033.150390625,11925.3701171875,11997.33984375,4745780000
2023-05-05,12235.41015625,12264.830078125,12065.7197265625,12073.0302734375,4574790000
2023-05-08,12256.919921875,12264.990234375,12178.259765625,12231.6796875,4216360000
2023-05-09,12179.5498046875,12216.1298828125,12174.0595703125,12195.7802734375,4126780000
2023-05-10,12306.4404296875,12337.6904296875,12180.8603515625,12286.66015625,4948260000
2023-05-11,12328.509765625,12347.3798828125,12255.4404296875,12321.259765625,4489490000
2023-05-12,12284.740234375,12364.650390625,12209.580078125,12350.51953125,4170000000
2023-05-15,12365.2099609375,12376.400390625,12263.349609375,12301.169921875,3979290000
2023-05-16,12343.0498046875,12403.8095703125,12324.51953125,12327.0498046875,4067510000
2023-05-17,12500.5703125,12514.0703125,12335.01953125,12388.580078125,4501820000
2023-05-18,12688.83984375,12698.5,12512.259765625,12513.8701171875,4532890000
2023-05-19,12657.900390625,12731.73046875,12624.0595703125,12709.4599609375,3935780000
2023-05-22,12720.7802734375,12756.23046875,12655.259765625,12664.4404296875,4278920000
2023-05-23,12560.25,12709.740234375,12554.4296875,12652.8798828125,4347440000
2023-05-24,12484.16015625,12529.6298828125,12415.849609375,12481.8896484375,4088270000
2023-05-25,12698.08984375,12736.919921875,12604.8896484375,12706.4404296875,4651640000
2023-05-26,12975.6904296875,13001.91015625,12729.740234375,12736.419921875,4434070000
2023-05-30,13017.4296875,13154.2900390625,12968.1201171875,13109.099609375,4843470000
2023-05-31,12935.2900390625,13029.080078125,12889.3701171875,12968.3798828125,5905760000
2023-06-01,13100.98046875,13141.830078125,12903.6298828125,12944.4599609375,4610310000
2023-06-02,13240.76953125,13256.2099609375,13125.8603515625,13190.48046875,4426760000
2023-06-05,13229.4296875,13330.650390625,13194.9501953125,13238.48046875,4344280000
2023-06-06,13276.419921875,13306.2099609375,13165.650390625,13199.58984375,4810910000
2023-06-07,13104.900390625,13361.900390625,13089.48046875,13295.259765625,5270600000
2023-06-08,13238.51953125,13248.599609375,13101.1796875,13113.26953125,4280160000
2023-06-09,13259.1396484375,13385.9501953125,13229.330078125,13312.3896484375,4412710000
2023-06-12,13461.919921875,13465.91015625,13302.580078125,13326.3701171875,4722680000
2023-06-13,13573.3203125,13594.400390625,13473.1904296875,13566.5302734375,5522100000
2023-06-14,13626.48046875,13661.740234375,13455.990234375,13570.5595703125,5772550000
2023-06-15,13782.8203125,13828.169921875,13561.3701171875,13572.8798828125,5667520000
2023-06-16,13689.5703125,13864.0595703125,13680.9501953125,13859.0703125,8076530000
2023-06-20,13667.2900390625,13711.1796875,13561.83984375,13642.2900390625,5237710000
2023-06-21,13502.2001953125,13638.5703125,13460.9404296875,13620.8701171875,5194640000
2023-06-22,13630.6103515625,13631.849609375,13441.5595703125,13443.41015625,4499550000
2023-06-23,13492.51953125,13572.1904296875,13442.650390625,13484.099609375,7734500000
2023-06-26,13335.7802734375,13573.5703125,13334.419921875,13468.740234375,4430600000
2023-06-27,13555.669921875,13578.7998046875,13366.9697265625,13389.25,5053660000
2023-06-28,13591.75,13654.1396484375,13495.73046875,13506.01953125,4533270000
2023-06-29,13591.330078125,13618.5302734375,13540.259765625,13592.3603515625,4388140000
2023-06-30,13787.919921875,13816.6796875,13716.16015625,13719.98046875,4661120000
2023-07-03,13816.76953125,13839.08984375,13773.41015625,13798.7001953125,2902300000
2023-07-05,13791.650390625,13844.5,13764.25,13772.099609375,5339340000
2023-07-06,13679.0400390625,13689.51953125,13567.25,13653.169921875,6113080000
2023-07-07,13660.7197265625,13804.509765625,13656.73046875,13668.0703125,5098120000
2023-07-10,13685.48046875,13692.41015625,13584.8701171875,13645.3701171875,5275390000
2023-07-11,13760.7001953125,13774.830078125,13643.3203125,13709.8095703125,4840950000
2023-07-12,13918.9599609375,13963.4501953125,13842.1298828125,13915.6396484375,5230620000
2023-07-13,14138.5703125,14163.7998046875,14012.240234375,14021.150390625,5183560000
2023-07-14,14113.7001953125,14232.1103515625,14081.9599609375,14166.66015625,5366890000
2023-07-17,14244.9501953125,14274.41015625,14138.009765625,14149.919921875,4593160000
2023-07-18,14353.6396484375,14396.6904296875,14176.1103515625,14212.25,4824070000
2023-07-19,14358.01953125,14446.5498046875,14317.08984375,14398.5302734375,5112420000
2023-07-20,14063.3095703125,14309.919921875,14030.6201171875,14273.2900390625,5128020000
2023-07-21,14032.8095703125,14179.009765625,14020.4501953125,14148.1796875,5254180000
2023-07-24,14058.8701171875,14110.150390625,13997.1298828125,14081.6298828125,4083070000
2023-07-25,14144.5595703125,14201.91015625,14092.51953125,14093.240234375,3812470000
2023-07-26,14127.2802734375,14187.349609375,14041.9501953125,14123.51953125,4322000000
2023-07-27,14050.1103515625,14360.2001953125,14006.9296875,14319.16015625,5115840000
2023-07-28,14316.66015625,14344.349609375,14188.099609375,14199.830078125,4453520000
2023-07-31,14346.01953125,14370.91015625,14292.75,14337.900390625,4934440000
2023-08-01,14283.91015625,14309.2099609375,14215.6396484375,14274.9296875,4633770000
2023-08-02,13973.4501953125,14133.849609375,13914.8095703125,14132.73046875,5481960000
2023-08-03,13959.7197265625,14032.2802734375,13881.349609375,13899.759765625,6036970000
2023-08-04,13909.240234375,14119.2197265625,13897.9296875,14025.9599609375,5349450000
2023-08-07,13994.400390625,13997.150390625,13864.919921875,13972.4501953125,4892330000
2023-08-08,13884.3203125,13899.740234375,13769.33984375,13875.4501953125,5284550000
2023-08-09,13722.01953125,13898.5400390625,13698.3896484375,13897.6103515625,5591360000
2023-08-10,13737.990234375,13947.16015625,13686.509765625,13818.25,5299080000
2023-08-11,13644.849609375,13720.330078125,13609.98046875,13633.650390625,4638880000
2023-08-14,13788.330078125,13789.16015625,13582.490234375,13599.0,4272020000
2023-08-15,13631.0498046875,13774.98046875,13611.9404296875,13760.48046875,4473320000
2023-08-16,13474.6298828125,13644.3203125,13473.0302734375,13593.169921875,6243760000
2023-08-17,13316.9296875,13535.08984375,13303.4501953125,13527.2998046875,5280180000
2023-08-18,13290.7802734375,13335.8701171875,13161.759765625,13190.01953125,4801910000
2023-08-21,13497.58984375,13516.8603515625,13325.58984375,13347.259765625,4363070000
2023-08-22,13505.8701171875,13598.76953125,13484.3798828125,13593.9501953125,4282430000
2023-08-23,13721.0302734375,13757.0,13532.4296875,13532.4296875,4127850000
2023-08-24,13463.9697265625,13834.6904296875,13462.83984375,13834.3095703125,4383820000
2023-08-25,13590.650390625,13633.419921875,13376.349609375,13514.3701171875,3970060000
2023-08-28,13705.1298828125,13735.98046875,13626.6396484375,13695.3603515625,3666680000
2023-08-29,13943.759765625,13959.8095703125,13677.0595703125,13687.23046875,4748180000
2023-08-30,14019.3095703125,14050.8203125,13924.2001953125,13961.76953125,4364600000
2023-08-31,14034.9697265625,14114.669921875,14010.48046875,14041.5400390625,4568610000
2023-09-01,14031.8095703125,14149.6201171875,13982.419921875,14129.9599609375,4033960000
2023-09-05,14020.9501953125,14060.849609375,13945.650390625,13994.5400390625,4379790000
2023-09-06,13872.4697265625,14001.9501953125,13802.419921875,13988.8095703125,4215320000
2023-09-07,13748.830078125,13774.6298828125,13642.4697265625,13675.1103515625,4320830000
2023-09-08,13761.5302734375,13843.3701171875,13733.1796875,13754.7099609375,4160360000
2023-09-11,13917.8896484375,13937.4697265625,13805.1298828125,13884.0302734375,4538870000
2023-09-12,13773.6103515625,13913.599609375,13763.6904296875,13858.9404296875,4595490000
2023-09-13,13813.58984375,13868.5703125,13733.8203125,13773.669921875,4840310000
2023-09-14,13926.0498046875,13957.5703125,13810.66015625,13889.759765625,4649010000
2023-09-15,13708.330078125,13895.75,13684.240234375,13889.2001953125,8162210000
2023-09-18,13710.240234375,13751.2802734375,13663.4599609375,13669.9599609375,4855880000
2023-09-19,13678.1904296875,13705.150390625,13578.8701171875,13649.4404296875,4453460000
2023-09-20,13469.1298828125,13727.8095703125,13467.2802734375,13710.259765625,4782440000
2023-09-21,13223.98046875,13362.23046875,13222.5595703125,13328.0595703125,5014890000
2023-09-22,13211.8095703125,13353.2197265625,13200.6396484375,13287.169921875,4302700000
2023-09-25,13271.3203125,13277.830078125,13132.0,13172.5400390625,4100290000
2023-09-26,13063.6103515625,13199.1298828125,13033.400390625,13180.9599609375,4693540000
2023-09-27,13092.849609375,13156.3701171875,12963.16015625,13115.3603515625,4841410000
2023-09-28,13201.2802734375,13270.9697265625,13025.1103515625,13043.3701171875,4648390000
2023-09-29,13219.3203125,13382.98046875,13177.08984375,13337.7099609375,5138500000
2023-10-02,13307.76953125,13364.0302734375,13204.080078125,13217.98046875,4554700000
2023-10-03,13059.4697265625,13280.0400390625,13008.599609375,13229.6796875,4684310000
2023-10-04,13236.009765625,13258.759765625,13072.509765625,13092.919921875,4308070000
2023-10-05,13219.830078125,13251.1796875,13087.5703125,13228.1201171875,4167470000
2023-10-06,13431.33984375,13472.26953125,13099.0302734375,13127.6796875,4309420000
2023-10-09,13484.240234375,13509.2998046875,13277.48046875,13326.2197265625,3835930000
2023-10-10,13562.83984375,13659.6298828125,13491.8095703125,13505.8095703125,4301350000
2023-10-11,13659.6796875,13671.1103515625,13549.2900390625,13619.2099609375,4160440000
2023-10-12,13574.2197265625,13714.1396484375,13491.5595703125,13672.4697265625,4858620000
2023-10-13,13407.23046875,13619.5400390625,13361.849609375,13613.58984375,4251550000
2023-10-16,13567.98046875,13598.0498046875,13447.169921875,13453.8095703125,4308690000
2023-10-17,13533.75,13602.25,13364.740234375,13419.8701171875,4417640000
2023-10-18,13314.2998046875,13499.740234375,13275.2998046875,13439.6796875,4617140000
2023-10-19,13186.1796875,13404.73046875,13157.330078125,13354.7998046875,5014790000
2023-10-20,12983.8095703125,13177.349609375,12977.4296875,13157.76953125,4622840000
2023-10-23,13018.330078125,13143.2197265625,12848.830078125,12930.849609375,4669060000
2023-10-24,13139.8701171875,13170.3896484375,13022.849609375,13084.990234375,4604720000
2023-10-25,12821.2197265625,13042.51953125,12804.2998046875,13039.8603515625,4599850000
2023-10-26,12595.6103515625,12818.1396484375,12543.8603515625,12768.9697265625,4894900000
2023-10-27,12643.009765625,12772.4296875,12600.5703125,12718.6904296875,4172100000
2023-10-30,12789.48046875,12842.9599609375,12691.5595703125,12750.4697265625,4149320000
2023-10-31,12851.240234375,12859.400390625,12697.0400390625,12786.6201171875,4315630000
2023-11-01,13061.4697265625,13072.419921875,12875.2001953125,12887.0595703125,4545120000
2023-11-02,13294.1904296875,13302.1796875,13177.6396484375,13230.490234375,4962950000
2023-11-03,13478.2802734375,13520.2802734375,13344.73046875,13362.849609375,4918750000
2023-11-06,13518.7802734375,13551.6201171875,13435.990234375,13514.080078125,4345850000
2023-11-07,13639.8603515625,13675.4599609375,13516.5595703125,13555.7900390625,4354460000
2023-11-08,13650.41015625,13684.8701171875,13573.580078125,13660.2197265625,4685550000
2023-11-09,13521.4501953125,13697.8203125,13506.01953125,13693.7001953125,5313970000
2023-11-10,13798.1103515625,13802.5302734375,13556.349609375,13571.1904296875,4722140000
2023-11-13,13767.740234375,13805.1103515625,13687.7802734375,13745.9599609375,4349590000
2023-11-14,14094.3798828125,14124.0595703125,14003.1396484375,14015.3701171875,5332490000
2023-11-15,14103.83984375,14194.3603515625,14060.7001953125,14147.26953125,5063830000
2023-11-16,14113.669921875,14130.4501953125,14033.7900390625,14066.8798828125,4545180000
2023-11-17,14125.48046875,14154.3203125,14063.9296875,14101.4404296875,4408640000
2023-11-20,14284.5302734375,14309.7998046875,14134.2001953125,14134.75,4561810000
2023-11-21,14199.98046875,14237.5,14146.3095703125,14217.23046875,4128600000
2023-11-22,14265.8603515625,14359.6103515625,14226.6298828125,14283.8203125,3855240000
2023-11-24,14250.849609375,14270.2802734375,14214.1298828125,14238.0400390625,2541840000
2023-11-27,14241.01953125,14305.7099609375,14205.240234375,14239.3095703125,4205880000
2023-11-28,14281.759765625,14303.66015625,14195.7197265625,14224.6298828125,4474400000
2023-11-29,14258.490234375,14423.2197265625,14247.8896484375,14367.1103515625,4890220000
2023-11-30,14226.2197265625,14289.2001953125,14127.0498046875,14265.0498046875,5678070000
2023-12-01,14305.0302734375,14311.9501953125,14135.0,14181.349609375,5607000000
2023-12-04,14185.490234375,14197.51953125,14058.51953125,14168.66015625,6270020000
2023-12-05,14229.91015625,14285.66015625,14121.759765625,14126.400390625,6179120000
2023-12-06,14146.7099609375,14327.6298828125,14138.509765625,14325.6201171875,5167030000
2023-12-07,14339.990234375,14353.1103515625,14220.8701171875,14230.4296875,5694310000
2023-12-08,14403.9697265625,14416.919921875,14264.9599609375,14279.4599609375,5430840000
2023-12-11,14432.490234375,14436.080078125,14324.5703125,14340.1298828125,5607820000
2023-12-12,14533.400390625,14533.400390625,14385.3896484375,14423.009765625,4950100000
2023-12-13,14733.9599609375,14743.5498046875,14517.51953125,14555.6796875,6732040000
2023-12-14,14761.5595703125,14855.6201171875,14642.23046875,14798.7197265625,8033170000
2023-12-15,14813.919921875,14848.400390625,14753.16015625,14797.4599609375,8377630000
2023-12-18,14904.8095703125,14938.0400390625,14811.8203125,14814.01953125,5866080000
2023-12-19,15003.2197265625,15003.7998046875,14921.599609375,14923.01953125,5757180000
2023-12-20,14777.9404296875,15069.2900390625,14776.2900390625,14973.3603515625,6294700000
2023-12-21,14963.8701171875,14970.8095703125,14837.4697265625,14923.1396484375,5465640000
2023-12-22,14992.9697265625,15047.1904296875,14927.1201171875,15006.1796875,4796600000
2023-12-26,15074.5703125,15101.1796875,15024.0595703125,15028.6904296875,6120600000
2023-12-27,15099.1796875,15114.080078125,15051.669921875,15089.66015625,7480170000
2023-12-28,15095.1396484375,15150.0703125,15087.2197265625,15142.08984375,5090570000
2023-12-29,15011.349609375,15111.41015625,14955.3701171875,15099.2001953125,5441060000
2024-01-02,14765.9404296875,14887.7998046875,14682.3798828125,14873.7001953125,5791170000
2024-01-03,14592.2099609375,14694.580078125,14577.4404296875,14641.4697265625,5449950000
2024-01-04,14510.2998046875,14632.76953125,14504.7802734375,14532.23046875,5289220000
2024-01-05,14524.0703125,14625.1904296875,14477.5703125,14500.1103515625,5232820000
2024-01-08,14843.76953125,14846.900390625,14560.2001953125,14564.4697265625,6337770000
2024-01-09,14857.7099609375,14894.3203125,14716.7099609375,14744.1298828125,5068410000
2024-01-10,14969.650390625,14998.2001953125,14842.7001953125,14877.7001953125,4404590000
2024-01-11,14970.1904296875,15063.6103515625,14800.3798828125,15020.9501953125,5044690000
2024-01-12,14972.759765625,15047.25,14931.8798828125,15001.009765625,4958940000
2024-01-16,14944.349609375,15004.349609375,14863.8095703125,14908.259765625,6386180000
2024-01-17,14855.6201171875,14865.759765625,14706.23046875,14814.76953125,5181740000
2024-01-18,15055.650390625,15066.8095703125,14911.1103515625,14994.51953125,5587440000
2024-01-19,15310.9697265625,15310.9697265625,15087.2001953125,15122.3798828125,5604950000
2024-01-22,15360.2900390625,15438.849609375,15333.6298828125,15393.0498046875,5456240000
2024-01-23,15425.9404296875,15432.349609375,15337.23046875,15391.41015625,5207680000
2024-01-24,15481.919921875,15629.0703125,15468.91015625,15560.6103515625,4983210000
2024-01-25,15510.5,15597.25,15430.6796875,15555.6201171875,5281570000
2024-01-26,15455.3603515625,15538.83984375,15433.0400390625,15474.849609375,4510530000
2024-01-29,15628.0400390625,15630.580078125,15449.8701171875,15470.66015625,4979310000
2024-01-30,15509.900390625,15619.23046875,15484.669921875,15604.080078125,4719240000
2024-01-31,15164.009765625,15405.5595703125,15158.490234375,15324.1904296875,5875610000
2024-02-01,15361.6396484375,15372.1298828125,15208.8798828125,15254.01953125,5046920000
2024-02-02,15628.9501953125,15664.2099609375,15366.7802734375,15403.16015625,4800690000
2024-02-05,15597.6796875,15637.8798828125,15471.6796875,15613.990234375,4831020000
2024-02-06,15609.0,15652.75,15515.25,15638.1904296875,4759640000
2024-02-07,15756.6396484375,15770.6796875,15645.8095703125,15690.349609375,4567580000
2024-02-08,15793.7099609375,15813.26953125,15739.1796875,15762.23046875,5675850000
2024-02-09,15990.66015625,16007.2900390625,15831.759765625,15842.3798828125,5797260000
2024-02-12,15942.5498046875,16080.0703125,15917.8701171875,15980.6201171875,5458490000
2024-02-13,15655.599609375,15770.419921875,15551.4404296875,15598.8798828125,5599860000
2024-02-14,15859.150390625,15865.509765625,15683.9404296875,15781.7099609375,5092660000
2024-02-15,15906.169921875,15911.2197265625,15779.7197265625,15865.2998046875,6049100000
2024-02-16,15775.650390625,15917.41015625,15752.01953125,15910.4296875,5223800000
2024-02-20,15630.7802734375,15730.4697265625,15508.5,15679.83984375,5595700000
2024-02-21,15580.8701171875,15583.6796875,15451.650390625,15532.1201171875,4845740000
2024-02-22,16041.6201171875,16061.8203125,15869.240234375,15904.48046875,5653930000
2024-02-23,15996.8203125,16134.2197265625,15954.5,16094.7998046875,5077910000
2024-02-26,15976.25,16054.900390625,15973.900390625,16014.4501953125,5417630000
2024-02-27,16035.2998046875,16046.099609375,15940.509765625,16013.98046875,5423020000
2024-02-28,15947.740234375,16003.5595703125,15924.7197265625,15969.1396484375,5581690000
2024-02-29,16091.919921875,16115.9599609375,15931.7001953125,16059.33984375,6265340000
2024-03-01,16274.9404296875,16302.240234375,16096.599609375,16109.830078125,5457910000
2024-03-04,16207.509765625,16289.0595703125,16199.0595703125,16264.2099609375,5725470000
2024-03-05,15939.58984375,16087.5703125,15862.6298828125,16077.740234375,6356800000
2024-03-06,16031.5400390625,16128.5595703125,15956.66015625,16092.0,5511370000
2024-03-07,16273.3798828125,16309.01953125,16096.009765625,16147.3203125,5072790000
2024-03-08,16085.1103515625,16449.69921875,16059.5,16322.099609375,5411790000
2024-03-11,16019.26953125,16085.9501953125,15978.0400390625,16052.6298828125,4917620000
2024-03-12,16265.6396484375,16275.4501953125,15992.98046875,16116.98046875,5100330000
2024-03-13,16177.76953125,16233.2998046875,16143.33984375,16220.1103515625,4839000000
2024-03-14,16128.5302734375,16245.3203125,16039.6796875,16209.1904296875,5450980000
2024-03-15,15973.169921875,16055.330078125,15925.91015625,16043.580078125,8261950000
2024-03-18,16103.4501953125,16247.58984375,16094.169921875,16154.919921875,5025040000
2024-03-19,16166.7900390625,16175.58984375,15951.8603515625,16031.9296875,4758740000
2024-03-20,16369.41015625,16377.4404296875,16127.48046875,16185.759765625,5298380000
2024-03-21,16401.83984375,16538.859375,16393.900390625,16517.240234375,5134740000
2024-03-22,16428.8203125,16467.619140625,16361.0,16387.830078125,4339930000
2024-03-25,16384.470703125,16441.169921875,16315.7197265625,16335.2998046875,4636940000
2024-03-26,16315.7001953125,16476.380859375,16312.9501953125,16446.849609375,5144260000
2024-03-27,16399.51953125,16431.8203125,16279.169921875,16424.759765625,4768930000
2024-03-28,16379.4599609375,16420.919921875,16347.3798828125,16377.23046875,5174450000
2024-04-01,16396.830078125,16490.650390625,16327.8896484375,16397.05078125,4798390000
2024-04-02,16240.4501953125,16251.41015625,16137.240234375,16199.240234375,4710280000
2024-04-03,16277.4599609375,16340.740234375,16169.3095703125,16178.7998046875,5151500000
2024-04-04,16049.080078125,16468.0390625,16046.5595703125,16418.5703125,5368700000
2024-04-05,16248.51953125,16326.5,16080.48046875,16095.400390625,4578130000
2024-04-08,16253.9599609375,16323.599609375,16220.7197265625,16285.1796875,4386700000
2024-04-09,16306.6396484375,16348.1796875,16141.150390625,16328.759765625,4869190000
2024-04-10,16170.3603515625,16200.099609375,16092.01953125,16104.009765625,5308250000
2024-04-11,16442.19921875,16464.599609375,16154.650390625,16236.2001953125,4714750000
2024-04-12,16175.08984375,16341.4599609375,16125.330078125,16293.0302734375,4552740000
2024-04-15,15885.01953125,16295.26953125,15863.8798828125,16276.4697265625,4910550000
2024-04-16,15865.25,15965.7900390625,15822.01953125,15856.3798828125,5001860000
2024-04-17,15683.3701171875,15957.0302734375,15654.509765625,15942.2900390625,4991470000
2024-04-18,15601.5,15786.1201171875,15587.5,15705.6904296875,4932540000
2024-04-19,15282.009765625,15576.7001953125,15222.7802734375,15547.099609375,5316010000
2024-04-22,15451.3095703125,15539.0,15265.66015625,15396.1298828125,4616730000
2024-04-23,15696.6396484375,15730.349609375,15510.58984375,15525.5498046875,4951670000
2024-04-24,15712.75,15839.0,15634.4404296875,15805.599609375,4735870000
2024-04-25,15611.759765625,15644.509765625,15343.91015625,15375.259765625,4743640000
2024-04-26,15927.900390625,15981.0,15770.7197265625,15821.33984375,4694400000
2024-04-29,15983.080078125,16021.490234375,15885.8896484375,16007.0,4972520000
2024-04-30,15657.8203125,15979.3603515625,15655.669921875,15920.8896484375,5229400000
2024-05-01,15605.48046875,15926.2197265625,15557.6396484375,15646.08984375,5277790000
2024-05-02,15840.9599609375,15862.7900390625,15604.73046875,15758.1103515625,4901610000
2024-05-03,16156.330078125,16204.7099609375,16068.33984375,16147.48046875,4887310000
2024-05-06,16349.25,16350.080078125,16197.8603515625,16208.5400390625,4460130000
2024-05-07,16332.5595703125,16397.390625,16303.83984375,16358.33984375,5041870000
2024-05-08,16302.759765625,16341.650390625,16226.0703125,16226.0703125,4530190000
2024-05-09,16346.259765625,16362.7900390625,16241.98046875,16323.740234375,4505120000
2024-05-10,16340.8701171875,16437.390625,16293.51953125,16389.01953125,4402110000
2024-05-13,16388.240234375,16407.05078125,16334.8603515625,16400.310546875,4452750000
2024-05-14,16511.1796875,16526.26953125,16386.4296875,16391.16015625,7270240000
2024-05-15,16742.390625,16749.740234375,16544.08984375,16601.140625,8538990000
2024-05-16,16698.3203125,16797.830078125,16693.44921875,16738.109375,11932600000
2024-05-17,16685.970703125,16726.41015625,16613.83984375,16708.490234375,9587280000
2024-05-20,16794.869140625,16823.830078125,16695.689453125,16702.01953125,6861320000
2024-05-21,16832.619140625,16839.01953125,16719.970703125,16736.099609375,6245090000
2024-05-22,16801.5390625,16855.26953125,16712.08984375,16839.01953125,7277340000
2024-05-23,16736.029296875,16996.390625,16678.369140625,16996.390625,7752800000
2024-05-24,16920.7890625,16947.80078125,16771.580078125,16786.7890625,5836040000
2024-05-28,17019.880859375,17032.66015625,16917.509765625,16988.310546875,6293380000
2024-05-29,16920.580078125,16989.599609375,16873.970703125,16879.349609375,6652480000
2024-05-30,16737.080078125,16900.4609375,16690.359375,16878.630859375,6659290000
2024-05-31,16735.01953125,16789.26953125,16445.5390625,16771.900390625,6674090000
2024-06-03,16828.669921875,16909.890625,16646.4296875,16865.69921875,5422040000
2024-06-04,16857.05078125,16891.869140625,16750.390625,16823.880859375,4917350000
2024-06-05,17187.900390625,17187.919921875,16955.560546875,16974.48046875,5325000000
2024-06-06,17173.119140625,17235.73046875,17123.58984375,17204.869140625,4960580000
2024-06-07,17133.130859375,17229.310546875,17090.0390625,17124.140625,4755650000
2024-06-10,17192.529296875,17213.44921875,17057.33984375,17083.44921875,5207110000
2024-06-11,17343.55078125,17345.05078125,17107.990234375,17160.419921875,5009220000
2024-06-12,17608.439453125,17725.390625,17490.640625,17502.150390625,5560630000
2024-06-13,17667.560546875,17741.80078125,17566.3203125,17715.26953125,4916020000
2024-06-14,17688.880859375,17693.4296875,17590.80078125,17621.1796875,4973820000
2024-06-17,17857.01953125,17935.990234375,17636.359375,17697.30078125,6061200000
2024-06-18,17862.23046875,17890.51953125,17796.880859375,17856.759765625,5796180000
2024-06-20,17721.58984375,17936.7890625,17650.689453125,17913.939453125,6289300000
2024-06-21,17689.359375,17787.33984375,17620.5703125,17681.009765625,8589160000
2024-06-24,17496.8203125,17730.119140625,17494.01953125,17640.259765625,5503210000
2024-06-25,17717.650390625,17734.33984375,17546.630859375,17572.16015625,4848280000
2024-06-26,17805.16015625,17813.55078125,17687.0703125,17697.26953125,5294310000
2024-06-27,17858.6796875,17892.779296875,17765.419921875,17793.94921875,5382060000
2024-06-28,17732.599609375,18035.0,17723.830078125,17891.099609375,8960940000
2024-07-01,17879.30078125,17894.279296875,17657.640625,17773.900390625,5189990000
2024-07-02,18028.759765625,18031.2890625,17802.240234375,17808.0390625,4526550000
2024-07-03,18188.30078125,18188.30078125,18016.119140625,18016.119140625,3713960000
2024-07-05,18352.759765625,18366.310546875,18197.140625,18200.599609375,4851000000
2024-07-08,18403.740234375,18416.939453125,18342.599609375,18371.859375,5286260000
2024-07-09,18429.2890625,18511.890625,18381.599609375,18465.01953125,4839140000
2024-07-10,18647.44921875,18655.189453125,18467.580078125,18512.08984375,5228240000
2024-07-11,18283.41015625,18671.0703125,18238.779296875,18659.25,6366620000
2024-07-12,18398.44921875,18556.73046875,18293.599609375,18303.640625,5845930000
2024-07-15,18472.5703125,18641.529296875,18397.830078125,18485.91015625,5450350000
2024-07-16,18509.33984375,18576.830078125,18386.0703125,18534.26953125,5812930000
2024-07-17,17996.919921875,18223.240234375,17972.869140625,18188.189453125,6007280000
2024-07-18,17871.220703125,18130.869140625,17759.5390625,18119.150390625,5977260000
2024-07-19,17726.939453125,17935.140625,17691.4296875,17835.58984375,4992930000
2024-07-22,18007.5703125,18040.990234375,17839.759765625,17923.650390625,5093620000
2024-07-23,17997.349609375,18128.380859375,17968.099609375,17982.740234375,4938000000
2024-07-24,17342.41015625,17747.060546875,17313.51953125,17733.91015625,6735560000
2024-07-25,17181.720703125,17544.4609375,17033.9609375,17352.640625,6114350000
2024-07-26,17357.880859375,17454.5703125,17239.990234375,17331.94921875,5281560000
2024-07-29,17370.19921875,17535.3203125,17299.830078125,17444.390625,4897230000
2024-07-30,17147.419921875,17468.560546875,17015.380859375,17424.099609375,5564310000
2024-07-31,17599.400390625,17693.98046875,17438.599609375,17499.23046875,6292560000
2024-08-01,17194.150390625,17791.580078125,17051.419921875,17647.029296875,6664550000
2024-08-02,16776.16015625,16920.630859375,16582.7890625,16780.44921875,6313870000
2024-08-05,16200.080078125,16453.4609375,15708.5400390625,15712.5302734375,6852190000
2024-08-06,16366.849609375,16620.310546875,16137.650390625,16261.3603515625,5908930000
2024-08-07,16195.8095703125,16709.810546875,16179.5302734375,16622.310546875,5913620000
2024-08-08,16660.01953125,16694.25,16262.9296875,16408.26953125,5815880000
2024-08-09,16745.30078125,16789.220703125,16574.5703125,16636.51953125,5783410000
2024-08-12,16780.609375,16895.7890625,16699.390625,16793.640625,4890850000
2024-08-13,17187.609375,17192.7890625,16943.94921875,16944.740234375,5469160000
2024-08-14,17192.599609375,17260.73046875,17032.169921875,17227.640625,4985480000
2024-08-15,17594.5,17602.720703125,17375.41015625,17394.5390625,5478170000
2024-08-16,17631.720703125,17674.650390625,17502.830078125,17516.400390625,5138150000
2024-08-19,17876.76953125,17877.439453125,17585.580078125,17649.740234375,5564300000
2024-08-20,17816.939453125,17932.529296875,17758.19921875,17849.08984375,5305260000
2024-08-21,17918.990234375,17963.0703125,17790.98046875,17840.509765625,4765150000
2024-08-22,17619.349609375,18017.689453125,17589.150390625,17993.720703125,5065360000
2024-08-23,17877.7890625,17941.26953125,17700.26953125,17772.73046875,5380810000
2024-08-26,17725.76953125,17909.08984375,17645.689453125,17867.849609375,5110940000
2024-08-27,17754.8203125,17789.720703125,17573.369140625,17655.51953125,4362380000
2024-08-28,17556.029296875,17759.939453125,17439.400390625,17738.80078125,5211920000
2024-08-29,17516.4296875,17789.2109375,17482.599609375,17610.5703125,5727780000
2024-08-30,17713.619140625,17720.380859375,17498.7890625,17650.490234375,5531150000
2024-09-03,17136.30078125,17585.44921875,17057.7890625,17585.44921875,5813970000
2024-09-04,17084.30078125,17232.650390625,16984.669921875,17015.7109375,5011820000
2024-09-05,17127.66015625,17295.580078125,17035.0703125,17063.240234375,4983030000
2024-09-06,16690.830078125,17166.5390625,16668.5703125,17137.619140625,5549030000
2024-09-09,16884.599609375,16923.279296875,16732.83984375,16835.669921875,5132150000
2024-09-10,17025.880859375,17036.0703125,16801.130859375,16949.640625,4963740000
2024-09-11,17395.529296875,17420.23046875,16787.83984375,17061.41015625,6086930000
2024-09-12,17569.6796875,17605.720703125,17338.3203125,17413.890625,4983120000
2024-09-13,17683.98046875,17719.140625,17564.609375,17575.259765625,4802880000
2024-09-16,17592.130859375,17618.400390625,17480.66015625,17573.69921875,4675530000
2024-09-17,17628.060546875,17781.740234375,17544.640625,17707.01953125,4959520000
2024-09-18,17573.30078125,17832.69921875,17556.4296875,17663.380859375,5611630000
2024-09-19,18013.98046875,18099.9296875,17909.75,17980.890625,5574650000
2024-09-20,17948.3203125,18024.33984375,17835.640625,17999.349609375,9914480000
2024-09-23,17974.26953125,18021.580078125,17936.369140625,17994.91015625,5237310000
2024-09-24,18074.51953125,18091.9609375,17863.380859375,18046.439453125,5347580000
2024-09-25,18082.2109375,18155.0390625,18040.619140625,18050.359375,4858060000
2024-09-26,18190.2890625,18327.33984375,18071.740234375,18327.33984375,5669210000
2024-09-27,18119.58984375,18238.279296875,18069.1796875,18228.779296875,5367890000
2024-09-30,18189.169921875,18198.16015625,17997.560546875,18069.830078125,5846150000
2024-10-01,17910.359375,18162.720703125,17779.76953125,18154.939453125,5879980000
2024-10-02,17925.119140625,17978.580078125,17767.7890625,17867.119140625,5489040000
2024-10-03,17918.48046875,18011.25,17826.419921875,17859.490234375,5208990000
2024-10-04,18137.849609375,18145.279296875,17952.30078125,18130.419921875,5136070000
2024-10-07,17923.900390625,18096.330078125,17900.0390625,18080.119140625,5240320000
2024-10-08,18182.919921875,18203.0390625,17989.69921875,18017.9296875,5566510000
2024-10-09,18291.619140625,18302.05078125,18133.01953125,18179.220703125,5228670000
2024-10-10,18282.05078125,18333.390625,18154.1796875,18200.619140625,5855390000
2024-10-11,18342.939453125,18375.529296875,18208.439453125,18217.73046875,5140440000
2024-10-14,18502.689453125,18547.919921875,18423.599609375,18426.66015625,4894710000
2024-10-15,18315.58984375,18564.25,18252.51953125,18515.970703125,6522700000
2024-10-16,18367.080078125,18383.109375,18214.9609375,18333.2890625,5257570000
2024-10-17,18373.609375,18541.4609375,18368.7890625,18537.2109375,5806860000
2024-10-18,18489.55078125,18524.330078125,18452.580078125,18466.009765625,5090190000
2024-10-21,18540.009765625,18543.580078125,18377.630859375,18456.48046875,6092180000
2024-10-22,18579.76953125,18620.7109375,18413.470703125,18451.859375,6407180000
2024-10-23,18276.650390625,18509.189453125,18146.609375,18502.060546875,6245610000
2024-10-24,18415.490234375,18435.369140625,18305.419921875,18384.16015625,5761280000
2024-10-25,18518.609375,18690.009765625,18487.060546875,18512.580078125,6100040000
2024-10-28,18567.189453125,18671.009765625,18563.01953125,18648.25,5641660000
2024-10-29,18712.75,18753.189453125,18509.58984375,18576.08984375,6881170000
2024-10-30,18607.9296875,18785.5,18598.240234375,18731.689453125,6514690000
2024-10-31,18095.150390625,18427.310546875,18083.94921875,18427.310546875,6411940000
2024-11-01,18239.919921875,18363.939453125,18181.529296875,18189.669921875,5896470000
2024-11-04,18179.98046875,18308.30078125,18112.830078125,18220.4296875,5762320000
2024-11-05,18439.169921875,18449.6796875,18250.7109375,18250.7109375,7060340000
2024-11-06,18983.470703125,19000.5,18730.2109375,18772.759765625,8138050000
2024-11-07,19269.4609375,19301.69921875,19084.4296875,19084.4296875,9232670000
2024-11-08,19286.779296875,19318.560546875,19224.4296875,19255.140625,7316010000
2024-11-11,19298.759765625,19366.0703125,19193.2890625,19355.33984375,8087930000
2024-11-12,19281.400390625,19343.05078125,19168.51953125,19289.810546875,7816410000
2024-11-13,19230.720703125,19358.48046875,19191.130859375,19286.4609375,9623670000
2024-11-14,19107.650390625,19275.80078125,19073.390625,19256.08984375,8680480000
2024-11-15,18680.119140625,18936.75,18598.869140625,18929.919921875,8002270000
2024-11-18,18791.810546875,18865.279296875,18672.30078125,18717.9296875,8455360000
2024-11-19,18987.470703125,18992.080078125,18689.830078125,18699.7109375,7246610000
2024-11-20,18966.140625,18974.91015625,18724.390625,18971.310546875,7121670000
2024-11-21,18972.419921875,19110.890625,18714.060546875,19072.779296875,7492540000
2024-11-22,19003.650390625,19025.76953125,18899.48046875,18966.3203125,6575820000
2024-11-25,19054.83984375,19208.6796875,18969.349609375,19140.58984375,7932980000
2024-11-26,19174.30078125,19184.400390625,19100.73046875,19109.080078125,6411770000
2024-11-27,19060.48046875,19133.109375,18937.19921875,19132.990234375,5619090000
2024-11-29,19218.169921875,19245.490234375,19066.51953125,19087.470703125,4042550000
2024-12-02,19403.94921875,19436.919921875,19255.4296875,19255.4296875,6370530000
2024-12-03,19480.91015625,19486.150390625,19340.41015625,19364.33984375,6005160000
2024-12-04,19735.119140625,19741.759765625,19575.400390625,19587.48046875,7870030000
2024-12-05,19700.259765625,19790.029296875,19688.58984375,19756.400390625,7229510000
2024-12-06,19859.76953125,19863.150390625,19734.419921875,19743.9609375,6787610000
2024-12-09,19736.689453125,19872.7890625,19698.05078125,19824.08984375,7884620000
2024-12-10,19687.240234375,19887.080078125,19641.33984375,19796.390625,6843850000
2024-12-11,20034.890625,20055.9296875,19830.640625,19832.9609375,6639720000
2024-12-12,19902.83984375,20018.240234375,19897.380859375,19947.33984375,7047550000
2024-12-13,19926.720703125,20061.650390625,19817.470703125,19995.1796875,6028250000
2024-12-16,20173.890625,20204.580078125,19988.119140625,20016.119140625,8855040000
2024-12-17,20109.060546875,20148.830078125,20004.73046875,20095.619140625,9534350000
2024-12-18,19392.689453125,20179.76953125,19336.58984375,20114.98046875,9996120000
2024-12-19,19372.76953125,19623.01953125,19357.759765625,19565.66015625,8029590000
2024-12-20,19572.599609375,19758.609375,19168.380859375,19190.0390625,10962450000
2024-12-23,19764.880859375,19772.099609375,19504.6796875,19641.05078125,6820720000
2024-12-24,20031.130859375,20031.130859375,19813.759765625,19818.48046875,4739190000
2024-12-26,20020.359375,20070.080078125,19888.109375,19979.25,6467910000
2024-12-27,19722.029296875,19904.76953125,19553.400390625,19896.76953125,7765120000
2024-12-30,19486.7890625,19622.9296875,19342.509765625,19460.41015625,8384090000
2024-12-31,19310.7890625,19563.720703125,19283.41015625,19551.359375,8873030000
2025-01-02,19280.7890625,19517.869140625,19117.58984375,19403.900390625,8737550000
2025-01-03,19621.6796875,19638.66015625,19379.5703125,19395.509765625,8214050000
2025-01-06,19864.98046875,20007.94921875,19785.0,19851.990234375,9586840000
2025-01-07,19489.6796875,19940.2109375,19421.01953125,19938.080078125,13371130000
2025-01-08,19478.880859375,19544.509765625,19308.5390625,19469.369140625,8851720000
2025-01-10,19161.630859375,19315.109375,19018.75,19312.259765625,8608880000
2025-01-13,19088.099609375,19099.970703125,18831.91015625,18903.66015625,7830760000
2025-01-14,19044.390625,19273.140625,18926.599609375,19207.75,7168110000
2025-01-15,19511.23046875,19548.900390625,19299.3203125,19350.310546875,7260250000
2025-01-16,19338.2890625,19579.849609375,19335.6796875,19573.869140625,7085990000
2025-01-17,19630.19921875,19709.640625,19543.3203125,19655.55078125,7996360000
2025-01-21,19756.779296875,19789.630859375,19551.169921875,19734.390625,8015780000
2025-01-22,20009.33984375,20068.51953125,19903.05078125,19903.05078125,7219060000
2025-01-23,20053.6796875,20053.6796875,19892.55078125,19906.990234375,6837700000
2025-01-24,19954.30078125,20118.609375,19897.130859375,20087.109375,7708150000
2025-01-27,19341.830078125,19514.349609375,19204.94921875,19234.0390625,8870200000
2025-01-28,19733.58984375,19759.4296875,19294.619140625,19418.220703125,7121740000
2025-01-29,19632.3203125,19699.8203125,19479.509765625,19695.6796875,6497710000
2025-01-30,19681.75,19785.7890625,19483.830078125,19697.529296875,6679500000
2025-01-31,19627.439453125,19969.169921875,19575.2109375,19832.330078125,7947370000
2025-02-03,19391.9609375,19502.130859375,19141.150390625,19215.380859375,8272460000
2025-02-04,19654.01953125,19666.439453125,19408.1796875,19422.169921875,6477050000
2025-02-05,19692.330078125,19696.939453125,19498.900390625,19533.05078125,6712220000
2025-02-06,19791.990234375,19793.359375,19654.109375,19725.830078125,6642100000
2025-02-07,19523.400390625,19862.5390625,19489.359375,19774.869140625,7748940000
2025-02-10,19714.26953125,19772.0390625,19650.7890625,19668.1796875,9535440000
2025-02-11,19643.859375,19731.9296875,19579.76953125,19602.109375,9269380000
2025-02-12,19649.94921875,19682.509765625,19415.48046875,19436.509765625,7946550000
2025-02-13,19945.640625,19952.169921875,19675.869140625,19696.919921875,8414510000
2025-02-14,20026.76953125,20045.759765625,19932.150390625,19956.8203125,7995720000
2025-02-18,20041.259765625,20110.119140625,19909.740234375,20090.55078125,8683170000
2025-02-19,20056.25,20099.390625,19928.890625,19994.5,8171530000
2025-02-20,19962.359375,20041.150390625,19795.01953125,20029.189453125,7329270000
2025-02-21,19524.009765625,20016.66015625,19510.91015625,20006.689453125,8461020000
2025-02-24,19286.9296875,19644.23046875,19275.4609375,19590.849609375,7414760000
2025-02-25,19026.390625,19256.349609375,18871.51953125,19242.609375,7991440000
2025-02-26,19075.259765625,19286.01953125,18966.4609375,19109.3203125,7034450000
2025-02-27,18544.419921875,19242.689453125,18535.220703125,19212.359375,7700290000
2025-02-28,18847.279296875,18861.330078125,18372.990234375,18477.169921875,8247520000
2025-03-03,18350.189453125,18992.30078125,18216.630859375,18923.359375,8170140000
2025-03-04,18285.16015625,18589.490234375,17956.599609375,18176.4296875,8469180000
2025-03-05,18552.73046875,18604.470703125,18144.73046875,18312.970703125,7048430000
2025-03-06,18069.259765625,18439.240234375,17980.390625,18204.529296875,7686200000
2025-03-07,18196.220703125,18243.580078125,17768.58984375,18029.849609375,8135420000
2025-03-10,17468.3203125,17868.080078125,17291.8203125,17840.3203125,8636040000
2025-03-11,17436.099609375,17687.400390625,17238.240234375,17443.08984375,9177320000
2025-03-12,17648.44921875,17800.099609375,17436.26953125,17711.41015625,7746430000
2025-03-13,17303.009765625,17621.91015625,17239.439453125,17598.560546875,7147050000
2025-03-14,17754.08984375,17773.48046875,17491.080078125,17523.30078125,7093850000
2025-03-17,17808.66015625,17925.939453125,17645.869140625,17722.5390625,6306340000
2025-03-18,17504.119140625,17682.919921875,17431.669921875,17662.5703125,6450530000
2025-03-19,17750.7890625,17917.5390625,17533.939453125,17590.119140625,6302310000
2025-03-20,17691.630859375,17903.19921875,17576.8203125,17586.060546875,6098330000
2025-03-21,17784.05078125,17798.060546875,17474.810546875,17519.83984375,8837930000
2025-03-24,18188.58984375,18210.05078125,18030.6796875,18046.189453125,6787790000
2025-03-25,18271.859375,18281.130859375,18170.419921875,18207.970703125,6475790000
2025-03-26,17899.01953125,18236.55078125,17837.259765625,18217.330078125,9091510000
2025-03-27,17804.029296875,17988.01953125,17743.80078125,17811.240234375,8002470000
2025-03-28,17322.990234375,17763.279296875,17283.060546875,17722.08984375,7015410000
2025-03-31,17299.2890625,17334.98046875,16854.369140625,17045.439453125,8122180000
2025-04-01,17449.890625,17506.58984375,17149.359375,17221.55078125,7756540000
2025-04-02,17601.05078125,17716.51953125,17181.26953125,17207.009765625,9126630000
2025-04-03,16550.609375,16889.33984375,16533.0390625,16790.529296875,9461330000
2025-04-04,15587.7900390625,16128.16015625,15575.6796875,16045.599609375,11038180000
2025-04-07,15603.259765625,16292.2802734375,14784.0302734375,14978.0302734375,12483580000
2025-04-08,15267.91015625,16316.509765625,15053.3896484375,16181.0400390625,10496650000
2025-04-09,17124.970703125,17202.939453125,15270.2802734375,15295.4404296875,13479740000
2025-04-10,16387.310546875,16712.369140625,15894.26953125,16635.44921875,11861670000
2025-04-11,16724.4609375,16753.41015625,16228.0400390625,16358.5302734375,9444890000
2025-04-14,16831.48046875,17136.560546875,16661.259765625,17120.439453125,9667260000
2025-04-15,16823.169921875,16979.9609375,16753.220703125,16842.390625,7483050000
2025-04-16,16307.16015625,16600.369140625,16066.4599609375,16499.689453125,7909190000
2025-04-17,16286.4501953125,16408.509765625,16181.169921875,16399.970703125,7046290000
2025-04-21,15870.900390625,16066.7900390625,15685.330078125,16052.759765625,6678730000
2025-04-22,16300.419921875,16410.560546875,16038.73046875,16079.9404296875,6981900000
2025-04-23,16708.05078125,17029.859375,16642.66015625,16880.2890625,8564870000
2025-04-24,17166.0390625,17174.349609375,16744.970703125,16754.759765625,7607400000
2025-04-25,17382.939453125,17404.490234375,17110.720703125,17182.109375,7412930000
2025-04-28,17366.130859375,17467.349609375,17128.7109375,17390.9296875,10313290000
2025-04-29,17461.3203125,17500.419921875,17256.19921875,17270.759765625,13001930000
2025-04-30,17446.33984375,17483.8203125,16959.529296875,17099.98046875,8595330000
2025-05-01,17710.740234375,17922.830078125,17688.109375,17793.140625,8409690000
2025-05-02,17977.73046875,18048.830078125,17812.0390625,17868.759765625,8180190000
2025-05-05,17844.240234375,17965.640625,17792.080078125,17817.009765625,7075320000
2025-05-06,17689.66015625,17830.349609375,17592.880859375,17623.2109375,6958220000
2025-05-07,17738.16015625,17820.2890625,17503.009765625,17706.830078125,7977870000
2025-05-08,17928.140625,18096.0,17776.0,17920.150390625,8500390000
2025-05-09,17928.919921875,18068.900390625,17853.83984375,18022.55078125,8835140000
2025-05-12,18708.33984375,18710.220703125,18472.7109375,18674.560546875,10717670000
2025-05-13,19010.08984375,19065.9609375,18745.5,18761.23046875,9242230000
2025-05-14,19146.810546875,19174.55078125,19023.609375,19074.720703125,11744820000
2025-05-15,19112.3203125,19207.220703125,18967.779296875,19031.240234375,10546350000
2025-05-16,19211.099609375,19213.419921875,19038.48046875,19151.5390625,10509820000
2025-05-19,19215.4609375,19227.220703125,18937.419921875,18937.419921875,13080030000
2025-05-20,19142.7109375,19186.689453125,19015.630859375,19132.060546875,9047100000
2025-05-21,18872.640625,19241.41015625,18799.19921875,19002.939453125,11112460000
2025-05-22,18925.740234375,19061.109375,18840.33984375,18888.05078125,8289710000
2025-05-23,18737.2109375,18841.51953125,18599.689453125,18622.380859375,8730370000
2025-05-27,19199.16015625,19210.94921875,18961.689453125,19014.439453125,8927760000
2025-05-28,19100.939453125,19276.830078125,19084.380859375,19232.619140625,8087530000
2025-05-29,19175.869140625,19389.390625,19091.5390625,19389.390625,11016850000
2025-05-30,19113.76953125,19157.779296875,18847.740234375,19131.220703125,9042260000
2025-06-02,19242.609375,19252.7109375,18985.30078125,19063.060546875,7779940000
2025-06-03,19398.9609375,19459.279296875,19224.69921875,19288.66015625,7990230000
2025-06-04,19460.490234375,19493.44921875,19359.08984375,19434.939453125,7695660000
2025-06-05,19298.44921875,19610.509765625,19226.220703125,19518.19921875,8782360000
2025-06-06,19529.94921875,19593.1796875,19464.83984375,19526.990234375,7291590000
2025-06-09,19591.240234375,19637.560546875,19531.099609375,19573.140625,9538700000
2025-06-10,19714.990234375,19730.380859375,19539.08984375,19620.109375,11221560000
2025-06-11,19615.880859375,19800.4609375,19551.349609375,19779.359375,10214190000
2025-06-12,19662.490234375,19690.609375,19553.560546875,19578.869140625,16308730000
2025-06-13,19406.830078125,19591.869140625,19367.419921875,19450.9296875,9001850000
2025-06-16,19701.2109375,19733.310546875,19550.75,19550.75,9619130000
2025-06-17,19521.08984375,19666.560546875,19485.439453125,19627.080078125,8519930000
2025-06-18,19546.26953125,19660.76953125,19489.560546875,19526.919921875,7818790000
2025-06-20,19447.41015625,19696.109375,19380.580078125,19639.41015625,9969140000
2025-06-23,19630.970703125,19643.69921875,19334.98046875,19427.009765625,9088000000
2025-06-24,19912.529296875,19946.720703125,19795.2890625,19809.619140625,8330090000
2025-06-25,19973.55078125,20052.779296875,19918.080078125,20013.94921875,8256120000
2025-06-26,20167.91015625,20187.150390625,19982.48046875,20062.189453125,8383380000
2025-06-27,20273.4609375,20311.509765625,20095.05078125,20217.259765625,10951070000
2025-06-30,20369.73046875,20418.310546875,20266.359375,20360.150390625,8220420000
2025-07-01,20202.890625,20339.05078125,20105.41015625,20290.609375,8631710000
2025-07-02,20393.130859375,20397.220703125,20181.740234375,20184.369140625,8378750000
2025-07-03,20601.099609375,20624.509765625,20480.220703125,20497.66015625,6177910000
2025-07-07,20412.51953125,20511.8203125,20323.01953125,20490.55078125,8345710000
2025-07-08,20418.4609375,20480.890625,20377.359375,20466.9296875,8437480000
2025-07-09,20611.33984375,20645.41015625,20486.380859375,20522.08984375,9978310000
2025-07-10,20630.66015625,20655.390625,20495.140625,20636.48046875,9781380000
2025-07-11,20585.529296875,20647.970703125,20509.75,20562.880859375,8135800000
2025-07-14,20640.330078125,20672.33984375,20492.630859375,20592.560546875,8010060000
2025-07-15,20677.80078125,20836.0390625,20670.580078125,20822.759765625,8399060000
2025-07-16,20730.490234375,20751.05078125,20507.060546875,20717.810546875,9056640000
2025-07-17,20885.650390625,20911.830078125,20735.55078125,20760.3203125,9994550000
2025-07-18,20895.650390625,20980.560546875,20846.119140625,20959.5703125,9354580000
2025-07-21,20974.1796875,21077.369140625,20957.439453125,20960.330078125,12046970000
2025-07-22,20892.689453125,20985.33984375,20750.900390625,20982.2109375,10583710000
2025-07-23,21020.01953125,21023.849609375,20870.669921875,20966.470703125,10972770000
2025-07-24,21057.9609375,21113.099609375,21001.6796875,21083.8203125,12741070000
2025-07-25,21108.3203125,21159.80078125,21036.849609375,21059.939453125,11028310000
2025-07-28,21178.580078125,21202.1796875,21122.119140625,21176.400390625,10612580000
2025-07-29,21098.2890625,21303.9609375,21081.689453125,21286.720703125,10040610000
2025-07-30,21129.669921875,21230.880859375,21016.919921875,21140.400390625,9311770000
2025-07-31,21122.44921875,21457.48046875,21078.669921875,21457.48046875,9917220000
2025-08-01,20650.130859375,20865.630859375,20560.169921875,20830.640625,9667420000
2025-08-04,21053.580078125,21055.240234375,20833.859375,20853.91015625,7355970000
2025-08-05,20916.55078125,21138.720703125,20893.2890625,21092.099609375,7982940000
2025-08-06,21169.419921875,21183.880859375,20937.490234375,20955.220703125,8580020000
2025-08-07,21242.69921875,21408.150390625,21090.05078125,21325.009765625,8979190000
2025-08-08,21450.01953125,21464.529296875,21284.970703125,21316.369140625,8669200000
2025-08-11,21385.400390625,21549.73046875,21346.619140625,21459.650390625,9099730000
2025-08-12,21681.900390625,21689.6796875,21386.25,21507.439453125,8382820000
2025-08-13,21713.140625,21803.75,21645.140625,21764.55078125,8763080000
2025-08-14,21710.669921875,21766.2890625,21627.130859375,21649.2109375,9110860000
2025-08-15,21622.98046875,21716.1796875,21567.4609375,21709.33984375,8158830000
2025-08-18,21629.76953125,21651.5,21559.330078125,21616.8203125,8260970000
2025-08-19,21314.94921875,21610.240234375,21277.7109375,21607.44921875,8461660000
2025-08-20,21172.859375,21269.669921875,20905.990234375,21269.669921875,7810310000
2025-08-21,21100.310546875,21198.759765625,21013.529296875,21112.51953125,6530580000
2025-08-22,21496.5390625,21545.4296875,21092.359375,21139.830078125,9401300000
2025-08-25,21449.2890625,21572.1796875,21400.08984375,21466.470703125,8443200000
2025-08-26,21544.26953125,21550.9296875,21389.099609375,21443.630859375,9087930000
2025-08-27,21590.140625,21616.169921875,21476.30078125,21526.330078125,8040510000
2025-08-28,21705.16015625,21742.4609375,21534.939453125,21619.26953125,7807080000
2025-08-29,21455.55078125,21631.150390625,21397.98046875,21630.330078125,7715430000
2025-09-02,21279.630859375,21293.689453125,21033.05078125,21086.5703125,8183410000
2025-09-03,21497.73046875,21553.98046875,21370.98046875,21461.630859375,7488290000
2025-09-04,21707.689453125,21711.9609375,21469.400390625,21539.91015625,7282150000
2025-09-05,21700.390625,21878.810546875,21534.720703125,21860.439453125,8413730000
2025-09-08,21798.69921875,21885.619140625,21776.240234375,21806.220703125,8435850000
2025-09-09,21879.490234375,21891.419921875,21731.48046875,21858.169921875,7877410000
2025-09-10,21886.060546875,22000.970703125,21810.83984375,21980.599609375,9090550000
2025-09-11,22043.0703125,22059.7109375,21908.810546875,21977.51953125,10025020000
2025-09-12,22141.099609375,22182.33984375,22031.619140625,22078.630859375,9023140000
2025-09-15,22348.75,22352.25,22233.0,22243.19921875,8904030000
2025-09-16,22333.9609375,22397.5,22308.779296875,22397.5,8592240000
2025-09-17,22261.330078125,22339.5390625,22058.919921875,22333.01953125,9325980000
2025-09-18,22470.720703125,22540.9296875,22358.48046875,22439.109375,10478450000
2025-09-19,22631.48046875,22645.109375,22497.7109375,22554.310546875,14632360000
2025-09-22,22788.98046875,22801.900390625,22590.859375,22606.58984375,9736270000
2025-09-23,22573.470703125,22785.130859375,22539.0390625,22782.720703125,9822620000
2025-09-24,22497.859375,22657.44921875,22397.0,22656.01953125,9184030000
2025-09-25,22384.69921875,22456.779296875,22185.869140625,22318.76953125,9960330000
2025-09-26,22484.0703125,22488.1796875,22285.439453125,22403.26953125,8488400000
2025-09-29,22591.150390625,22704.900390625,22536.05078125,22605.30078125,9046720000
2025-09-30,22660.009765625,22671.390625,22493.9609375,22580.359375,8928070000
2025-10-01,22755.16015625,22782.580078125,22516.740234375,22530.94921875,10043980000
2025-10-02,22844.05078125,22900.599609375,22729.75,22885.900390625,9633200000
2025-10-03,22780.509765625,22925.4296875,22695.8203125,22886.16015625,10515730000
2025-10-06,22941.669921875,22991.720703125,22827.560546875,22894.349609375,10468830000
2025-10-07,22788.359375,23006.0703125,22718.759765625,22972.369140625,10375920000
2025-10-08,23043.380859375,23045.140625,22845.419921875,22852.3203125,10925520000
2025-10-09,23024.630859375,23062.619140625,22899.16015625,23045.330078125,10713200000
2025-10-10,22204.4296875,23119.91015625,22193.0703125,23043.51953125,11635030000
2025-10-13,22694.609375,22718.75,22499.490234375,22578.669921875,9018770000
2025-10-14,22521.69921875,22691.0703125,22213.73046875,22388.0390625,9776720000
2025-10-15,22670.080078125,22841.689453125,22427.7890625,22738.5,11374850000
2025-10-16,22562.5390625,22886.869140625,22404.689453125,22764.400390625,11343620000
2025-10-17,22679.970703125,22736.009765625,22396.650390625,22489.810546875,9552150000
2025-10-20,22990.5390625,23031.869140625,22841.0,22844.8203125,9440620000
2025-10-21,22953.669921875,23010.349609375,22894.419921875,22984.55078125,10845130000
2025-10-22,22740.400390625,22978.400390625,22514.080078125,22940.7890625,14361150000
2025-10-23,22941.80078125,22983.4609375,22732.1796875,22751.330078125,10363600000
2025-10-24,23204.869140625,23261.259765625,23127.9609375,23143.23046875,10308620000
2025-10-27,23637.4609375,23658.66015625,23493.9609375,23537.3203125,10757830000
2025-10-28,23827.490234375,23901.359375,23675.189453125,23766.4609375,10640830000
2025-10-29,23958.470703125,24019.990234375,23763.990234375,23987.2890625,10089540000
2025-10-30,23581.140625,23846.130859375,23578.470703125,23793.080078125,10564160000
2025-10-31,23724.9609375,23946.23046875,23628.8203125,23941.779296875,10909250000
2025-11-03,23834.720703125,23976.83984375,23764.869140625,23951.91015625,10360170000
2025-11-04,23348.640625,23644.150390625,23333.3203125,23458.2109375,10227700000
2025-11-05,23499.80078125,23636.529296875,23286.869140625,23358.0703125,10026890000
2025-11-06,23053.990234375,23469.55078125,23011.060546875,23461.2890625,11085130000
2025-11-07,23004.5390625,23009.91015625,22563.419921875,22892.919921875,10141910000
2025-11-10,23527.169921875,23569.619140625,23290.05078125,23354.849609375,9297320000
2025-11-11,23468.30078125,23508.439453125,23315.279296875,23407.720703125,7756810000
2025-11-12,23406.4609375,23564.08984375,23278.30078125,23563.83984375,8449920000
2025-11-13,22870.359375,23264.26953125,22796.0703125,23262.640625,11351410000
2025-11-14,22900.58984375,23073.1796875,22436.7890625,22544.720703125,10841540000
2025-11-17,22708.0703125,23044.55078125,22559.509765625,22788.3203125,9744800000
2025-11-18,22432.849609375,22643.009765625,22231.150390625,22565.900390625,8606260000
2025-11-19,22564.23046875,22821.240234375,22385.220703125,22459.26953125,8434200000
2025-11-20,22078.05078125,23147.330078125,22043.19921875,23057.0,10548620000
2025-11-21,22273.080078125,22531.83984375,21898.2890625,22162.830078125,9931240000
2025-11-24,22872.009765625,22916.400390625,22478.26953125,22482.16015625,9232160000
2025-11-25,23025.58984375,23070.08984375,22587.109375,22802.849609375,8498500000
2025-11-26,23214.689453125,23280.580078125,23074.390625,23163.189453125,7291400000
2025-11-28,23365.689453125,23365.7890625,23250.509765625,23291.58984375,4541070000
2025-12-01,23275.919921875,23363.849609375,23110.2109375,23172.33984375,7859560000
2025-12-02,23413.669921875,23526.23046875,23286.4609375,23379.75,7588580000
2025-12-03,23454.08984375,23499.9296875,23271.830078125,23315.580078125,7962730000
2025-12-04,23505.140625,23528.529296875,23372.330078125,23527.30078125,7456860000
2025-12-05,23578.130859375,23680.029296875,23506.0,23567.76953125,8248280000
2025-12-08,23545.900390625,23698.9296875,23455.05078125,23638.220703125,8533670000
2025-12-09,23576.490234375,23616.4609375,23449.73046875,23504.609375,7192600000
2025-12-10,23654.150390625,23704.080078125,23435.169921875,23536.0,7987900000
2025-12-11,23593.859375,23606.69921875,23308.94921875,23509.220703125,8337770000
2025-12-12,23195.169921875,23554.890625,23094.509765625,23488.869140625,8724070000
2025-12-15,23057.41015625,23345.560546875,23012.0,23330.0390625,8649240000
2025-12-16,23111.4609375,23162.599609375,22920.66015625,22981.8203125,7759960000
2025-12-17,22693.3203125,23159.19921875,22692.0,23135.609375,8616140000
2025-12-18,23006.359375,23149.609375,22906.23046875,23012.060546875,7977920000
2025-12-19,23307.619140625,23307.91015625,23106.189453125,23121.900390625,12874560000
2025-12-22,23428.830078125,23476.5,23362.9296875,23450.529296875,7244910000
2025-12-23,23561.83984375,23563.4609375,23377.490234375,23407.69921875,7518190000
2025-12-24,23613.310546875,23621.720703125,23527.970703125,23555.94921875,3885190000
2025-12-26,23593.099609375,23665.150390625,23567.859375,23645.91015625,5170300000
2025-12-29,23474.349609375,23531.01953125,23397.51953125,23414.6796875,6527530000
2025-12-30,23419.080078125,23521.05078125,23414.830078125,23465.669921875,6769300000
2025-12-31,23241.990234375,23445.259765625,23237.779296875,23420.849609375,5895130000
2026-01-02,23235.630859375,23585.9609375,23119.490234375,23481.490234375,7331460000
2026-01-05,23395.8203125,23476.509765625,23332.23046875,23449.669921875,8737320000
2026-01-06,23547.169921875,23559.150390625,23389.5703125,23446.9609375,9012640000
2026-01-07,23584.279296875,23723.369140625,23504.2109375,23544.890625,8396920000
2026-01-08,23480.01953125,23558.169921875,23353.4609375,23548.880859375,7723140000
2026-01-09,23671.349609375,23721.150390625,23426.48046875,23496.2109375,8124420000
2026-01-12,23733.900390625,23804.0390625,23562.970703125,23576.880859375,8707170000
2026-01-13,23709.869140625,23813.30078125,23607.58984375,23735.119140625,9416400000
2026-01-14,23471.75,23590.19921875,23306.66015625,23563.919921875,12165220000
2026-01-15,23530.01953125,23721.109375,23502.1796875,23693.970703125,9740630000
2026-01-16,23515.390625,23664.259765625,23446.810546875,23639.689453125,9514500000
2026-01-20,22954.3203125,23236.05078125,22916.830078125,23142.689453125,9469480000
2026-01-21,23224.8203125,23383.240234375,22927.880859375,23017.6796875,9162740000
2026-01-22,23436.01953125,23503.16015625,23335.150390625,23440.7109375,9034850000
2026-01-23,23501.240234375,23610.740234375,23374.259765625,23440.919921875,8228760000
2026-01-26,23601.359375,23688.939453125,23486.080078125,23529.279296875,7505250000
2026-01-27,23817.099609375,23865.259765625,23694.380859375,23734.75,8026050000
2026-01-28,23857.44921875,23988.26953125,23775.490234375,23965.109375,8151580000
2026-01-29,23685.119140625,23840.55078125,23232.779296875,23830.919921875,8782210000
2026-01-30,23461.8203125,23662.25,23351.55078125,23578.9609375,9255930000
2026-02-02,23592.109375,23686.830078125,23356.400390625,23370.5390625,8882530000
2026-02-03,23255.189453125,23691.599609375,23027.2109375,23667.439453125,10306320000
2026-02-04,22904.580078125,23270.0703125,22684.509765625,23217.01953125,10862000000
2026-02-05,22540.58984375,22841.279296875,22461.140625,22604.01953125,10109230000
2026-02-06,23031.2109375,23088.4609375,22586.400390625,22625.30078125,9054400000
2026-02-09,23238.669921875,23314.669921875,22878.369140625,22952.240234375,8174050000
2026-02-10,23102.470703125,23310.73046875,23089.099609375,23271.220703125,8513440000
2026-02-11,23066.470703125,23320.619140625,22902.009765625,23278.2890625,9927010000
2026-02-12,22597.150390625,23161.599609375,22548.01953125,23142.869140625,8855290000
2026-02-13,22546.669921875,22742.060546875,22402.380859375,22561.4609375,7964830000
2026-02-17,22578.380859375,22690.830078125,22256.759765625,22394.759765625,7654300000
2026-02-18,22753.630859375,22895.9609375,22597.76953125,22629.849609375,7705590000
2026-02-19,22682.73046875,22768.830078125,22583.609375,22639.880859375,6984780000
2026-02-20,22886.0703125,22948.869140625,22539.05078125,22542.279296875,8063070000
2026-02-23,22627.26953125,22893.220703125,22547.119140625,22840.970703125,8263920000
2026-02-24,22863.6796875,22895.48046875,22528.259765625,22641.599609375,7932270000
2026-02-25,23152.080078125,23169.6796875,23004.689453125,23005.009765625,8427450000
2026-02-26,22878.380859375,23109.4609375,22670.80078125,23100.580078125,9033470000
2026-02-27,22668.2109375,22735.779296875,22538.30078125,22615.4296875,9552610000
2026-03-02,22748.859375,22802.80078125,22306.080078125,22322.119140625,8303030000
2026-03-03,22516.689453125,22601.58984375,22124.779296875,22292.369140625,9705500000
2026-03-04,22807.48046875,22891.880859375,22570.669921875,22620.890625,10918410000
2026-03-05,22748.990234375,22877.01953125,22500.2890625,22707.470703125,10994660000
2026-03-06,22387.6796875,22614.41015625,22328.130859375,22421.169921875,9300220000
2026-03-09,22695.94921875,22741.029296875,22061.970703125,22184.05078125,9797740000
2026-03-10,22697.099609375,22906.720703125,22608.23046875,22722.939453125,8800580000
2026-03-11,22716.130859375,22877.7109375,22602.330078125,22771.26953125,8348570000
2026-03-12,22311.98046875,22550.75,22290.48046875,22526.58984375,8490850000
2026-03-13,22105.359375,22521.380859375,22069.240234375,22425.69921875,8278740000
2026-03-16,22374.1796875,22521.58984375,22316.630859375,22340.390625,8208800000
2026-03-17,22479.529296875,22569.640625,22409.0703125,22458.029296875,8505210000
2026-03-18,22152.419921875,22461.759765625,22144.759765625,22421.9609375,9325170000
2026-03-19,22090.689453125,22187.060546875,21851.05078125,21871.0390625,8547870000
2026-03-20,21647.609375,21997.08984375,21522.75,21989.330078125,11743490000
2026-03-23,21946.759765625,22189.33984375,21865.80078125,21995.779296875,8895880000
2026-03-24,21761.890625,21916.16015625,21712.0390625,21807.599609375,8488380000
2026-03-25,21929.8203125,22093.1796875,21865.4609375,22006.4296875,8056920000
2026-03-26,21408.080078125,21823.580078125,21395.76953125,21693.1796875,7726590000
2026-03-27,20948.359375,21293.5,20909.9296875,21287.189453125,8713310000
2026-03-30,20794.640625,21139.720703125,20690.25,21096.240234375,9234380000
2026-03-31,21590.630859375,21642.619140625,21063.380859375,21064.330078125,10645070000
2026-04-01,21840.94921875,21983.0703125,21723.720703125,21742.7890625,8801740000
2026-04-02,21879.1796875,21906.48046875,21371.3203125,21472.51953125,8134780000
2026-04-06,21996.33984375,22052.41015625,21864.5,21939.80078125,7907270000
2026-04-07,22017.849609375,22024.900390625,21611.0,21927.08984375,10796020000
2026-04-08,22634.990234375,22821.2109375,22501.279296875,22821.2109375,10411670000
2026-04-09,22822.419921875,22836.75,22529.2109375,22646.349609375,8662470000
2026-04-10,22902.890625,23011.76953125,22845.05078125,22913.91015625,8700640000
2026-04-13,23183.740234375,23187.9609375,22795.8203125,22849.23046875,7925320000
2026-04-14,23639.080078125,23639.080078125,23331.5,23331.5,9105660000
2026-04-15,24016.01953125,24026.560546875,23672.259765625,23688.119140625,10206480000
2026-04-16,24102.69921875,24156.1796875,23894.91015625,24062.44921875,9963610000
2026-04-17,24468.48046875,24519.509765625,24286.470703125,24338.009765625,10159120000
2026-04-20,24404.390625,24435.919921875,24221.529296875,24417.529296875,8379940000
2026-04-21,24259.9609375,24537.580078125,24198.990234375,24465.33984375,9309940000
2026-04-22,24657.5703125,24660.109375,24421.400390625,24462.310546875,8080930000
2026-04-23,24438.5,24664.869140625,24209.740234375,24553.75,7956600000
2026-04-24,24836.599609375,24854.0390625,24524.369140625,24616.560546875,10203070000
2026-04-27,24887.099609375,24899.369140625,24694.8203125,24799.640625,8126500000
2026-04-28,24663.80078125,24724.69921875,24524.23046875,24609.5703125,7441950000
2026-04-29,24673.240234375,24724.109375,24532.69921875,24606.529296875,8147470000
2026-04-30,24892.310546875,24935.599609375,24491.830078125,24859.939453125,8139190000
2026-05-01,25114.439453125,25223.119140625,24967.08984375,24977.7890625,7534290000
2026-05-04,25067.80078125,25210.470703125,24913.119140625,25112.1796875,7849180000
2026-05-05,25326.130859375,25361.05078125,25217.16015625,25258.880859375,8090030000
2026-05-06,25838.939453125,25850.189453125,25464.439453125,25495.169921875,8864150000
2026-05-07,25806.19921875,26036.380859375,25713.650390625,25881.30078125,9118880000
2026-05-08,26247.080078125,26248.619140625,25944.779296875,25958.119140625,9577150000
2026-05-11,26274.130859375,26359.310546875,26129.830078125,26135.630859375,11989910000
2026-05-12,26088.19921875,26190.48046875,25739.220703125,26087.009765625,9631840000
2026-05-13,26402.33984375,26474.1796875,25990.16015625,26147.650390625,9734720000
2026-05-14,26635.220703125,26707.140625,26423.2109375,26425.470703125,9860060000
2026-05-15,26225.140625,26460.759765625,26097.5390625,26288.919921875,9584430000
2026-05-18,26090.73046875,26310.83984375,25867.30078125,26289.490234375,10327940000
2026-05-19,25870.7109375,26050.2890625,25701.439453125,25923.490234375,9895620000
2026-05-20,26270.359375,26273.759765625,25928.330078125,25991.509765625,9268370000
2026-05-21,26293.099609375,26403.5703125,26039.369140625,26143.619140625,8627780000
2026-05-22,26343.970703125,26504.55078125,26309.80078125,26381.560546875,9265090000
2026-05-26,26656.1796875,26725.2890625,26520.30078125,26590.5,9718120000
2026-05-27,26674.73046875,26715.310546875,26538.310546875,26695.439453125,9240640000
2026-05-28,26917.470703125,26934.83984375,26588.51953125,26686.529296875,9224620000
2026-05-29,26972.619140625,27094.80078125,26859.26953125,26960.83984375,11906000000
2026-06-01,27086.810546875,27190.2109375,26913.119140625,26952.580078125,10199240000
2026-06-02,27093.900390625,27171.2890625,26932.76953125,27030.0703125,9675650000
2026-06-03,26853.98046875,27130.880859375,26769.150390625,27092.849609375,9267670000
2026-06-04,26830.9609375,26923.69921875,26554.240234375,26579.30078125,8999970000
2026-06-05,25709.4296875,26572.25,25648.470703125,26536.58984375,11550140000
2026-06-08,25929.66015625,26179.650390625,25872.6796875,26065.0703125,10077650000
2026-06-09,25678.8203125,26259.919921875,24980.380859375,26110.310546875,12106940000
2026-06-10,25169.5,25726.0,25145.30078125,25512.0703125,9519620000
2026-06-11,25809.66015625,25846.560546875,25109.390625,25309.779296875,10101910000
2026-06-12,25888.83984375,26010.310546875,25599.939453125,25783.359375,10337400000
2026-06-15,26683.939453125,26687.560546875,26438.76953125,26447.23046875,10590270000
2026-06-16,26376.33984375,26788.619140625,26369.390625,26649.970703125,11132830000
2026-06-17,26021.66015625,26511.55078125,25960.41015625,26493.8203125,11443600000
2026-06-18,26517.9296875,26559.740234375,26188.689453125,26410.619140625,18286150000
2026-06-22,26166.599609375,26561.119140625,26125.48046875,26483.310546875,12844290000
2026-06-23,25587.0390625,25882.5703125,25513.259765625,25549.759765625,14631520000
2026-06-24,25476.640625,25840.560546875,25354.66015625,25578.619140625,14936190000
2026-06-25,25358.599609375,25724.779296875,25123.4296875,25724.779296875,9870860000
2026-06-26,25297.619140625,25491.380859375,25014.9609375,25105.41015625,16594580000
2026-06-29,25820.140625,25834.349609375,25289.759765625,25502.08984375,9776230000
2026-06-30,26213.720703125,26253.0390625,25808.060546875,25824.470703125,9809990000
2026-07-01,26040.029296875,26238.060546875,25954.4609375,26039.509765625,9094410000
2026-07-02,25832.669921875,26261.08984375,25630.509765625,26047.380859375,9529580000
2026-07-06,26121.16015625,26209.759765625,25963.439453125,25999.609375,7827050000
2026-07-07,25818.689453125,26010.01953125,25684.150390625,25960.130859375,8244680000
2026-07-08,25870.650390625,25896.0703125,25526.4609375,25704.66015625,7935740000
2026-07-09,26206.890625,26215.8203125,25825.849609375,25918.310546875,7312220000
2026-07-10,26281.609375,26301.5390625,26009.490234375,26175.5390625,7094480000
2026-07-13,25873.1796875,26139.369140625,25822.099609375,26088.310546875,7231310000
2026-07-14,26107.009765625,26168.80078125,25912.400390625,26015.490234375,7397960000
2026-07-15,26269.23046875,26316.810546875,26041.130859375,26261.1796875,7379560000
2026-07-16,25881.94921875,26165.369140625,25765.44921875,26155.400390625,8294880000
2026-07-17,25520.240234375,25703.009765625,25250.630859375,25412.259765625,7820470000
2026-07-20,25508.0703125,25815.599609375,25501.099609375,25720.869140625,7184070000
2026-07-21,25837.2109375,25880.33984375,25672.830078125,25772.55078125,8001540000
2026-07-22,25690.900390625,25841.310546875,25681.3203125,25693.720703125,7473050000
2026-07-23,25137.689453125,25358.279296875,24954.76953125,25245.5390625,7655810000
2026-07-24,24975.8203125,25222.140625,24918.08984375,25107.380859375,7266300000
2026-07-27,24932.080078125,25261.91015625,24774.869140625,25236.189453125,7797890000
2026-07-28,24876.912109375,24984.5,24581.005859375,24825.072265625,7572789000
