Date,Open,High,Low,Close,Volume
2024-08-28 09:30:00-04:00,17694.779296875,17758.203125,17645.8359375,17747.31640625,0
2024-08-28 10:30:00-04:00,17520.279296875,17703.703125,17484.994140625,17695.46484375,695175000
2024-08-28 11:30:00-04:00,17535.138671875,17568.654296875,17507.44921875,17517.34765625,528164000
2024-08-28 12:30:00-04:00,17563.21484375,17594.087890625,17530.845703125,17533.734375,455850000
2024-08-28 13:30:00-04:00,17479.41796875,17573.076171875,17439.8203125,17561.576171875,429147000
2024-08-28 14:30:00-04:00,17588.7265625,17590.91796875,17470.78125,17479.384765625,483140000
2024-08-28 15:30:00-04:00,17552.44140625,17610.76171875,17551.427734375,17588.431640625,477754000
2024-08-29 09:30:00-04:00,17709.107421875,17784.205078125,17604.171875,17606.30078125,0
2024-08-29 10:30:00-04:00,17736.462890625,17789.03125,17713.33984375,17717.455078125,628736000
2024-08-29 11:30:00-04:00,17766.224609375,17782.94921875,17729.61328125,17734.529296875,467998000
2024-08-29 12:30:00-04:00,17724.4765625,17779.939453125,17716.416015625,17766.21875,380114000
2024-08-29 13:30:00-04:00,17620.4609375,17734.369140625,17614.34375,17724.826171875,603551000
2024-08-29 14:30:00-04:00,17538.43359375,17614.439453125,17482.603515625,17614.439453125,711123000
2024-08-29 15:30:00-04:00,17519.0390625,17582.80078125,17494.923828125,17538.974609375,451188000
2024-08-30 09:30:00-04:00,17642.068359375,17713.0546875,17622.556640625,17654.62109375,0
2024-08-30 10:30:00-04:00,17570.677734375,17691.125,17557.259765625,17642.736328125,659814000
2024-08-30 11:30:00-04:00,17536.46875,17586.330078125,17530.810546875,17569.328125,528359000
2024-08-30 12:30:00-04:00,17565.5390625,17589.421875,17499.212890625,17536.2578125,362273000
2024-08-30 13:30:00-04:00,17583.296875,17591.48828125,17546.958984375,17565.28515625,348705000
2024-08-30 14:30:00-04:00,17653.45703125,17654.4609375,17582.837890625,17583.09375,379259000
2024-08-30 15:30:00-04:00,17717.029296875,17720.375,17624.75390625,17653.873046875,451234000
2024-09-03 09:30:00-04:00,17424.572265625,17579.51171875,17397.845703125,17579.51171875,0
2024-09-03 10:30:00-04:00,17318.470703125,17420.8125,17276.755859375,17420.8125,690879000
2024-09-03 11:30:00-04:00,17277.9921875,17341.849609375,17264.51171875,17321.0234375,471999000
2024-09-03 12:30:00-04:00,17282.87109375,17288.2421875,17249.966796875,17275.630859375,403888000
2024-09-03 13:30:00-04:00,17159.296875,17286.794921875,17153.072265625,17282.701171875,424184000
2024-09-03 14:30:00-04:00,17153.9375,17190.5546875,17150.66015625,17159.15234375,441699000
2024-09-03 15:30:00-04:00,17133.265625,17162.037109375,17058.216796875,17156.08203125,508216000
2024-09-04 09:30:00-04:00,17105.5625,17116.34375,16989.1015625,17012.10546875,0
2024-09-04 10:30:00-04:00,17133.50390625,17232.509765625,17100.72265625,17102.17578125,651846000
2024-09-04 11:30:00-04:00,17158.36328125,17162.8984375,17105.3359375,17134.93359375,422291000
2024-09-04 12:30:00-04:00,17137.470703125,17191.248046875,17134.544921875,17157.78515625,331088000
2024-09-04 13:30:00-04:00,17128.2109375,17150.69140625,17100.814453125,17137.712890625,369122000
2024-09-04 14:30:00-04:00,17079.75390625,17139.0390625,17035.92578125,17127.3515625,427491000
2024-09-04 15:30:00-04:00,17082.341796875,17129.080078125,17063.09765625,17079.716796875,422826000
2024-09-05 09:30:00-04:00,17262.8046875,17295.279296875,17065.0234375,17065.0234375,0
2024-09-05 10:30:00-04:00,17057.669921875,17282.779296875,17057.669921875,17261.287109375,593669000
2024-09-05 11:30:00-04:00,17107.462890625,17108.390625,17035.619140625,17059.685546875,445879000
2024-09-05 12:30:00-04:00,17061.669921875,17121.400390625,17060.953125,17108.009765625,365042000
2024-09-05 13:30:00-04:00,17142.89453125,17176.279296875,17061.060546875,17061.060546875,340490000
2024-09-05 14:30:00-04:00,17122.94140625,17183.5625,17077.17578125,17142.251953125,383762000
2024-09-05 15:30:00-04:00,17126.44921875,17151.029296875,17068.330078125,17122.400390625,410751000
2024-09-06 09:30:00-04:00,16876.84375,17166.544921875,16876.671875,17140.857421875,0
2024-09-06 10:30:00-04:00,16737.337890625,16886.06640625,16727.0234375,16874.013671875,713703000
2024-09-06 11:30:00-04:00,16682.8359375,16776.27734375,16682.8359375,16744.16015625,500597000
2024-09-06 12:30:00-04:00,16728.70703125,16771.158203125,16669.716796875,16682.73828125,411971000
2024-09-06 13:30:00-04:00,16687.263671875,16732.564453125,16668.572265625,16728.85546875,341526000
2024-09-06 14:30:00-04:00,16745.9765625,16761.56640625,16676.201171875,16687.123046875,419718000
2024-09-06 15:30:00-04:00,16690.841796875,16757.62109375,16674.759765625,16746.2265625,455984000
2024-09-09 09:30:00-04:00,16841.259765625,16923.2734375,16831.9765625,16839.37890625,0
2024-09-09 10:30:00-04:00,16788.822265625,16837.59765625,16734.046875,16837.59765625,614890000
2024-09-09 11:30:00-04:00,16885.564453125,16887.19140625,16784.798828125,16787.01953125,499311000
2024-09-09 12:30:00-04:00,16911.708984375,16923.181640625,16874.900390625,16885.216796875,383943000
2024-09-09 13:30:00-04:00,16798.43359375,16910.8046875,16798.43359375,16910.638671875,356682000
2024-09-09 14:30:00-04:00,16835.978515625,16836.3984375,16774.98046875,16798.546875,410807000
2024-09-09 15:30:00-04:00,16884.861328125,16888.666015625,16825.62109375,16836.173828125,450343000
2024-09-10 09:30:00-04:00,16966.146484375,17018.126953125,16888.609375,16946.4921875,0
2024-09-10 10:30:00-04:00,16964.021484375,16969.484375,16880.5390625,16966.431640625,1770811000
2024-09-10 11:30:00-04:00,16835.78515625,16974.953125,16801.5625,16964.1875,493777000
2024-09-10 12:30:00-04:00,16924.888671875,16947.08203125,16832.384765625,16833.552734375,375692000
2024-09-10 13:30:00-04:00,16998.1953125,17009.6484375,16923.423828125,16925.111328125,380585000
2024-09-10 14:30:00-04:00,17022.1640625,17022.1640625,16988.869140625,16998.18359375,447343000
2024-09-10 15:30:00-04:00,17031.376953125,17036.00390625,17006.66015625,17021.83984375,451519000
2024-09-11 09:30:00-04:00,16878.80859375,17090.810546875,16870.19921875,17058.98828125,0
2024-09-11 10:30:00-04:00,16903.638671875,16911.400390625,16788.36328125,16876.404296875,687350000
2024-09-11 11:30:00-04:00,17091.419921875,17091.419921875,16898.701171875,16904.6875,539871000
2024-09-11 12:30:00-04:00,17163.248046875,17163.248046875,17064.140625,17095.58984375,0
2024-09-11 13:30:00-04:00,17268.720703125,17271.8046875,17158.935546875,17164.9453125,3702659000
2024-09-11 14:30:00-04:00,17335.529296875,17337.474609375,17256.046875,17270.8359375,537180000
2024-09-11 15:30:00-04:00,17394.01953125,17419.41796875,17309.80859375,17336.32421875,475602000
2024-09-12 09:30:00-04:00,17473.677734375,17480.373046875,17338.318359375,17410.28515625,0
2024-09-12 10:30:00-04:00,17436.7734375,17509.0078125,17412.228515625,17473.939453125,573970000
2024-09-12 11:30:00-04:00,17462.09765625,17464.37109375,17406.947265625,17439.25,425996000
2024-09-12 12:30:00-04:00,17538.888671875,17548.078125,17436.796875,17462.169921875,386832000
2024-09-12 13:30:00-04:00,17597.572265625,17602.375,17532.53125,17538.9375,398687000
2024-09-12 14:30:00-04:00,17574.1640625,17605.72265625,17507.095703125,17596.5078125,423571000
2024-09-12 15:30:00-04:00,17571.158203125,17583.783203125,17539.8046875,17574.306640625,440651000
2024-09-13 09:30:00-04:00,17628.94140625,17680.021484375,17566.125,17576.421875,0
2024-09-13 10:30:00-04:00,17677.50390625,17689.298828125,17590.513671875,17624.396484375,611404000
2024-09-13 11:30:00-04:00,17658.0859375,17706.73828125,17650.498046875,17678.611328125,498031000
2024-09-13 12:30:00-04:00,17707.203125,17711.876953125,17641.388671875,17658.2265625,374304000
2024-09-13 13:30:00-04:00,17667.904296875,17719.017578125,17659.623046875,17707.212890625,360285000
2024-09-13 14:30:00-04:00,17678.3125,17684.732421875,17650.927734375,17667.787109375,406198000
2024-09-13 15:30:00-04:00,17681.671875,17694.6640625,17664.14453125,17677.798828125,439125000
2024-09-16 09:30:00-04:00,17556.337890625,17618.0078125,17481.953125,17561.375,0
2024-09-16 10:30:00-04:00,17554.525390625,17573.09765625,17485.10546875,17557.056640625,606009000
2024-09-16 11:30:00-04:00,17531.84765625,17562.927734375,17492.509765625,17553.96875,425226000
2024-09-16 12:30:00-04:00,17550.595703125,17556.310546875,17510.80859375,17532.52734375,351631000
2024-09-16 13:30:00-04:00,17591.27734375,17594.28125,17550.666015625,17551.220703125,342452000
2024-09-16 14:30:00-04:00,17573.25390625,17590.66796875,17561.03515625,17590.509765625,431402000
2024-09-16 15:30:00-04:00,17587.8984375,17599.990234375,17570.490234375,17574.83203125,424172000
2024-09-17 09:30:00-04:00,17741.154296875,17750.564453125,17673.853515625,17708.857421875,0
2024-09-17 10:30:00-04:00,17716.73828125,17781.279296875,17701.89453125,17740.095703125,634547000
2024-09-17 11:30:00-04:00,17646.85546875,17728.125,17612.04296875,17715.173828125,494433000
2024-09-17 12:30:00-04:00,17627.740234375,17651.666015625,17567.572265625,17639.521484375,439315000
2024-09-17 13:30:00-04:00,17613.880859375,17639.32421875,17544.638671875,17626.2265625,379997000
2024-09-17 14:30:00-04:00,17601.85546875,17623.611328125,17574.23046875,17613.013671875,410657000
2024-09-17 15:30:00-04:00,17626.94921875,17627.740234375,17589.93359375,17602.892578125,409080000
2024-09-18 09:30:00-04:00,17650.392578125,17674.267578125,17612.716796875,17663.203125,0
2024-09-18 10:30:00-04:00,17623.431640625,17672.671875,17604.296875,17650.9609375,583220000
2024-09-18 11:30:00-04:00,17627.654296875,17629.783203125,17556.431640625,17624.728515625,456672000
2024-09-18 12:30:00-04:00,17654.271484375,17658.58984375,17613.341796875,17627.72265625,362128000
2024-09-18 13:30:00-04:00,17773.998046875,17832.703125,17635.47265625,17654.18359375,669736000
2024-09-18 14:30:00-04:00,17717.318359375,17830.802734375,17591.453125,17776.025390625,773502000
2024-09-18 15:30:00-04:00,17567.44140625,17737.37890625,17566.384765625,17717.91015625,473936000
2024-09-19 09:30:00-04:00,18054.39453125,18059.630859375,17910.892578125,17976.64453125,1040483484
2024-09-19 10:30:00-04:00,18054.63671875,18077.037109375,17985.1640625,18062.677734375,626848000
2024-09-19 11:30:00-04:00,18069.599609375,18074.150390625,18019.84375,18055.5546875,518208000
2024-09-19 12:30:00-04:00,18070.6484375,18080.818359375,18053.8671875,18069.701171875,428765000
2024-09-19 13:30:00-04:00,18063.22265625,18099.818359375,18033.5546875,18071.560546875,439798000
2024-09-19 14:30:00-04:00,18027.904296875,18067.517578125,18000.84765625,18063.494140625,449943000
2024-09-19 15:30:00-04:00,18011.505859375,18051.0703125,17995.873046875,18026.974609375,484015000
2024-09-20 09:30:00-04:00,17949.810546875,18023.90625,17929.515625,18003.009765625,1604518701
2024-09-20 10:30:00-04:00,17872.42578125,17965.02734375,17836.126953125,17951.30859375,1026705000
2024-09-20 11:30:00-04:00,17972.388671875,17973.775390625,17869.205078125,17869.205078125,690014000
2024-09-20 12:30:00-04:00,17954.470703125,17986.5546875,17947.287109375,17971.509765625,523635000
2024-09-20 13:30:00-04:00,17914.05078125,17979.10546875,17901.41015625,17954.880859375,498795000
2024-09-20 14:30:00-04:00,17983.84765625,17990.060546875,17901.05078125,17912.248046875,565950000
2024-09-20 15:30:00-04:00,17950.267578125,18017.1953125,17947.115234375,17982.888671875,641004000
2024-09-23 09:30:00-04:00,18005.123046875,18020.95703125,17950.912109375,17994.03125,0
2024-09-23 10:30:00-04:00,17989.173828125,18020.904296875,17959.47265625,18006.048828125,680200000
2024-09-23 11:30:00-04:00,17965.4375,18017.63671875,17949.162109375,17990.123046875,493082000
2024-09-23 12:30:00-04:00,17951.927734375,17975.099609375,17936.369140625,17964.908203125,371728000
2024-09-23 13:30:00-04:00,17973.27734375,17986.677734375,17950.048828125,17952.01171875,328728000
2024-09-23 14:30:00-04:00,17982.01953125,17988.0078125,17967.328125,17972.466796875,389066000
2024-09-23 15:30:00-04:00,17974.828125,17987.330078125,17961.220703125,17981.287109375,447769000
2024-09-24 09:30:00-04:00,17895.60546875,18060.03515625,17888.380859375,18046.74609375,0
2024-09-24 10:30:00-04:00,18000.76953125,18007.205078125,17864.681640625,17894.490234375,643047000
2024-09-24 11:30:00-04:00,18069.904296875,18091.9609375,18002.01171875,18002.46875,521711000
2024-09-24 12:30:00-04:00,18067.951171875,18088.08203125,18047.18359375,18068.5,380037000
2024-09-24 13:30:00-04:00,18053.91796875,18085.76953125,18050.009765625,18067.859375,388237000
2024-09-24 14:30:00-04:00,18056.525390625,18063.79296875,18030.158203125,18052.287109375,396241000
2024-09-24 15:30:00-04:00,18075.015625,18075.015625,18049.673828125,18056.43359375,445914000
2024-09-25 09:30:00-04:00,18126.884765625,18154.505859375,18052.26171875,18052.26171875,0
2024-09-25 10:30:00-04:00,18104.0546875,18144.40625,18104.0546875,18124.810546875,584543000
2024-09-25 11:30:00-04:00,18101.966796875,18131.984375,18074.271484375,18103.25390625,444491000
2024-09-25 12:30:00-04:00,18079.861328125,18103.3046875,18045.833984375,18101.791015625,380846000
2024-09-25 13:30:00-04:00,18079.587890625,18090.494140625,18040.791015625,18077.947265625,370885000
2024-09-25 14:30:00-04:00,18073.23828125,18086.455078125,18067.55859375,18080.28515625,366295000
2024-09-25 15:30:00-04:00,18084.34765625,18084.34765625,18062.451171875,18072.8828125,439629000
2024-09-26 09:30:00-04:00,18200.037109375,18322.701171875,18197.69921875,18322.701171875,0
2024-09-26 10:30:00-04:00,18131.361328125,18216.728515625,18072.947265625,18199.302734375,829564000
2024-09-26 11:30:00-04:00,18136.390625,18193.1796875,18114.5390625,18133.67578125,504248000
2024-09-26 12:30:00-04:00,18113.728515625,18141.73046875,18072.283203125,18137.037109375,397235000
2024-09-26 13:30:00-04:00,18193.09765625,18193.09765625,18112.564453125,18112.564453125,370496000
2024-09-26 14:30:00-04:00,18194.666015625,18207.6328125,18172.064453125,18191.9453125,434777000
2024-09-26 15:30:00-04:00,18187.12109375,18201.39453125,18175.654296875,18194.7265625,433128000
2024-09-27 09:30:00-04:00,18198.806640625,18237.65234375,18169.31640625,18230.880859375,0
2024-09-27 10:30:00-04:00,18151.689453125,18212.40234375,18135.255859375,18192.541015625,691237000
2024-09-27 11:30:00-04:00,18138.66015625,18163.46484375,18106.91015625,18149.3671875,516654000
2024-09-27 12:30:00-04:00,18119.248046875,18163.884765625,18119.248046875,18137.484375,381031000
2024-09-27 13:30:00-04:00,18087.578125,18166.083984375,18087.578125,18119.171875,357087000
2024-09-27 14:30:00-04:00,18123.203125,18136.392578125,18070.31640625,18087.728515625,414232000
2024-09-27 15:30:00-04:00,18118.6015625,18133.748046875,18104.880859375,18121.892578125,430465000
2024-09-30 09:30:00-04:00,18098.439453125,18165.580078125,18059.4140625,18069.380859375,0
2024-09-30 10:30:00-04:00,18137.59765625,18137.59765625,18086.87109375,18104.166015625,0
2024-09-30 11:30:00-04:00,18145.791015625,18157.384765625,18090.677734375,18142.58984375,2817923000
2024-09-30 12:30:00-04:00,18098.984375,18147.234375,18093.849609375,18146.03125,384784000
2024-09-30 13:30:00-04:00,18024.681640625,18127.59765625,17997.560546875,18098.263671875,430004000
2024-09-30 14:30:00-04:00,18075.802734375,18096.1328125,18010.84375,18020.70703125,458368000
2024-09-30 15:30:00-04:00,18176.30859375,18197.626953125,18068.859375,18073.994140625,468358000
2024-10-01 09:30:00-04:00,17851.95703125,18162.720703125,17836.197265625,18157.51171875,0
2024-10-01 10:30:00-04:00,17842.853515625,17895.380859375,17781.236328125,17847.83984375,683314000
2024-10-01 11:30:00-04:00,17897.421875,17927.939453125,17837.001953125,17843.119140625,501870000
2024-10-01 12:30:00-04:00,17799.369140625,17902.35546875,17796.904296875,17895.66796875,450466000
2024-10-01 13:30:00-04:00,17975.74609375,17976.0625,17794.931640625,17797.08203125,419371000
2024-10-01 14:30:00-04:00,17963.26171875,17991.533203125,17948.14453125,17974.9921875,409885000
2024-10-01 15:30:00-04:00,17910.322265625,17961.88671875,17900.703125,17961.88671875,448742000
2024-10-02 09:30:00-04:00,17908.505859375,17917.951171875,17768.26953125,17866.439453125,0
2024-10-02 10:30:00-04:00,17954.205078125,17977.64453125,17896.546875,17906.068359375,644623000
2024-10-02 11:30:00-04:00,17968.9453125,17978.494140625,17939.005859375,17959.796875,486126000
2024-10-02 12:30:00-04:00,17927.431640625,17969.517578125,17894.765625,17969.517578125,366700000
2024-10-02 13:30:00-04:00,17930.03515625,17957.677734375,17888.03125,17925.2578125,397834000
2024-10-02 14:30:00-04:00,17956.138671875,17956.33984375,17921.095703125,17930.349609375,472635000
2024-10-02 15:30:00-04:00,17924.259765625,17965.302734375,17922.69921875,17956.6796875,467433000
2024-10-03 09:30:00-04:00,17886.4609375,18011.251953125,17837.943359375,17860.279296875,0
2024-10-03 10:30:00-04:00,17909.544921875,17934.861328125,17852.984375,17877.412109375,588001000
2024-10-03 11:30:00-04:00,17950.6796875,17965.0703125,17910.4453125,17912.029296875,416686000
2024-10-03 12:30:00-04:00,17878.32421875,17951.470703125,17826.830078125,17951.470703125,418119000
2024-10-03 13:30:00-04:00,17884.056640625,17903.3828125,17860.30078125,17876.849609375,346340000
2024-10-03 14:30:00-04:00,17860.314453125,17892.47265625,17853.64453125,17883.546875,373804000
2024-10-03 15:30:00-04:00,17923.72265625,17930.248046875,17858.232421875,17858.99609375,418587000
2024-10-04 09:30:00-04:00,17967.421875,18139.03125,17957.388671875,18131.470703125,0
2024-10-04 10:30:00-04:00,17984.51953125,18066.158203125,17962.8125,17966.017578125,626326000
2024-10-04 11:30:00-04:00,18030.892578125,18057.28125,17969.169921875,17984.21484375,487107000
2024-10-04 12:30:00-04:00,18062.345703125,18088.390625,18026.001953125,18029.568359375,388063000
2024-10-04 13:30:00-04:00,18061.65625,18078.3359375,18019.9609375,18062.234375,345224000
2024-10-04 14:30:00-04:00,18102.271484375,18105.736328125,18055.58203125,18062.08203125,408991000
2024-10-04 15:30:00-04:00,18134.666015625,18145.275390625,18099.89453125,18100.623046875,455367000
2024-10-07 09:30:00-04:00,18088.810546875,18096.33203125,18019.38671875,18085.57421875,0
2024-10-07 10:30:00-04:00,18079.197265625,18092.66015625,18036.88671875,18088.369140625,671170000
2024-10-07 11:30:00-04:00,18068.4375,18091.224609375,18041.326171875,18080.19140625,465837000
2024-10-07 12:30:00-04:00,18047.595703125,18075.669921875,18040.291015625,18068.099609375,347604000
2024-10-07 13:30:00-04:00,18026.333984375,18068.501953125,18022.15625,18043.26953125,354044000
2024-10-07 14:30:00-04:00,17936.001953125,18017.923828125,17904.46484375,18017.923828125,472939000
2024-10-07 15:30:00-04:00,17920.841796875,17962.259765625,17900.03515625,17935.939453125,422988000
2024-10-08 09:30:00-04:00,18093.86328125,18113.328125,17989.697265625,18015.552734375,0
2024-10-08 10:30:00-04:00,18133.35546875,18166.302734375,18093.541015625,18095.0859375,1030838000
2024-10-08 11:30:00-04:00,18140.71875,18156.02734375,18111.548828125,18133.814453125,507956000
2024-10-08 12:30:00-04:00,18104.861328125,18149.87109375,18084.955078125,18140.4765625,400911000
2024-10-08 13:30:00-04:00,18131.65234375,18134.396484375,18102.220703125,18103.48828125,346112000
2024-10-08 14:30:00-04:00,18170.853515625,18174.734375,18122.166015625,18131.771484375,408374000
2024-10-08 15:30:00-04:00,18178.96875,18202.669921875,18166.234375,18170.3359375,433161000
2024-10-09 09:30:00-04:00,18221.603515625,18228.580078125,18134.234375,18185.51171875,0
2024-10-09 10:30:00-04:00,18255.10546875,18261.904296875,18192.763671875,18213.302734375,690614000
2024-10-09 11:30:00-04:00,18265.583984375,18299.099609375,18231.87109375,18254.921875,594833000
2024-10-09 12:30:00-04:00,18263.091796875,18270.46875,18241.5078125,18265.888671875,374931000
2024-10-09 13:30:00-04:00,18286.826171875,18288.96875,18215.962890625,18262.240234375,422075000
2024-10-09 14:30:00-04:00,18266.962890625,18286.515625,18249.041015625,18286.515625,396757000
2024-10-09 15:30:00-04:00,18291.08984375,18301.7109375,18266.677734375,18266.8125,407666000
2024-10-10 09:30:00-04:00,18254.775390625,18264.046875,18155.53515625,18202.525390625,0
2024-10-10 10:30:00-04:00,18269.12109375,18274.080078125,18216.640625,18255.427734375,831879000
2024-10-10 11:30:00-04:00,18302.015625,18333.353515625,18258.029296875,18267.17578125,590329000
2024-10-10 12:30:00-04:00,18297.177734375,18310.728515625,18259.2734375,18304.236328125,436425000
2024-10-10 13:30:00-04:00,18255.11328125,18306.5703125,18240.087890625,18297.318359375,402411000
2024-10-10 14:30:00-04:00,18269.85546875,18270.45703125,18226.759765625,18253.880859375,477031000
2024-10-10 15:30:00-04:00,18284.140625,18292.228515625,18254.556640625,18268.19921875,428763000
2024-10-11 09:30:00-04:00,18343.625,18359.177734375,18209.017578125,18218.46875,0
2024-10-11 10:30:00-04:00,18324.849609375,18362.240234375,18295.02734375,18344.48046875,631923000
2024-10-11 11:30:00-04:00,18330.5078125,18352.375,18321.419921875,18324.875,475279000
2024-10-11 12:30:00-04:00,18331.21875,18331.8515625,18302.15234375,18329.521484375,346238000
2024-10-11 13:30:00-04:00,18344.98046875,18356.69921875,18326.0859375,18330.783203125,344538000
2024-10-11 14:30:00-04:00,18367.330078125,18375.244140625,18326.59765625,18345.779296875,381377000
2024-10-11 15:30:00-04:00,18343.263671875,18371.193359375,18341.552734375,18364.15234375,431089000
2024-10-14 09:30:00-04:00,18533.962890625,18544.81640625,18427.5234375,18427.5234375,0
2024-10-14 10:30:00-04:00,18457.34765625,18533.900390625,18445.16796875,18531.251953125,692840000
2024-10-14 11:30:00-04:00,18497.625,18501.49609375,18442.2421875,18453.556640625,483717000
2024-10-14 12:30:00-04:00,18502.20703125,18510.734375,18493.826171875,18498.232421875,385521000
2024-10-14 13:30:00-04:00,18505.6953125,18511.90625,18491.6328125,18501.8515625,345114000
2024-10-14 14:30:00-04:00,18523.763671875,18527.44921875,18503.150390625,18505.982421875,374072000
2024-10-14 15:30:00-04:00,18502.63671875,18546.865234375,18499.5234375,18521.7109375,397948000
2024-10-15 09:30:00-04:00,18432.001953125,18564.13671875,18428.93359375,18517.36328125,0
2024-10-15 10:30:00-04:00,18359.36328125,18429.1484375,18279.544921875,18423.53515625,950798000
2024-10-15 11:30:00-04:00,18350.09765625,18390.42578125,18313.603515625,18359.52734375,578518000
2024-10-15 12:30:00-04:00,18325.15234375,18378.25390625,18315.48046875,18352.458984375,432268000
2024-10-15 13:30:00-04:00,18338.509765625,18357.443359375,18317.65625,18320.91015625,421196000
2024-10-15 14:30:00-04:00,18285.634765625,18348.216796875,18261.166015625,18338.447265625,497403000
2024-10-15 15:30:00-04:00,18321.751953125,18326.20703125,18252.546875,18291.748046875,441594000
2024-10-16 09:30:00-04:00,18332.248046875,18342.55859375,18214.955078125,18324.544921875,0
2024-10-16 10:30:00-04:00,18319.001953125,18339.39453125,18261.03125,18334.849609375,630737000
2024-10-16 11:30:00-04:00,18313.544921875,18333.037109375,18286.689453125,18318.6171875,518809000
2024-10-16 12:30:00-04:00,18329.42578125,18348.412109375,18306.75390625,18313.4921875,470030000
2024-10-16 13:30:00-04:00,18377.55859375,18382.49609375,18326.59375,18329.498046875,469783000
2024-10-16 14:30:00-04:00,18365.638671875,18383.037109375,18359.349609375,18377.06640625,446546000
2024-10-16 15:30:00-04:00,18366.423828125,18372.232421875,18353.416015625,18365.24609375,453483000
2024-10-17 09:30:00-04:00,18437.9375,18535.919921875,18378.841796875,18535.919921875,1177686138
2024-10-17 10:30:00-04:00,18448.140625,18449.279296875,18381.521484375,18443.638671875,719950000
2024-10-17 11:30:00-04:00,18473.88671875,18509.064453125,18441.916015625,18450.44140625,549206000
2024-10-17 12:30:00-04:00,18467.89453125,18487.57421875,18447.083984375,18473.755859375,453603000
2024-10-17 13:30:00-04:00,18398.650390625,18488.45703125,18385.12109375,18467.5390625,491991000
2024-10-17 14:30:00-04:00,18391.0859375,18431.1328125,18378.0625,18399.416015625,516783000
2024-10-17 15:30:00-04:00,18373.537109375,18397.6796875,18369.705078125,18392.552734375,509662000
2024-10-18 09:30:00-04:00,18495.447265625,18516.951171875,18455.119140625,18468.939453125,0
2024-10-18 10:30:00-04:00,18499.57421875,18501.189453125,18456.87890625,18493.013671875,613009000
2024-10-18 11:30:00-04:00,18473.056640625,18512.1953125,18455.369140625,18500.017578125,461661000
2024-10-18 12:30:00-04:00,18498.390625,18523.724609375,18472.84765625,18472.84765625,380126000
2024-10-18 13:30:00-04:00,18511.337890625,18515.4609375,18476.2421875,18498.7109375,393397000
2024-10-18 14:30:00-04:00,18499.345703125,18515.130859375,18487.26953125,18512.00390625,419059000
2024-10-18 15:30:00-04:00,18488.65625,18497.935546875,18469.0859375,18497.822265625,456163000
2024-10-21 09:30:00-04:00,18513.140625,18543.205078125,18438.5,18454.8828125,0
2024-10-21 10:30:00-04:00,18388.0546875,18514.310546875,18377.923828125,18511.384765625,839016000
2024-10-21 11:30:00-04:00,18454.90625,18471.62890625,18382.4765625,18388.099609375,737267000
2024-10-21 12:30:00-04:00,18486.6875,18500.08203125,18445.10546875,18454.685546875,542907000
2024-10-21 13:30:00-04:00,18487.2890625,18510.94140625,18479.783203125,18486.56640625,423530000
2024-10-21 14:30:00-04:00,18498.61328125,18510.64453125,18472.015625,18487.009765625,463424000
2024-10-21 15:30:00-04:00,18539.2578125,18539.541015625,18482.970703125,18498.953125,475454000
2024-10-22 09:30:00-04:00,18526.521484375,18549.666015625,18413.802734375,18428.08984375,0
2024-10-22 10:30:00-04:00,18516.712890625,18546.04296875,18494.71484375,18532.482421875,905914000
2024-10-22 11:30:00-04:00,18484.921875,18529.05078125,18483.498046875,18517.6875,705911000
2024-10-22 12:30:00-04:00,18540.177734375,18542.1171875,18476.416015625,18485.59375,483960000
2024-10-22 13:30:00-04:00,18581.259765625,18620.291015625,18539.150390625,18540.072265625,525979000
2024-10-22 14:30:00-04:00,18578.6640625,18582.58203125,18553.546875,18582.10546875,503860000
2024-10-22 15:30:00-04:00,18571.603515625,18596.43359375,18571.3515625,18578.513671875,484243000
2024-10-23 09:30:00-04:00,18455.75390625,18506.984375,18395.927734375,18504.517578125,0
2024-10-23 10:30:00-04:00,18363.85546875,18491.802734375,18363.134765625,18453.908203125,789132000
2024-10-23 11:30:00-04:00,18307.4140625,18394.919921875,18306.4609375,18362.974609375,515844000
2024-10-23 12:30:00-04:00,18247.75390625,18323.630859375,18220.966796875,18307.185546875,481015000
2024-10-23 13:30:00-04:00,18189.478515625,18248.146484375,18146.623046875,18248.146484375,458861000
2024-10-23 14:30:00-04:00,18246.984375,18256.35546875,18183.1015625,18186.806640625,490807000
2024-10-23 15:30:00-04:00,18277.408203125,18286.435546875,18236.0859375,18247.767578125,463798000
2024-10-24 09:30:00-04:00,18353.40625,18409.99609375,18333.9375,18381.921875,0
2024-10-24 10:30:00-04:00,18374.734375,18404.30078125,18350.2890625,18354.10546875,707647000
2024-10-24 11:30:00-04:00,18358.89453125,18379.53125,18306.068359375,18374.240234375,504693000
2024-10-24 12:30:00-04:00,18387.80078125,18413.0,18360.24609375,18361.56640625,386082000
2024-10-24 13:30:00-04:00,18396.103515625,18411.66015625,18366.896484375,18387.578125,365281000
2024-10-24 14:30:00-04:00,18419.984375,18421.435546875,18378.5703125,18396.4140625,413708000
2024-10-24 15:30:00-04:00,18413.912109375,18435.23046875,18406.1484375,18420.123046875,467200000
2024-10-25 09:30:00-04:00,18685.6328125,18690.0078125,18521.419921875,18521.419921875,1246235323
2024-10-25 10:30:00-04:00,18639.794921875,18689.7109375,18630.373046875,18682.02734375,0
2024-10-25 11:30:00-04:00,18659.759765625,18659.759765625,18615.75,18640.8125,3083269000
2024-10-25 12:30:00-04:00,18582.55859375,18661.798828125,18572.87890625,18659.837890625,403628000
2024-10-25 13:30:00-04:00,18552.34765625,18586.513671875,18487.609375,18579.625,491564000
2024-10-25 14:30:00-04:00,18534.240234375,18573.26171875,18520.494140625,18550.927734375,439055000
2024-10-25 15:30:00-04:00,18519.359375,18543.8515625,18507.283203125,18534.576171875,449905000
2024-10-28 09:30:00-04:00,18651.103515625,18656.646484375,18594.4375,18650.88671875,0
2024-10-28 10:30:00-04:00,18622.66015625,18670.625,18595.130859375,18650.9453125,733801000
2024-10-28 11:30:00-04:00,18619.048828125,18626.341796875,18585.69921875,18623.0859375,534061000
2024-10-28 12:30:00-04:00,18614.607421875,18621.830078125,18588.115234375,18618.865234375,422328000
2024-10-28 13:30:00-04:00,18605.646484375,18626.978515625,18602.69140625,18614.6796875,407057000
2024-10-28 14:30:00-04:00,18604.33203125,18615.505859375,18583.212890625,18605.583984375,486766000
2024-10-28 15:30:00-04:00,18572.626953125,18610.5625,18563.14453125,18604.44921875,468902000
2024-10-29 09:30:00-04:00,18590.3359375,18636.255859375,18510.810546875,18572.08984375,0
2024-10-29 10:30:00-04:00,18641.03125,18647.619140625,18591.365234375,18591.365234375,843431000
2024-10-29 11:30:00-04:00,18655.18359375,18680.0546875,18632.951171875,18641.875,695539000
2024-10-29 12:30:00-04:00,18694.7734375,18708.927734375,18632.0,18654.83203125,599056000
2024-10-29 13:30:00-04:00,18719.109375,18719.341796875,18688.703125,18694.888671875,501239000
2024-10-29 14:30:00-04:00,18750.416015625,18753.193359375,18717.509765625,18718.87109375,506312000
2024-10-29 15:30:00-04:00,18710.015625,18752.55078125,18703.16015625,18748.703125,494070000
2024-10-30 09:30:00-04:00,18778.8984375,18785.494140625,18631.984375,18725.76953125,0
2024-10-30 10:30:00-04:00,18766.205078125,18779.35546875,18705.375,18777.80859375,855519000
2024-10-30 11:30:00-04:00,18737.75,18765.923828125,18730.771484375,18765.822265625,630848000
2024-10-30 12:30:00-04:00,18707.73046875,18751.38671875,18707.73046875,18737.06640625,461407000
2024-10-30 13:30:00-04:00,18691.0390625,18712.31640625,18653.58984375,18707.568359375,461185000
2024-10-30 14:30:00-04:00,18665.640625,18707.263671875,18652.958984375,18691.03125,508123000
2024-10-30 15:30:00-04:00,18614.478515625,18668.533203125,18599.177734375,18667.16015625,470506000
2024-10-31 09:30:00-04:00,18232.064453125,18421.7109375,18229.837890625,18421.7109375,0
2024-10-31 10:30:00-04:00,18186.087890625,18243.814453125,18150.556640625,18232.357421875,771922000
2024-10-31 11:30:00-04:00,18177.611328125,18195.58984375,18127.376953125,18186.14453125,573515000
2024-10-31 12:30:00-04:00,18165.958984375,18199.634765625,18162.96484375,18179.7578125,414278000
2024-10-31 13:30:00-04:00,18124.296875,18168.751953125,18111.765625,18162.677734375,419924000
2024-10-31 14:30:00-04:00,18165.203125,18184.01953125,18103.2421875,18128.955078125,461200000
2024-10-31 15:30:00-04:00,18085.228515625,18208.38671875,18085.228515625,18166.2578125,475498000
2024-11-01 09:30:00-04:00,18353.767578125,18354.8203125,18182.935546875,18190.875,0
2024-11-01 10:30:00-04:00,18362.298828125,18363.69921875,18264.96875,18358.146484375,785683000
2024-11-01 11:30:00-04:00,18307.54296875,18363.943359375,18301.345703125,18361.8671875,514522000
2024-11-01 12:30:00-04:00,18319.4140625,18330.6171875,18253.728515625,18306.623046875,495121000
2024-11-01 13:30:00-04:00,18246.859375,18320.158203125,18221.560546875,18319.482421875,471446000
2024-11-01 14:30:00-04:00,18244.470703125,18283.787109375,18237.125,18246.30078125,506448000
2024-11-01 15:30:00-04:00,18240.0703125,18266.783203125,18212.892578125,18245.21484375,482855000
2024-11-04 09:30:00-05:00,18267.91015625,18280.958984375,18115.560546875,18220.99609375,0
2024-11-04 10:30:00-05:00,18265.05078125,18308.017578125,18255.046875,18267.55859375,729238000
2024-11-04 11:30:00-05:00,18206.541015625,18266.55859375,18142.26953125,18263.34375,572067000
2024-11-04 12:30:00-05:00,18233.84765625,18254.564453125,18193.376953125,18208.130859375,509653000
2024-11-04 13:30:00-05:00,18232.72265625,18263.275390625,18228.962890625,18232.4296875,405695000
2024-11-04 14:30:00-05:00,18215.70703125,18253.6015625,18209.5390625,18230.48828125,463050000
2024-11-04 15:30:00-05:00,18183.240234375,18216.6796875,18171.451171875,18212.564453125,457285000
2024-11-05 09:30:00-05:00,18347.796875,18384.048828125,18265.078125,18273.56640625,0
2024-11-05 10:30:00-05:00,18386.46484375,18396.431640625,18327.6796875,18350.005859375,1258246000
2024-11-05 11:30:00-05:00,18430.716796875,18445.8828125,18387.44140625,18387.44140625,686824000
2024-11-05 12:30:00-05:00,18406.982421875,18449.67578125,18405.841796875,18431.482421875,502351000
2024-11-05 13:30:00-05:00,18415.197265625,18425.412109375,18381.4765625,18407.18359375,469154000
2024-11-05 14:30:00-05:00,18424.388671875,18428.787109375,18382.689453125,18415.58984375,514944000
2024-11-05 15:30:00-05:00,18437.91015625,18439.146484375,18401.69140625,18422.654296875,515158000
2024-11-06 09:30:00-05:00,18891.20703125,18892.11328125,18731.208984375,18772.619140625,0
2024-11-06 10:30:00-05:00,18854.59375,18907.802734375,18793.857421875,18889.57421875,1002171000
2024-11-06 11:30:00-05:00,18884.931640625,18891.6796875,18854.41796875,18854.841796875,688649000
2024-11-06 12:30:00-05:00,18938.255859375,18938.990234375,18876.353515625,18885.4375,597786000
2024-11-06 13:30:00-05:00,18959.66015625,18961.04296875,18928.275390625,18940.65234375,563796000
2024-11-06 14:30:00-05:00,18977.48828125,18991.142578125,18948.30078125,18959.384765625,686059000
2024-11-06 15:30:00-05:00,18977.19140625,19000.1953125,18959.859375,18978.201171875,582051000
2024-11-07 09:30:00-05:00,19183.181640625,19203.634765625,19088.765625,19088.765625,0
2024-11-07 10:30:00-05:00,19223.033203125,19234.1484375,19169.23046875,19183.935546875,1473802000
2024-11-07 11:30:00-05:00,19239.72265625,19256.814453125,19219.736328125,19222.0546875,1047148000
2024-11-07 12:30:00-05:00,19231.107421875,19255.46484375,19216.4765625,19240.44140625,660376000
2024-11-07 13:30:00-05:00,19238.142578125,19253.166015625,19209.185546875,19229.451171875,635917000
2024-11-07 14:30:00-05:00,19279.96484375,19301.458984375,19215.873046875,19238.669921875,756524000
2024-11-07 15:30:00-05:00,19271.177734375,19291.96875,19252.85546875,19281.66796875,621491000
2024-11-08 09:30:00-05:00,19253.099609375,19300.310546875,19228.560546875,19258.5546875,0
2024-11-08 10:30:00-05:00,19262.6875,19271.927734375,19224.43359375,19256.529296875,853829000
2024-11-08 11:30:00-05:00,19256.947265625,19286.28515625,19247.208984375,19264.373046875,637207000
2024-11-08 12:30:00-05:00,19278.7890625,19282.849609375,19255.162109375,19256.671875,534196000
2024-11-08 13:30:00-05:00,19312.099609375,19312.4296875,19278.365234375,19278.76953125,528384000
2024-11-08 14:30:00-05:00,19276.896484375,19318.513671875,19274.048828125,19312.029296875,585982000
2024-11-08 15:30:00-05:00,19290.490234375,19290.490234375,19268.6015625,19275.884765625,552499000
2024-11-11 09:30:00-05:00,19264.904296875,19363.150390625,19222.240234375,19363.150390625,0
2024-11-11 10:30:00-05:00,19283.802734375,19315.294921875,19266.5859375,19266.5859375,1095635000
2024-11-11 11:30:00-05:00,19253.482421875,19294.443359375,19248.232421875,19284.1015625,725811000
2024-11-11 12:30:00-05:00,19231.046875,19271.244140625,19193.734375,19254.076171875,568553000
2024-11-11 13:30:00-05:00,19256.361328125,19281.861328125,19229.625,19230.134765625,613875000
2024-11-11 14:30:00-05:00,19282.033203125,19289.966796875,19251.076171875,19256.60546875,644091000
2024-11-11 15:30:00-05:00,19302.84765625,19302.84765625,19273.302734375,19280.427734375,612592000
2024-11-12 09:30:00-05:00,19306.802734375,19343.044921875,19255.751953125,19287.962890625,0
2024-11-12 10:30:00-05:00,19275.810546875,19323.4140625,19259.9453125,19307.873046875,971412000
2024-11-12 11:30:00-05:00,19257.0234375,19286.984375,19232.30859375,19275.423828125,700311000
2024-11-12 12:30:00-05:00,19227.572265625,19263.908203125,19168.978515625,19255.509765625,537603000
2024-11-12 13:30:00-05:00,19297.43359375,19309.7890625,19228.705078125,19229.01171875,499830000
2024-11-12 14:30:00-05:00,19282.970703125,19316.125,19275.19140625,19298.248046875,575231000
2024-11-12 15:30:00-05:00,19280.357421875,19297.966796875,19269.658203125,19280.341796875,564213000
2024-11-13 09:30:00-05:00,19231.087890625,19307.380859375,19192.349609375,19295.55859375,0
2024-11-13 10:30:00-05:00,19279.322265625,19280.232421875,19213.6328125,19231.181640625,1422913000
2024-11-13 11:30:00-05:00,19305.07421875,19331.333984375,19228.541015625,19279.994140625,1191614000
2024-11-13 12:30:00-05:00,19332.79296875,19341.537109375,19289.72265625,19305.376953125,772094000
2024-11-13 13:30:00-05:00,19292.8125,19358.392578125,19288.19140625,19332.72265625,755829000
2024-11-13 14:30:00-05:00,19256.388671875,19293.705078125,19231.4765625,19292.916015625,841145000
2024-11-13 15:30:00-05:00,19236.21875,19292.712890625,19207.712890625,19257.484375,614253000
2024-11-14 09:30:00-05:00,19198.08984375,19275.603515625,19154.353515625,19257.572265625,2115660000
2024-11-14 10:30:00-05:00,19203.224609375,19231.916015625,19179.087890625,19193.90234375,1043609000
2024-11-14 11:30:00-05:00,19163.439453125,19224.634765625,19158.458984375,19202.37890625,813710000
2024-11-14 12:30:00-05:00,19180.904296875,19198.810546875,19109.865234375,19161.828125,560174000
2024-11-14 13:30:00-05:00,19159.29296875,19183.23046875,19121.103515625,19181.15625,527598000
2024-11-14 14:30:00-05:00,19119.73046875,19182.42578125,19089.63671875,19158.310546875,630253000
2024-11-14 15:30:00-05:00,19111.0703125,19125.765625,19075.212890625,19124.255859375,583401000
2024-11-15 09:30:00-05:00,18751.912109375,18936.751953125,18743.119140625,18921.236328125,0
2024-11-15 10:30:00-05:00,18760.08203125,18772.56640625,18715.552734375,18749.1171875,1095786000
2024-11-15 11:30:00-05:00,18684.984375,18768.658203125,18663.271484375,18762.197265625,708281000
2024-11-15 12:30:00-05:00,18661.05078125,18697.939453125,18638.310546875,18682.94921875,526189000
2024-11-15 13:30:00-05:00,18604.572265625,18658.76953125,18598.931640625,18658.529296875,512557000
2024-11-15 14:30:00-05:00,18674.455078125,18690.21875,18604.3515625,18604.611328125,585848000
2024-11-15 15:30:00-05:00,18678.544921875,18696.80859375,18644.626953125,18673.751953125,595631000
2024-11-18 09:30:00-05:00,18806.412109375,18806.412109375,18674.740234375,18707.884765625,0
2024-11-18 10:30:00-05:00,18843.390625,18857.318359375,18808.189453125,18808.189453125,990979000
2024-11-18 11:30:00-05:00,18805.2265625,18864.83984375,18789.5,18843.994140625,742356000
2024-11-18 12:30:00-05:00,18793.94921875,18813.537109375,18768.798828125,18805.42578125,1124026000
2024-11-18 13:30:00-05:00,18750.111328125,18807.45703125,18746.1875,18794.43359375,980090000
2024-11-18 14:30:00-05:00,18813.955078125,18817.875,18744.16015625,18751.63671875,672800000
2024-11-18 15:30:00-05:00,18794.9375,18812.748046875,18770.677734375,18812.361328125,559188000
2024-11-19 09:30:00-05:00,18797.0546875,18797.0546875,18690.33203125,18704.296875,1498694504
2024-11-19 10:30:00-05:00,18881.83984375,18885.42578125,18785.109375,18796.4453125,980534000
2024-11-19 11:30:00-05:00,18889.791015625,18898.775390625,18854.447265625,18881.720703125,879848000
2024-11-19 12:30:00-05:00,18930.203125,18930.916015625,18885.25390625,18889.35546875,553740000
2024-11-19 13:30:00-05:00,18956.88671875,18989.19921875,18927.64453125,18930.373046875,568880000
2024-11-19 14:30:00-05:00,18965.21484375,18968.662109375,18927.150390625,18956.287109375,540491000
2024-11-19 15:30:00-05:00,18984.693359375,18991.8359375,18959.2265625,18963.513671875,516512000
2024-11-20 09:30:00-05:00,18769.85546875,18974.025390625,18724.658203125,18967.142578125,0
2024-11-20 10:30:00-05:00,18802.392578125,18879.291015625,18766.41796875,18768.52734375,895460000
2024-11-20 11:30:00-05:00,18858.947265625,18923.392578125,18787.646484375,18802.138671875,627150000
2024-11-20 12:30:00-05:00,18859.783203125,18880.888671875,18821.45703125,18856.326171875,514051000
2024-11-20 13:30:00-05:00,18806.625,18859.748046875,18794.40625,18859.748046875,523556000
2024-11-20 14:30:00-05:00,18881.412109375,18882.59375,18803.005859375,18805.171875,544114000
2024-11-20 15:30:00-05:00,18965.08984375,18971.13671875,18883.03125,18883.03125,520396000
2024-11-21 09:30:00-05:00,18732.263671875,19107.83984375,18725.9453125,19068.68359375,0
2024-11-21 10:30:00-05:00,18938.923828125,18938.923828125,18716.55078125,18723.955078125,944937000
2024-11-21 11:30:00-05:00,18945.314453125,18957.82421875,18859.92578125,18942.060546875,628506000
2024-11-21 12:30:00-05:00,19000.181640625,19003.96875,18944.013671875,18946.357421875,565917000
2024-11-21 13:30:00-05:00,18986.4765625,19023.787109375,18950.431640625,19000.5703125,520920000
2024-11-21 14:30:00-05:00,19021.3046875,19027.900390625,18971.837890625,18986.59375,553869000
2024-11-21 15:30:00-05:00,18975.236328125,19023.4375,18972.43359375,19021.29296875,493278000
2024-11-22 09:30:00-05:00,18911.228515625,19011.33203125,18900.95703125,18971.7109375,0
2024-11-22 10:30:00-05:00,18947.744140625,19003.427734375,18908.455078125,18913.39453125,885152000
2024-11-22 11:30:00-05:00,18995.423828125,19002.46484375,18922.23046875,18948.0390625,601624000
2024-11-22 12:30:00-05:00,18998.986328125,19024.79296875,18964.4140625,18995.64453125,490961000
2024-11-22 13:30:00-05:00,18981.470703125,19016.173828125,18960.845703125,18997.724609375,526215000
2024-11-22 14:30:00-05:00,18980.81640625,19004.416015625,18963.037109375,18980.93359375,558483000
2024-11-22 15:30:00-05:00,18998.869140625,19015.109375,18968.26171875,18978.919921875,527538000
2024-11-25 09:30:00-05:00,19098.681640625,19206.21484375,19037.552734375,19146.578125,0
2024-11-25 10:30:00-05:00,19119.12890625,19126.4921875,19060.279296875,19096.822265625,922131000
2024-11-25 11:30:00-05:00,18998.251953125,19134.373046875,18995.14453125,19118.712890625,685859000
2024-11-25 12:30:00-05:00,19045.703125,19059.966796875,18970.37109375,18997.734375,500420000
2024-11-25 13:30:00-05:00,19040.330078125,19061.326171875,19018.318359375,19045.341796875,479173000
2024-11-25 14:30:00-05:00,19037.716796875,19059.73828125,19020.34375,19039.9609375,520078000
2024-11-25 15:30:00-05:00,19055.0703125,19063.419921875,19032.70703125,19037.779296875,580715000
2024-11-26 09:30:00-05:00,19133.9375,19183.021484375,19102.939453125,19107.693359375,0
2024-11-26 10:30:00-05:00,19146.900390625,19170.37890625,19121.794921875,19130.6171875,793582000
2024-11-26 11:30:00-05:00,19140.318359375,19160.44921875,19128.841796875,19148.34375,536545000
2024-11-26 12:30:00-05:00,19146.39453125,19173.25390625,19137.67578125,19140.9375,444703000
2024-11-26 13:30:00-05:00,19117.830078125,19166.9296875,19101.2578125,19145.607421875,452314000
2024-11-26 14:30:00-05:00,19147.2578125,19147.826171875,19109.921875,19116.1015625,537299000
2024-11-26 15:30:00-05:00,19169.896484375,19183.923828125,19137.21875,19149.595703125,514995000
2024-11-27 09:30:00-05:00,19022.744140625,19128.626953125,19014.28515625,19128.626953125,1505984000
2024-11-27 10:30:00-05:00,18982.8046875,19033.05078125,18967.65625,19021.474609375,787179000
2024-11-27 11:30:00-05:00,18979.48046875,19010.810546875,18938.40625,18978.099609375,531923000
2024-11-27 12:30:00-05:00,19023.41796875,19036.701171875,18964.28125,18980.185546875,442975000
2024-11-27 13:30:00-05:00,19052.388671875,19067.56640625,19021.548828125,19021.548828125,410869000
2024-11-27 14:30:00-05:00,19052.232421875,19076.76171875,19042.447265625,19051.841796875,457149000
2024-11-27 15:30:00-05:00,19061.705078125,19063.94921875,19030.158203125,19051.767578125,471400000
2024-11-29 09:30:00-05:00,19174.169921875,19198.435546875,19066.939453125,19084.1875,0
2024-11-29 10:30:00-05:00,19211.67578125,19218.556640625,19172.6015625,19172.6015625,793815000
2024-11-29 11:30:00-05:00,19211.978515625,19229.365234375,19195.734375,19212.109375,584660000
2024-12-02 09:30:00-05:00,19394.587890625,19399.994140625,19258.29296875,19258.29296875,0
2024-12-02 10:30:00-05:00,19380.291015625,19410.140625,19355.96875,19398.126953125,790642000
2024-12-02 11:30:00-05:00,19412.9140625,19436.71484375,19375.87890625,19380.4296875,653158000
2024-12-02 12:30:00-05:00,19389.14453125,19422.46875,19387.263671875,19413.412109375,489159000
2024-12-02 13:30:00-05:00,19374.58984375,19401.029296875,19366.90625,19388.5703125,467088000
2024-12-02 14:30:00-05:00,19421.166015625,19422.24609375,19374.669921875,19374.669921875,509217000
2024-12-02 15:30:00-05:00,19400.865234375,19425.580078125,19395.5546875,19420.5390625,475993000
2024-12-03 09:30:00-05:00,19386.455078125,19438.0,19340.416015625,19359.228515625,0
2024-12-03 10:30:00-05:00,19446.693359375,19446.693359375,19365.9140625,19384.423828125,949381000
2024-12-03 11:30:00-05:00,19405.92578125,19455.5390625,19399.41015625,19447.1328125,551927000
2024-12-03 12:30:00-05:00,19429.08203125,19446.21484375,19394.505859375,19405.33984375,473517000
2024-12-03 13:30:00-05:00,19434.646484375,19438.48046875,19416.748046875,19427.869140625,458348000
2024-12-03 14:30:00-05:00,19454.658203125,19462.8515625,19434.994140625,19435.13671875,479202000
2024-12-03 15:30:00-05:00,19478.208984375,19486.083984375,19441.669921875,19454.625,464122000
2024-12-04 09:30:00-05:00,19643.1640625,19648.76953125,19577.75,19595.984375,0
2024-12-04 10:30:00-05:00,19661.7109375,19681.306640625,19635.955078125,19646.8203125,935029000
2024-12-04 11:30:00-05:00,19677.09765625,19683.052734375,19640.40625,19660.953125,721985000
2024-12-04 12:30:00-05:00,19657.9921875,19681.443359375,19651.501953125,19677.541015625,626298000
2024-12-04 13:30:00-05:00,19703.337890625,19703.37109375,19636.671875,19657.595703125,743445000
2024-12-04 14:30:00-05:00,19715.669921875,19720.412109375,19698.365234375,19703.515625,683188000
2024-12-04 15:30:00-05:00,19732.2421875,19741.40234375,19713.1796875,19714.908203125,587007000
2024-12-05 09:30:00-05:00,19731.080078125,19776.798828125,19719.126953125,19753.609375,0
2024-12-05 10:30:00-05:00,19748.435546875,19759.248046875,19701.48828125,19734.5234375,1000436000
2024-12-05 11:30:00-05:00,19781.640625,19789.89453125,19741.359375,19748.521484375,679543000
2024-12-05 12:30:00-05:00,19726.953125,19789.416015625,19713.943359375,19781.4921875,550781000
2024-12-05 13:30:00-05:00,19731.7890625,19747.232421875,19701.98828125,19726.455078125,662575000
2024-12-05 14:30:00-05:00,19706.181640625,19744.865234375,19704.958984375,19731.47265625,575261000
2024-12-05 15:30:00-05:00,19701.927734375,19724.203125,19688.58984375,19705.91796875,516011000
2024-12-06 09:30:00-05:00,19842.447265625,19862.8671875,19735.029296875,19749.333984375,1852816000
2024-12-06 10:30:00-05:00,19824.365234375,19848.798828125,19792.05078125,19843.001953125,955061000
2024-12-06 11:30:00-05:00,19829.1640625,19835.08203125,19800.48046875,19824.85546875,699112000
2024-12-06 12:30:00-05:00,19846.615234375,19855.29296875,19804.693359375,19829.794921875,563213000
2024-12-06 13:30:00-05:00,19815.03125,19844.5234375,19809.724609375,19844.5234375,517907000
2024-12-06 14:30:00-05:00,19836.5234375,19841.041015625,19809.9296875,19814.1328125,536811000
2024-12-06 15:30:00-05:00,19854.685546875,19861.40625,19834.05078125,19834.615234375,576810000
2024-12-09 09:30:00-05:00,19789.509765625,19872.787109375,19783.455078125,19816.640625,0
2024-12-09 10:30:00-05:00,19768.072265625,19809.51171875,19698.216796875,19791.578125,1175854000
2024-12-09 11:30:00-05:00,19773.697265625,19791.576171875,19748.927734375,19767.005859375,664287000
2024-12-09 12:30:00-05:00,19792.095703125,19797.521484375,19754.66796875,19773.1875,545948000
2024-12-09 13:30:00-05:00,19758.337890625,19815.533203125,19755.654296875,19790.130859375,479690000
2024-12-09 14:30:00-05:00,19713.90625,19760.333984375,19710.310546875,19758.833984375,527161000
2024-12-09 15:30:00-05:00,19740.380859375,19742.322265625,19707.798828125,19717.255859375,479406000
2024-12-10 09:30:00-05:00,19840.27734375,19886.54296875,19783.056640625,19798.580078125,0
2024-12-10 10:30:00-05:00,19747.73828125,19847.669921875,19745.72265625,19836.798828125,879833000
2024-12-10 11:30:00-05:00,19764.525390625,19774.697265625,19720.189453125,19747.1640625,698971000
2024-12-10 12:30:00-05:00,19764.08984375,19787.337890625,19737.59375,19763.974609375,591920000
2024-12-10 13:30:00-05:00,19741.01953125,19772.18359375,19725.783203125,19765.240234375,546567000
2024-12-10 14:30:00-05:00,19657.69921875,19741.724609375,19655.876953125,19740.79296875,592044000
2024-12-10 15:30:00-05:00,19688.72265625,19688.72265625,19641.986328125,19658.591796875,505091000
2024-12-11 09:30:00-05:00,19929.69140625,19978.958984375,19832.1796875,19832.1796875,0
2024-12-11 10:30:00-05:00,19991.431640625,19991.431640625,19920.779296875,19936.658203125,783142000
2024-12-11 11:30:00-05:00,20021.56640625,20031.3125,19978.05078125,19988.728515625,570439000
2024-12-11 12:30:00-05:00,20041.267578125,20042.36328125,20009.103515625,20022.740234375,475837000
2024-12-11 13:30:00-05:00,20035.916015625,20051.94140625,20022.478515625,20042.126953125,457196000
2024-12-11 14:30:00-05:00,20054.439453125,20055.9296875,20025.373046875,20035.703125,531979000
2024-12-11 15:30:00-05:00,20033.88671875,20053.01171875,20027.802734375,20051.267578125,488578000
2024-12-12 09:30:00-05:00,19980.783203125,19986.640625,19897.703125,19950.091796875,0
2024-12-12 10:30:00-05:00,19992.9296875,20018.06640625,19969.1875,19978.4296875,1184495000
2024-12-12 11:30:00-05:00,19987.068359375,20001.02734375,19950.83203125,19995.759765625,775831000
2024-12-12 12:30:00-05:00,20005.244140625,20015.6640625,19963.08203125,19986.814453125,589787000
2024-12-12 13:30:00-05:00,19938.189453125,20005.279296875,19933.498046875,20004.125,526073000
2024-12-12 14:30:00-05:00,19915.14453125,19956.025390625,19911.185546875,19937.91015625,532629000
2024-12-12 15:30:00-05:00,19905.837890625,19943.01953125,19905.837890625,19918.119140625,495445000
2024-12-13 09:30:00-05:00,19957.115234375,20059.63671875,19953.548828125,19995.087890625,0
2024-12-13 10:30:00-05:00,19846.544921875,19977.578125,19818.0,19956.041015625,817702000
2024-12-13 11:30:00-05:00,19848.306640625,19895.703125,19838.072265625,19848.962890625,534282000
2024-12-13 12:30:00-05:00,19892.791015625,19893.4609375,19834.8203125,19848.326171875,417984000
2024-12-13 13:30:00-05:00,19931.28515625,19932.595703125,19883.083984375,19893.048828125,413489000
2024-12-13 14:30:00-05:00,19924.65234375,19940.70703125,19900.697265625,19931.3671875,480511000
2024-12-13 15:30:00-05:00,19921.83984375,19937.1328125,19915.947265625,19922.41796875,518452000
2024-12-16 09:30:00-05:00,20059.30078125,20059.30078125,19989.2109375,20018.466796875,0
2024-12-16 10:30:00-05:00,20099.693359375,20114.927734375,20048.88671875,20059.3671875,1193836000
2024-12-16 11:30:00-05:00,20125.267578125,20127.041015625,20076.78515625,20101.390625,864200000
2024-12-16 12:30:00-05:00,20176.51953125,20179.482421875,20123.623046875,20125.404296875,738237000
2024-12-16 13:30:00-05:00,20173.69921875,20187.90234375,20160.96484375,20175.986328125,772860000
2024-12-16 14:30:00-05:00,20197.412109375,20204.576171875,20168.24609375,20173.623046875,829686000
2024-12-16 15:30:00-05:00,20171.169921875,20195.673828125,20152.0390625,20194.298828125,678077000
2024-12-17 09:30:00-05:00,20017.19140625,20130.919921875,20005.466796875,20096.490234375,0
2024-12-17 10:30:00-05:00,20101.921875,20121.443359375,20014.78125,20019.869140625,1202119000
2024-12-17 11:30:00-05:00,20123.28515625,20148.560546875,20078.09375,20100.79296875,1062500000
2024-12-17 12:30:00-05:00,20108.328125,20142.263671875,20102.40625,20123.96484375,814617000
2024-12-17 13:30:00-05:00,20096.37890625,20124.015625,20088.638671875,20108.1796875,758617000
2024-12-17 14:30:00-05:00,20065.166015625,20098.625,20053.822265625,20096.708984375,705920000
2024-12-17 15:30:00-05:00,20106.466796875,20119.140625,20055.443359375,20068.400390625,619715000
2024-12-18 09:30:00-05:00,20136.7578125,20138.91796875,20041.8359375,20116.224609375,0
2024-12-18 10:30:00-05:00,20147.673828125,20179.1484375,20099.806640625,20139.69921875,1157721000
2024-12-18 11:30:00-05:00,20143.8828125,20164.158203125,20135.77734375,20148.5,950969000
2024-12-18 12:30:00-05:00,20146.8984375,20165.16015625,20129.412109375,20142.724609375,666677000
2024-12-18 13:30:00-05:00,19951.400390625,20161.056640625,19948.658203125,20146.669921875,765912000
2024-12-18 14:30:00-05:00,19598.0625,19993.03515625,19590.8046875,19949.638671875,1122271000
2024-12-18 15:30:00-05:00,19376.44140625,19633.607421875,19339.23828125,19609.69921875,944080000
2024-12-19 09:30:00-05:00,19451.7109375,19620.43359375,19448.8984375,19569.94921875,0
2024-12-19 10:30:00-05:00,19566.865234375,19571.5859375,19419.677734375,19462.861328125,921897000
2024-12-19 11:30:00-05:00,19430.771484375,19595.556640625,19423.63671875,19555.98046875,658866000
2024-12-19 12:30:00-05:00,19491.740234375,19492.931640625,19412.509765625,19439.91015625,718994000
2024-12-19 13:30:00-05:00,19480.552734375,19556.29296875,19472.36328125,19489.853515625,807865000
2024-12-19 14:30:00-05:00,19468.560546875,19501.19140625,19410.982421875,19480.84375,649562000
2024-12-19 15:30:00-05:00,19370.607421875,19483.568359375,19358.25,19472.35546875,569718000
2024-12-20 09:30:00-05:00,19447.71875,19447.71875,19169.330078125,19189.439453125,0
2024-12-20 10:30:00-05:00,19633.1328125,19642.109375,19447.619140625,19447.619140625,1076025000
2024-12-20 11:30:00-05:00,19757.76953125,19757.76953125,19634.591796875,19634.603515625,836375000
2024-12-20 12:30:00-05:00,19632.765625,19758.55078125,19632.150390625,19758.55078125,748644000
2024-12-20 13:30:00-05:00,19683.630859375,19684.279296875,19622.216796875,19631.9296875,589936000
2024-12-20 14:30:00-05:00,19621.623046875,19710.96484375,19619.521484375,19681.9453125,623288000
2024-12-20 15:30:00-05:00,19584.16796875,19627.09375,19536.986328125,19625.845703125,704676000
2024-12-23 09:30:00-05:00,19566.947265625,19687.39453125,19506.123046875,19652.4921875,0
2024-12-23 10:30:00-05:00,19648.80078125,19650.4296875,19554.259765625,19567.30078125,937409000
2024-12-23 11:30:00-05:00,19687.57421875,19728.68359375,19623.244140625,19646.587890625,613642000
2024-12-23 12:30:00-05:00,19717.548828125,19734.55859375,19677.91015625,19688.8671875,538965000
2024-12-23 13:30:00-05:00,19755.322265625,19768.375,19716.828125,19717.171875,496190000
2024-12-23 14:30:00-05:00,19713.11328125,19760.369140625,19679.2109375,19755.84375,540968000
2024-12-23 15:30:00-05:00,19758.958984375,19771.771484375,19714.85546875,19715.703125,504168000
2024-12-24 09:30:00-05:00,19924.583984375,19934.23828125,19813.763671875,19817.5,0
2024-12-24 10:30:00-05:00,19968.55078125,19977.2421875,19923.73046875,19925.63671875,885744000
2024-12-24 11:30:00-05:00,19982.580078125,19987.3203125,19951.865234375,19965.98828125,691759000
2024-12-26 09:30:00-05:00,19993.8203125,20007.822265625,19892.146484375,19986.0234375,0
2024-12-26 10:30:00-05:00,20001.236328125,20024.060546875,19981.869140625,19992.46875,908085000
2024-12-26 11:30:00-05:00,20029.9765625,20069.9296875,20001.259765625,20001.259765625,668652000
2024-12-26 12:30:00-05:00,20043.34765625,20047.55859375,19986.9140625,20030.6484375,610094000
2024-12-26 13:30:00-05:00,20018.78125,20045.994140625,20008.5625,20043.375,472120000
2024-12-26 14:30:00-05:00,20057.787109375,20065.00390625,20015.3828125,20019.962890625,498230000
2024-12-26 15:30:00-05:00,20020.380859375,20068.025390625,20018.708984375,20055.615234375,494301000
2024-12-27 09:30:00-05:00,19615.79296875,19904.2890625,19573.93359375,19904.2890625,0
2024-12-27 10:30:00-05:00,19688.869140625,19688.869140625,19574.50390625,19614.921875,1072356000
2024-12-27 11:30:00-05:00,19580.318359375,19690.54296875,19553.427734375,19688.73046875,798067000
2024-12-27 12:30:00-05:00,19631.42578125,19644.69921875,19558.9375,19581.466796875,585108000
2024-12-27 13:30:00-05:00,19671.275390625,19708.53515625,19626.390625,19631.44140625,569894000
2024-12-27 14:30:00-05:00,19683.33984375,19735.580078125,19667.533203125,19671.28515625,525394000
2024-12-27 15:30:00-05:00,19724.658203125,19738.677734375,19648.951171875,19679.1484375,495274000
2024-12-30 09:30:00-05:00,19366.958984375,19465.88671875,19343.037109375,19465.88671875,0
2024-12-30 10:30:00-05:00,19470.869140625,19491.5078125,19364.515625,19364.515625,1033073000
2024-12-30 11:30:00-05:00,19572.177734375,19574.177734375,19471.04296875,19471.04296875,907407000
2024-12-30 12:30:00-05:00,19585.248046875,19621.765625,19558.697265625,19570.66796875,803692000
2024-12-30 13:30:00-05:00,19575.408203125,19620.875,19549.203125,19583.724609375,671243000
2024-12-30 14:30:00-05:00,19544.763671875,19606.23046875,19544.763671875,19575.5625,646607000
2024-12-30 15:30:00-05:00,19486.2265625,19568.02734375,19485.072265625,19546.4921875,548896000
2024-12-31 09:30:00-05:00,19518.47265625,19562.478515625,19441.90234375,19552.74609375,0
2024-12-31 10:30:00-05:00,19399.86328125,19536.662109375,19394.51171875,19520.078125,1227201000
2024-12-31 11:30:00-05:00,19361.94921875,19448.396484375,19360.0,19396.93359375,886613000
2024-12-31 12:30:00-05:00,19322.263671875,19418.79296875,19311.921875,19361.837890625,667429000
2024-12-31 13:30:00-05:00,19301.66015625,19363.609375,19296.251953125,19319.603515625,549189000
2024-12-31 14:30:00-05:00,19396.498046875,19397.720703125,19283.498046875,19301.345703125,575927000
2024-12-31 15:30:00-05:00,19317.87109375,19401.826171875,19284.966796875,19395.44921875,520724000
2025-01-02 09:30:00-05:00,19385.345703125,19517.662109375,19270.36328125,19401.283203125,0
2025-01-02 10:30:00-05:00,19385.283203125,19412.755859375,19301.451171875,19381.18359375,1262783000
2025-01-02 11:30:00-05:00,19265.3203125,19442.91015625,19260.47265625,19382.21484375,901877000
2025-01-02 12:30:00-05:00,19180.048828125,19258.2890625,19117.5859375,19258.2890625,818590000
2025-01-02 13:30:00-05:00,19219.01171875,19227.89453125,19119.48828125,19175.80859375,579185000
2025-01-02 14:30:00-05:00,19263.255859375,19274.232421875,19177.3671875,19211.50390625,655993000
2025-01-02 15:30:00-05:00,19280.75390625,19292.46484375,19234.11328125,19269.533203125,539674000
2025-01-03 09:30:00-05:00,19438.291015625,19524.28515625,19380.359375,19399.775390625,0
2025-01-03 10:30:00-05:00,19511.630859375,19511.630859375,19411.232421875,19429.568359375,1007512000
2025-01-03 11:30:00-05:00,19532.607421875,19566.990234375,19509.888671875,19512.8125,809462000
2025-01-03 12:30:00-05:00,19585.716796875,19585.716796875,19528.220703125,19533.109375,678861000
2025-01-03 13:30:00-05:00,19616.470703125,19624.462890625,19579.982421875,19584.47265625,691365000
2025-01-03 14:30:00-05:00,19613.802734375,19638.58984375,19593.416015625,19614.765625,722518000
2025-01-03 15:30:00-05:00,19626.18359375,19629.826171875,19581.779296875,19609.65234375,663641000
2025-01-06 09:30:00-05:00,19979.70703125,19986.427734375,19839.60546875,19851.38671875,0
2025-01-06 10:30:00-05:00,19997.7109375,20007.30859375,19953.193359375,19982.251953125,1253548000
2025-01-06 11:30:00-05:00,19949.12109375,19997.931640625,19938.998046875,19997.931640625,807066000
2025-01-06 12:30:00-05:00,19912.546875,19956.849609375,19878.517578125,19945.90234375,752913000
2025-01-06 13:30:00-05:00,19842.51953125,19916.146484375,19814.107421875,19913.0546875,1021219000
2025-01-06 14:30:00-05:00,19850.96875,19852.619140625,19784.994140625,19842.3359375,736460000
2025-01-06 15:30:00-05:00,19867.810546875,19867.810546875,19798.9609375,19851.099609375,833382000
2025-01-07 09:30:00-05:00,19719.884765625,19940.212890625,19662.822265625,19940.212890625,0
2025-01-07 10:30:00-05:00,19677.1484375,19686.322265625,19531.470703125,19656.333984375,2172585000
2025-01-07 11:30:00-05:00,19558.962890625,19676.7734375,19546.2421875,19675.236328125,1591623000
2025-01-07 12:30:00-05:00,19635.013671875,19644.337890625,19524.830078125,19558.30078125,935988000
2025-01-07 13:30:00-05:00,19582.4609375,19634.06640625,19563.740234375,19633.486328125,865151000
2025-01-07 14:30:00-05:00,19463.37109375,19582.044921875,19459.82421875,19580.51171875,856451000
2025-01-07 15:30:00-05:00,19493.685546875,19500.396484375,19421.1328125,19472.150390625,702677000
2025-01-08 09:30:00-05:00,19422.357421875,19532.05859375,19377.71875,19461.123046875,0
2025-01-08 10:30:00-05:00,19448.033203125,19486.513671875,19413.4609375,19421.16015625,1159327000
2025-01-08 11:30:00-05:00,19324.322265625,19524.18359375,19320.25,19448.783203125,764177000
2025-01-08 12:30:00-05:00,19502.951171875,19516.28515625,19309.53125,19326.419921875,686695000
2025-01-08 13:30:00-05:00,19534.0078125,19544.50390625,19413.9921875,19501.416015625,603330000
2025-01-08 14:30:00-05:00,19467.30078125,19531.892578125,19430.642578125,19531.892578125,591182000
2025-01-08 15:30:00-05:00,19475.853515625,19491.08203125,19435.130859375,19467.369140625,590983000
2025-01-10 09:30:00-05:00,19169.580078125,19310.724609375,19024.791015625,19310.724609375,0
2025-01-10 10:30:00-05:00,19087.169921875,19257.3984375,19080.140625,19171.744140625,1220834000
2025-01-10 11:30:00-05:00,19113.447265625,19134.810546875,19046.859375,19083.509765625,725193000
2025-01-10 12:30:00-05:00,19251.208984375,19270.755859375,19110.458984375,19112.91796875,641235000
2025-01-10 13:30:00-05:00,19236.2734375,19302.029296875,19193.85546875,19255.40625,624578000
2025-01-10 14:30:00-05:00,19155.986328125,19235.55078125,19150.08984375,19235.55078125,603613000
2025-01-10 15:30:00-05:00,19159.65625,19186.724609375,19134.109375,19152.625,563637000
2025-01-13 09:30:00-05:00,18859.01953125,18979.359375,18832.7734375,18897.78125,0
2025-01-13 10:30:00-05:00,18894.080078125,19002.08203125,18859.1796875,18862.4609375,953975000
2025-01-13 11:30:00-05:00,18974.509765625,18985.41796875,18853.080078125,18892.66015625,714984000
2025-01-13 12:30:00-05:00,19014.2890625,19021.388671875,18948.8125,18968.603515625,530662000
2025-01-13 13:30:00-05:00,19020.38671875,19031.646484375,18973.390625,19016.341796875,490963000
2025-01-13 14:30:00-05:00,19016.77734375,19050.84765625,19001.63671875,19017.439453125,563108000
2025-01-13 15:30:00-05:00,19087.81640625,19099.88671875,19010.423828125,19017.404296875,592170000
2025-01-14 09:30:00-05:00,19162.009765625,19273.13671875,19126.986328125,19218.408203125,0
2025-01-14 10:30:00-05:00,19059.068359375,19169.966796875,19034.125,19165.111328125,947577000
2025-01-14 11:30:00-05:00,19000.16796875,19070.501953125,18963.197265625,19055.607421875,672985000
2025-01-14 12:30:00-05:00,19078.525390625,19082.70703125,18947.80078125,19000.171875,502520000
2025-01-14 13:30:00-05:00,19115.41015625,19142.240234375,19069.787109375,19075.66015625,513430000
2025-01-14 14:30:00-05:00,18976.466796875,19134.0,18926.6015625,19115.87109375,610213000
2025-01-14 15:30:00-05:00,19046.04296875,19046.04296875,18942.275390625,18985.25390625,529227000
2025-01-15 09:30:00-05:00,19482.541015625,19496.001953125,19299.990234375,19354.0390625,0
2025-01-15 10:30:00-05:00,19431.103515625,19487.61328125,19420.224609375,19484.802734375,932047000
2025-01-15 11:30:00-05:00,19427.048828125,19428.814453125,19360.392578125,19425.625,712456000
2025-01-15 12:30:00-05:00,19480.3515625,19480.3515625,19422.361328125,19426.791015625,538906000
2025-01-15 13:30:00-05:00,19511.345703125,19512.345703125,19464.037109375,19480.54296875,481664000
2025-01-15 14:30:00-05:00,19536.09765625,19548.685546875,19503.466796875,19511.62109375,553709000
2025-01-15 15:30:00-05:00,19508.494140625,19544.625,19502.509765625,19534.494140625,562227000
2025-01-16 09:30:00-05:00,19462.93359375,19576.4296875,19436.244140625,19573.166015625,0
2025-01-16 10:30:00-05:00,19475.12109375,19538.5234375,19429.294921875,19464.341796875,975543000
2025-01-16 11:30:00-05:00,19479.806640625,19485.70703125,19398.33203125,19475.126953125,607937000
2025-01-16 12:30:00-05:00,19406.8828125,19480.248046875,19405.314453125,19478.09765625,487349000
2025-01-16 13:30:00-05:00,19419.08984375,19423.201171875,19344.833984375,19404.125,498682000
2025-01-16 14:30:00-05:00,19412.29296875,19465.77734375,19400.451171875,19420.396484375,479693000
2025-01-16 15:30:00-05:00,19336.990234375,19425.37890625,19335.759765625,19410.7421875,522555000
2025-01-17 09:30:00-05:00,19581.189453125,19661.376953125,19543.92578125,19655.814453125,1813055141
2025-01-17 10:30:00-05:00,19672.93359375,19679.29296875,19576.443359375,19586.025390625,940629000
2025-01-17 11:30:00-05:00,19670.17578125,19677.58203125,19616.431640625,19673.806640625,898980000
2025-01-17 12:30:00-05:00,19693.25390625,19709.5390625,19654.94140625,19669.876953125,612449000
2025-01-17 13:30:00-05:00,19666.97265625,19694.796875,19648.685546875,19693.4375,671801000
2025-01-17 14:30:00-05:00,19634.005859375,19674.845703125,19626.3125,19667.98828125,675855000
2025-01-17 15:30:00-05:00,19632.396484375,19667.73046875,19618.361328125,19632.86328125,559615000
2025-01-21 09:30:00-05:00,19661.37890625,19735.72265625,19558.111328125,19735.72265625,0
2025-01-21 10:30:00-05:00,19655.615234375,19679.560546875,19620.3203125,19659.791015625,985123000
2025-01-21 11:30:00-05:00,19715.126953125,19719.380859375,19635.240234375,19655.453125,699374000
2025-01-21 12:30:00-05:00,19771.072265625,19789.177734375,19714.62109375,19715.099609375,692653000
2025-01-21 13:30:00-05:00,19767.0859375,19782.458984375,19736.947265625,19771.537109375,595539000
2025-01-21 14:30:00-05:00,19773.845703125,19775.927734375,19729.017578125,19767.291015625,579847000
2025-01-21 15:30:00-05:00,19751.140625,19784.109375,19737.375,19773.552734375,563260000
2025-01-22 09:30:00-05:00,20002.94140625,20023.349609375,19908.41015625,19909.43359375,0
2025-01-22 10:30:00-05:00,20029.818359375,20030.84375,19979.716796875,19999.396484375,942774000
2025-01-22 11:30:00-05:00,20053.625,20068.517578125,20025.125,20030.0078125,651698000
2025-01-22 12:30:00-05:00,20006.3359375,20056.1328125,20002.83203125,20053.240234375,578144000
2025-01-22 13:30:00-05:00,20013.724609375,20038.27734375,20003.974609375,20007.16015625,523218000
2025-01-22 14:30:00-05:00,20011.609375,20036.62109375,20005.849609375,20013.75390625,565580000
2025-01-22 15:30:00-05:00,20006.248046875,20028.0625,19986.650390625,20011.21484375,514681000
2025-01-23 09:30:00-05:00,19930.119140625,19943.916015625,19893.466796875,19911.24609375,0
2025-01-23 10:30:00-05:00,19974.384765625,19974.384765625,19921.328125,19932.16796875,873517000
2025-01-23 11:30:00-05:00,19945.900390625,19994.099609375,19941.64453125,19973.837890625,574260000
2025-01-23 12:30:00-05:00,19974.201171875,19989.09375,19924.818359375,19945.15625,503192000
2025-01-23 13:30:00-05:00,19956.9921875,19995.07421875,19936.341796875,19975.060546875,611728000
2025-01-23 14:30:00-05:00,19985.908203125,19992.5,19957.67578125,19957.751953125,747248000
2025-01-23 15:30:00-05:00,20051.228515625,20051.228515625,19969.95703125,19983.521484375,540865000
2025-01-24 09:30:00-05:00,20029.572265625,20118.31640625,20023.947265625,20085.634765625,0
2025-01-24 10:30:00-05:00,20046.6875,20050.9921875,20008.865234375,20029.185546875,1128607000
2025-01-24 11:30:00-05:00,20019.119140625,20073.099609375,20015.400390625,20048.72265625,812839000
2025-01-24 12:30:00-05:00,19981.57421875,20027.634765625,19955.51171875,20019.50390625,622765000
2025-01-24 13:30:00-05:00,19923.787109375,19988.81640625,19897.392578125,19981.693359375,608512000
2025-01-24 14:30:00-05:00,19907.986328125,19945.03125,19903.9453125,19923.146484375,590121000
2025-01-24 15:30:00-05:00,19953.626953125,19961.474609375,19908.068359375,19911.107421875,530740000
2025-01-27 09:30:00-05:00,19458.31640625,19458.31640625,19240.57421875,19240.57421875,0
2025-01-27 10:30:00-05:00,19308.7265625,19513.3671875,19299.689453125,19451.193359375,1183464000
2025-01-27 11:30:00-05:00,19323.767578125,19370.572265625,19271.607421875,19304.9921875,894369000
2025-01-27 12:30:00-05:00,19246.064453125,19353.23828125,19243.578125,19323.306640625,686907000
2025-01-27 13:30:00-05:00,19345.240234375,19350.9140625,19245.98828125,19245.98828125,631444000
2025-01-27 14:30:00-05:00,19265.240234375,19345.203125,19205.17578125,19345.203125,693464000
2025-01-27 15:30:00-05:00,19349.849609375,19349.849609375,19264.27734375,19273.56640625,543005000
2025-01-28 09:30:00-05:00,19583.59765625,19594.748046875,19295.396484375,19427.001953125,0
2025-01-28 10:30:00-05:00,19532.51953125,19596.234375,19520.828125,19581.75390625,940394000
2025-01-28 11:30:00-05:00,19677.26171875,19686.943359375,19520.529296875,19530.27734375,671468000
2025-01-28 12:30:00-05:00,19680.19921875,19707.025390625,19646.732421875,19677.001953125,587419000
2025-01-28 13:30:00-05:00,19693.5546875,19698.048828125,19654.201171875,19679.5703125,526807000
2025-01-28 14:30:00-05:00,19749.8671875,19759.400390625,19693.314453125,19693.314453125,662436000
2025-01-28 15:30:00-05:00,19728.947265625,19752.93359375,19700.4453125,19746.638671875,548244000
2025-01-29 09:30:00-05:00,19614.052734375,19697.87890625,19598.994140625,19696.783203125,0
2025-01-29 10:30:00-05:00,19591.076171875,19634.69921875,19569.177734375,19609.4296875,791159000
2025-01-29 11:30:00-05:00,19622.568359375,19635.8984375,19569.056640625,19588.716796875,549200000
2025-01-29 12:30:00-05:00,19587.9453125,19633.623046875,19480.154296875,19622.28125,505147000
2025-01-29 13:30:00-05:00,19503.1484375,19606.205078125,19490.958984375,19588.201171875,499531000
2025-01-29 14:30:00-05:00,19675.3203125,19682.2890625,19496.9296875,19502.046875,716850000
2025-01-29 15:30:00-05:00,19630.390625,19686.2890625,19575.0390625,19675.734375,520312000
2025-01-30 09:30:00-05:00,19597.49609375,19783.984375,19596.390625,19688.869140625,0
2025-01-30 10:30:00-05:00,19588.94921875,19649.41796875,19483.833984375,19600.638671875,845918000
2025-01-30 11:30:00-05:00,19579.296875,19670.28515625,19569.6015625,19593.599609375,643019000
2025-01-30 12:30:00-05:00,19604.55859375,19629.79296875,19567.572265625,19579.962890625,488857000
2025-01-30 13:30:00-05:00,19667.435546875,19676.369140625,19606.765625,19607.486328125,503816000
2025-01-30 14:30:00-05:00,19740.30859375,19750.130859375,19656.109375,19669.2890625,556560000
2025-01-30 15:30:00-05:00,19678.046875,19740.587890625,19595.373046875,19735.220703125,622638000
2025-01-31 09:30:00-05:00,19918.40234375,19937.994140625,19818.9609375,19836.630859375,0
2025-01-31 10:30:00-05:00,19924.474609375,19969.15625,19914.529296875,19920.240234375,1058025000
2025-01-31 11:30:00-05:00,19941.64453125,19941.64453125,19886.248046875,19920.5078125,788409000
2025-01-31 12:30:00-05:00,19833.06640625,19946.048828125,19830.025390625,19942.134765625,594075000
2025-01-31 13:30:00-05:00,19735.583984375,19840.19921875,19703.822265625,19827.578125,715019000
2025-01-31 14:30:00-05:00,19591.0625,19752.013671875,19581.13671875,19736.046875,701572000
2025-01-31 15:30:00-05:00,19626.09375,19669.001953125,19575.20703125,19603.5703125,537709000
2025-02-03 09:30:00-05:00,19358.240234375,19365.951171875,19141.55859375,19208.58203125,0
2025-02-03 10:30:00-05:00,19404.556640625,19455.912109375,19345.75,19360.263671875,1005306000
2025-02-03 11:30:00-05:00,19388.759765625,19449.09375,19365.60546875,19397.544921875,727614000
2025-02-03 12:30:00-05:00,19397.724609375,19414.794921875,19346.18359375,19387.63671875,627421000
2025-02-03 13:30:00-05:00,19474.837890625,19501.421875,19390.888671875,19401.90234375,509884000
2025-02-03 14:30:00-05:00,19446.859375,19495.005859375,19444.7109375,19474.923828125,571920000
2025-02-03 15:30:00-05:00,19387.173828125,19461.265625,19385.576171875,19447.126953125,504451000
2025-02-04 09:30:00-05:00,19608.7421875,19625.7890625,19409.37109375,19422.873046875,0
2025-02-04 10:30:00-05:00,19648.3515625,19648.3515625,19590.9296875,19608.8671875,877368000
2025-02-04 11:30:00-05:00,19547.4609375,19660.94140625,19546.556640625,19648.794921875,696415000
2025-02-04 12:30:00-05:00,19616.7265625,19620.677734375,19542.16796875,19549.333984375,552162000
2025-02-04 13:30:00-05:00,19639.80078125,19654.73046875,19599.708984375,19615.70703125,470899000
2025-02-04 14:30:00-05:00,19613.57421875,19653.638671875,19600.822265625,19640.296875,571651000
2025-02-04 15:30:00-05:00,19651.052734375,19665.732421875,19610.787109375,19610.787109375,482263000
2025-02-05 09:30:00-05:00,19551.091796875,19578.02734375,19502.55859375,19528.32421875,0
2025-02-05 10:30:00-05:00,19581.302734375,19594.7578125,19526.724609375,19554.189453125,809599000
2025-02-05 11:30:00-05:00,19652.572265625,19684.7265625,19576.615234375,19582.515625,614524000
2025-02-05 12:30:00-05:00,19626.400390625,19655.943359375,19614.466796875,19652.515625,540196000
2025-02-05 13:30:00-05:00,19644.01953125,19664.890625,19618.712890625,19626.103515625,475148000
2025-02-05 14:30:00-05:00,19670.462890625,19676.77734375,19636.52734375,19643.935546875,547905000
2025-02-05 15:30:00-05:00,19694.810546875,19694.875,19622.6171875,19671.607421875,492943000
2025-02-06 09:30:00-05:00,19725.314453125,19774.634765625,19694.546875,19721.798828125,0
2025-02-06 10:30:00-05:00,19735.62109375,19760.849609375,19683.83203125,19725.689453125,998042000
2025-02-06 11:30:00-05:00,19722.810546875,19743.806640625,19692.392578125,19735.9453125,698335000
2025-02-06 12:30:00-05:00,19757.359375,19762.359375,19712.36328125,19722.462890625,517505000
2025-02-06 13:30:00-05:00,19725.857421875,19765.654296875,19720.68359375,19757.611328125,522552000
2025-02-06 14:30:00-05:00,19715.263671875,19724.3828125,19654.927734375,19724.3828125,565430000
2025-02-06 15:30:00-05:00,19788.83203125,19793.064453125,19716.33203125,19716.33203125,493824000
2025-02-07 09:30:00-05:00,19666.67578125,19861.5859375,19610.435546875,19778.609375,0
2025-02-07 10:30:00-05:00,19572.224609375,19710.265625,19552.564453125,19656.52734375,1079561000
2025-02-07 11:30:00-05:00,19539.927734375,19592.15625,19505.220703125,19577.826171875,767632000
2025-02-07 12:30:00-05:00,19617.505859375,19631.373046875,19528.806640625,19538.939453125,615146000
2025-02-07 13:30:00-05:00,19503.62890625,19627.4765625,19496.681640625,19614.923828125,556804000
2025-02-07 14:30:00-05:00,19505.38671875,19540.61328125,19489.39453125,19500.787109375,557007000
2025-02-07 15:30:00-05:00,19524.470703125,19549.62890625,19504.4765625,19514.19921875,525971000
2025-02-10 09:30:00-05:00,19752.2578125,19761.62890625,19653.115234375,19664.787109375,0
2025-02-10 10:30:00-05:00,19739.275390625,19771.97265625,19731.654296875,19755.0625,1521679000
2025-02-10 11:30:00-05:00,19708.083984375,19748.75,19700.763671875,19740.232421875,967125000
2025-02-10 12:30:00-05:00,19743.166015625,19752.259765625,19706.47265625,19708.7421875,941124000
2025-02-10 13:30:00-05:00,19746.76171875,19756.89453125,19735.26953125,19742.9453125,809423000
2025-02-10 14:30:00-05:00,19736.810546875,19750.12109375,19722.46875,19747.16796875,735811000
2025-02-10 15:30:00-05:00,19714.5546875,19737.498046875,19702.2890625,19736.037109375,604244000
2025-02-11 09:30:00-05:00,19703.599609375,19707.798828125,19609.5859375,19610.67578125,0
2025-02-11 10:30:00-05:00,19686.396484375,19731.525390625,19680.345703125,19701.623046875,1226477000
2025-02-11 11:30:00-05:00,19646.810546875,19696.619140625,19579.767578125,19690.498046875,1039706000
2025-02-11 12:30:00-05:00,19631.5546875,19650.134765625,19612.87109375,19648.48828125,776882000
2025-02-11 13:30:00-05:00,19653.609375,19685.7578125,19630.451171875,19630.451171875,601642000
2025-02-11 14:30:00-05:00,19666.390625,19692.169921875,19651.818359375,19653.662109375,638756000
2025-02-11 15:30:00-05:00,19645.173828125,19670.43359375,19627.1875,19664.96875,606149000
2025-02-12 09:30:00-05:00,19563.8828125,19593.435546875,19415.484375,19434.302734375,0
2025-02-12 10:30:00-05:00,19537.423828125,19620.0625,19523.060546875,19564.279296875,1018965000
2025-02-12 11:30:00-05:00,19650.904296875,19658.095703125,19538.232421875,19538.232421875,734033000
2025-02-12 12:30:00-05:00,19654.51953125,19679.8125,19624.193359375,19643.70703125,666218000
2025-02-12 13:30:00-05:00,19643.693359375,19660.4765625,19617.76171875,19655.14453125,569680000
2025-02-12 14:30:00-05:00,19666.947265625,19682.43359375,19640.38671875,19643.251953125,614493000
2025-02-12 15:30:00-05:00,19648.58203125,19671.1484375,19621.828125,19665.078125,576953000
2025-02-13 09:30:00-05:00,19798.16015625,19819.859375,19678.08984375,19700.23828125,0
2025-02-13 10:30:00-05:00,19833.50390625,19880.359375,19798.849609375,19799.755859375,1165263000
2025-02-13 11:30:00-05:00,19805.744140625,19837.5078125,19777.591796875,19832.30859375,841182000
2025-02-13 12:30:00-05:00,19787.572265625,19830.40625,19743.32421875,19805.9609375,687615000
2025-02-13 13:30:00-05:00,19868.734375,19870.1640625,19763.771484375,19789.265625,720053000
2025-02-13 14:30:00-05:00,19919.30078125,19927.603515625,19863.939453125,19868.525390625,681167000
2025-02-13 15:30:00-05:00,19943.638671875,19951.13671875,19900.330078125,19913.41015625,604838000
2025-02-14 09:30:00-05:00,19976.978515625,20003.482421875,19935.939453125,19957.384765625,2005305174
2025-02-14 10:30:00-05:00,19974.607421875,20000.962890625,19937.642578125,19977.64453125,1087872000
2025-02-14 11:30:00-05:00,19936.978515625,19979.5546875,19936.978515625,19974.40234375,785208000
2025-02-14 12:30:00-05:00,19980.525390625,19997.0234375,19932.1640625,19938.689453125,589876000
2025-02-14 13:30:00-05:00,20001.736328125,20021.017578125,19979.787109375,19979.787109375,530950000
2025-02-14 14:30:00-05:00,20013.375,20018.619140625,19989.77734375,20001.8515625,572767000
2025-02-14 15:30:00-05:00,20024.453125,20045.14453125,20009.46484375,20012.134765625,563810000
2025-02-18 09:30:00-05:00,19981.939453125,20109.521484375,19976.064453125,20086.447265625,0
2025-02-18 10:30:00-05:00,20034.21484375,20038.60546875,19973.451171875,19979.404296875,1059809000
2025-02-18 11:30:00-05:00,19996.453125,20039.3046875,19990.482421875,20033.6328125,826376000
2025-02-18 12:30:00-05:00,19970.65625,20020.546875,19968.55078125,19997.95703125,690425000
2025-02-18 13:30:00-05:00,19950.556640625,19971.279296875,19909.8671875,19970.310546875,727516000
2025-02-18 14:30:00-05:00,19971.994140625,19984.384765625,19947.083984375,19950.994140625,662542000
2025-02-18 15:30:00-05:00,20037.443359375,20037.63671875,19959.7421875,19971.541015625,670572000
2025-02-19 09:30:00-05:00,19963.017578125,20015.24609375,19930.46484375,19993.3671875,0
2025-02-19 10:30:00-05:00,20020.423828125,20024.3828125,19958.16796875,19962.79296875,1200062000
2025-02-19 11:30:00-05:00,20028.30859375,20052.779296875,20010.703125,20016.80859375,739669000
2025-02-19 12:30:00-05:00,20046.021484375,20058.37890625,20008.66796875,20027.6640625,615411000
2025-02-19 13:30:00-05:00,20075.560546875,20084.998046875,20033.515625,20047.748046875,567414000
2025-02-19 14:30:00-05:00,20024.474609375,20099.173828125,20016.724609375,20074.28125,711181000
2025-02-19 15:30:00-05:00,20055.720703125,20062.162109375,20026.900390625,20029.814453125,663769000
2025-02-20 09:30:00-05:00,19912.337890625,20040.14453125,19797.486328125,20031.0078125,0
2025-02-20 10:30:00-05:00,19895.048828125,19924.79296875,19821.8046875,19908.087890625,930388000
2025-02-20 11:30:00-05:00,19917.55859375,19926.138671875,19859.427734375,19895.5234375,723998000
2025-02-20 12:30:00-05:00,19892.494140625,19931.96875,19879.767578125,19918.04296875,629514000
2025-02-20 13:30:00-05:00,19929.79296875,19944.69921875,19888.2890625,19891.91796875,540898000
2025-02-20 14:30:00-05:00,19935.328125,19953.21875,19896.916015625,19929.96484375,546207000
2025-02-20 15:30:00-05:00,19963.625,19973.6875,19926.0703125,19935.373046875,572539000
2025-02-21 09:30:00-05:00,19840.908203125,20014.189453125,19832.083984375,20008.00390625,0
2025-02-21 10:30:00-05:00,19826.11328125,19853.265625,19780.58984375,19839.29296875,1005699000
2025-02-21 11:30:00-05:00,19762.541015625,19842.826171875,19732.919921875,19825.2421875,850918000
2025-02-21 12:30:00-05:00,19643.140625,19764.671875,19623.150390625,19764.671875,833900000
2025-02-21 13:30:00-05:00,19529.53125,19687.72265625,19526.181640625,19643.873046875,712927000
2025-02-21 14:30:00-05:00,19545.314453125,19567.150390625,19513.537109375,19528.783203125,752453000
2025-02-21 15:30:00-05:00,19523.349609375,19550.509765625,19510.908203125,19550.181640625,645056000
2025-02-24 09:30:00-05:00,19337.880859375,19642.2734375,19277.6328125,19586.55859375,0
2025-02-24 10:30:00-05:00,19432.158203125,19441.978515625,19285.509765625,19342.978515625,1003393000
2025-02-24 11:30:00-05:00,19479.34765625,19495.9921875,19406.486328125,19438.638671875,612586000
2025-02-24 12:30:00-05:00,19497.240234375,19506.525390625,19461.765625,19479.21875,485903000
2025-02-24 13:30:00-05:00,19426.61328125,19502.478515625,19425.736328125,19497.876953125,466502000
2025-02-24 14:30:00-05:00,19385.484375,19448.818359375,19385.484375,19426.068359375,543794000
2025-02-24 15:30:00-05:00,19292.69921875,19413.62890625,19279.09375,19387.935546875,535364000
2025-02-25 09:30:00-05:00,18913.70703125,19255.849609375,18909.0703125,19237.154296875,0
2025-02-25 10:30:00-05:00,18912.751953125,19024.134765625,18908.44140625,18930.099609375,1070002000
2025-02-25 11:30:00-05:00,19056.20703125,19063.189453125,18873.869140625,18920.146484375,752326000
2025-02-25 12:30:00-05:00,19047.453125,19145.30859375,19047.453125,19055.248046875,601441000
2025-02-25 13:30:00-05:00,19011.904296875,19113.041015625,19004.107421875,19045.912109375,517577000
2025-02-25 14:30:00-05:00,19104.271484375,19136.1796875,19009.974609375,19009.974609375,608482000
2025-02-25 15:30:00-05:00,19029.5546875,19106.712890625,19001.53125,19106.712890625,554257000
2025-02-26 09:30:00-05:00,19177.83984375,19262.38671875,19080.5546875,19104.66015625,0
2025-02-26 10:30:00-05:00,19246.6484375,19284.240234375,19182.609375,19182.609375,875640000
2025-02-26 11:30:00-05:00,19258.17578125,19285.697265625,19223.189453125,19247.90625,648785000
2025-02-26 12:30:00-05:00,19072.62890625,19267.423828125,19072.62890625,19258.529296875,543361000
2025-02-26 13:30:00-05:00,19020.314453125,19096.564453125,18966.951171875,19071.685546875,606858000
2025-02-26 14:30:00-05:00,19039.79296875,19056.583984375,18977.56640625,19015.80859375,554482000
2025-02-26 15:30:00-05:00,19079.86328125,19101.408203125,19018.75390625,19036.55078125,541618000
2025-02-27 09:30:00-05:00,19012.875,19239.69921875,18802.990234375,19211.541015625,0
2025-02-27 10:30:00-05:00,18963.873046875,19047.7734375,18916.375,19014.458984375,897759000
2025-02-27 11:30:00-05:00,18951.416015625,18994.939453125,18868.875,18957.369140625,593014000
2025-02-27 12:30:00-05:00,18985.93359375,19006.333984375,18899.076171875,18952.015625,506243000
2025-02-27 13:30:00-05:00,18804.908203125,18998.505859375,18802.90625,18987.12890625,519517000
2025-02-27 14:30:00-05:00,18627.98046875,18802.357421875,18627.98046875,18801.869140625,770541000
2025-02-27 15:30:00-05:00,18547.951171875,18667.228515625,18537.515625,18631.296875,645893000
2025-02-28 09:30:00-05:00,18684.884765625,18684.884765625,18373.796875,18478.353515625,0
2025-02-28 10:30:00-05:00,18578.322265625,18700.408203125,18575.87109375,18684.203125,911788000
2025-02-28 11:30:00-05:00,18631.18359375,18671.447265625,18566.697265625,18573.08203125,645048000
2025-02-28 12:30:00-05:00,18530.71484375,18633.515625,18439.6171875,18633.515625,642520000
2025-02-28 13:30:00-05:00,18535.009765625,18590.44921875,18480.251953125,18531.419921875,520305000
2025-02-28 14:30:00-05:00,18686.205078125,18686.205078125,18526.705078125,18536.626953125,568306000
2025-02-28 15:30:00-05:00,18837.771484375,18859.23046875,18617.146484375,18679.81640625,596940000
2025-03-03 09:30:00-05:00,18809.912109375,18992.130859375,18647.185546875,18914.4375,0
2025-03-03 10:30:00-05:00,18753.689453125,18834.63671875,18721.361328125,18809.4296875,820054000
2025-03-03 11:30:00-05:00,18785.431640625,18799.064453125,18700.7734375,18755.0546875,669164000
2025-03-03 12:30:00-05:00,18556.08203125,18802.994140625,18549.65625,18787.130859375,661241000
2025-03-03 13:30:00-05:00,18579.40234375,18648.55078125,18532.240234375,18556.21875,591678000
2025-03-03 14:30:00-05:00,18278.400390625,18665.466796875,18267.30078125,18578.109375,856719000
2025-03-03 15:30:00-05:00,18351.876953125,18351.876953125,18216.62890625,18279.982421875,712804000
2025-03-04 09:30:00-05:00,18039.8828125,18269.9375,17957.3515625,18171.677734375,0
2025-03-04 10:30:00-05:00,18032.47265625,18128.462890625,18002.90625,18030.64453125,910280000
2025-03-04 11:30:00-05:00,18277.337890625,18303.36328125,18031.251953125,18031.251953125,767859000
2025-03-04 12:30:00-05:00,18265.9375,18363.44921875,18207.025390625,18275.359375,625889000
2025-03-04 13:30:00-05:00,18442.279296875,18487.458984375,18244.98046875,18257.541015625,611287000
2025-03-04 14:30:00-05:00,18547.541015625,18589.123046875,18419.193359375,18444.59375,674852000
2025-03-04 15:30:00-05:00,18283.06640625,18548.896484375,18219.220703125,18548.896484375,635136000
2025-03-05 09:30:00-05:00,18250.875,18381.48828125,18188.490234375,18317.78515625,0
2025-03-05 10:30:00-05:00,18223.6171875,18344.580078125,18184.83203125,18245.65625,733632000
2025-03-05 11:30:00-05:00,18374.361328125,18374.65625,18144.7265625,18219.623046875,621094000
2025-03-05 12:30:00-05:00,18399.349609375,18473.19140625,18349.736328125,18377.19921875,573524000
2025-03-05 13:30:00-05:00,18525.71875,18589.560546875,18357.4453125,18394.08984375,534440000
2025-03-05 14:30:00-05:00,18573.76171875,18603.421875,18497.501953125,18530.740234375,563892000
2025-03-05 15:30:00-05:00,18550.0390625,18587.4765625,18503.173828125,18568.435546875,538481000
2025-03-06 09:30:00-05:00,18391.3046875,18414.453125,18182.197265625,18196.302734375,0
2025-03-06 10:30:00-05:00,18349.689453125,18438.4140625,18304.62109375,18388.390625,840455000
2025-03-06 11:30:00-05:00,18118.537109375,18398.548828125,18096.791015625,18353.955078125,696791000
2025-03-06 12:30:00-05:00,18109.375,18167.654296875,18066.7890625,18115.9296875,583360000
2025-03-06 13:30:00-05:00,17998.384765625,18129.314453125,17986.544921875,18108.09765625,578014000
2025-03-06 14:30:00-05:00,18081.744140625,18166.220703125,17980.392578125,18001.80859375,762995000
2025-03-06 15:30:00-05:00,18068.763671875,18120.634765625,18022.552734375,18080.693359375,572502000
2025-03-07 09:30:00-05:00,18044.4609375,18225.841796875,18026.265625,18040.998046875,0
2025-03-07 10:30:00-05:00,17874.716796875,18059.9296875,17868.658203125,18045.48046875,1051964000
2025-03-07 11:30:00-05:00,17869.255859375,17884.8203125,17769.408203125,17884.8203125,906936000
2025-03-07 12:30:00-05:00,18045.494140625,18106.126953125,17848.806640625,17852.919921875,752508000
2025-03-07 13:30:00-05:00,18216.12109375,18231.94921875,18038.150390625,18045.716796875,617246000
2025-03-07 14:30:00-05:00,18191.896484375,18235.513671875,18143.328125,18217.994140625,631726000
2025-03-07 15:30:00-05:00,18193.162109375,18241.623046875,18085.14453125,18190.580078125,587877000
2025-03-10 09:30:00-04:00,17643.724609375,17866.673828125,17637.35546875,17835.0234375,0
2025-03-10 10:30:00-04:00,17606.55078125,17664.330078125,17492.099609375,17637.615234375,1070491000
2025-03-10 11:30:00-04:00,17566.318359375,17678.685546875,17520.103515625,17607.123046875,778981000
2025-03-10 12:30:00-04:00,17489.7890625,17622.6640625,17447.083984375,17565.99609375,680889000
2025-03-10 13:30:00-04:00,17425.36328125,17492.470703125,17395.08984375,17488.962890625,660577000
2025-03-10 14:30:00-04:00,17442.3515625,17491.796875,17293.583984375,17429.84375,814304000
2025-03-10 15:30:00-04:00,17470.20703125,17548.9375,17416.91015625,17450.498046875,727194000
2025-03-11 09:30:00-04:00,17356.71875,17614.52734375,17351.078125,17446.376953125,0
2025-03-11 10:30:00-04:00,17456.568359375,17520.298828125,17298.939453125,17356.18359375,1360636000
2025-03-11 11:30:00-04:00,17403.232421875,17559.0390625,17366.712890625,17463.06640625,781479000
2025-03-11 12:30:00-04:00,17245.9609375,17444.041015625,17242.623046875,17417.44140625,639967000
2025-03-11 13:30:00-04:00,17514.388671875,17543.521484375,17238.236328125,17238.236328125,684685000
2025-03-11 14:30:00-04:00,17574.060546875,17686.119140625,17480.7265625,17516.328125,792142000
2025-03-11 15:30:00-04:00,17434.462890625,17578.50390625,17430.974609375,17569.556640625,571978000
2025-03-12 09:30:00-04:00,17646.078125,17797.43359375,17611.44140625,17712.384765625,0
2025-03-12 10:30:00-04:00,17551.349609375,17653.0390625,17438.140625,17644.22265625,929163000
2025-03-12 11:30:00-04:00,17689.734375,17710.064453125,17544.443359375,17556.185546875,692961000
2025-03-12 12:30:00-04:00,17715.228515625,17734.046875,17633.4765625,17697.583984375,562647000
2025-03-12 13:30:00-04:00,17661.828125,17729.484375,17568.587890625,17712.576171875,552032000
2025-03-12 14:30:00-04:00,17649.36328125,17722.591796875,17625.78125,17663.904296875,599603000
2025-03-12 15:30:00-04:00,17645.203125,17673.599609375,17598.5234375,17648.89453125,549604000
2025-03-13 09:30:00-04:00,17518.2578125,17621.91015625,17380.318359375,17593.572265625,0
2025-03-13 10:30:00-04:00,17414.75,17556.0546875,17406.287109375,17522.6640625,799660000
2025-03-13 11:30:00-04:00,17357.24609375,17435.259765625,17345.125,17412.935546875,633183000
2025-03-13 12:30:00-04:00,17285.244140625,17428.4609375,17248.86328125,17350.03515625,522338000
2025-03-13 13:30:00-04:00,17381.4609375,17381.4609375,17239.439453125,17278.451171875,518279000
2025-03-13 14:30:00-04:00,17319.05859375,17441.59765625,17308.140625,17382.54296875,572730000
2025-03-13 15:30:00-04:00,17304.802734375,17336.791015625,17256.123046875,17314.515625,531366000
2025-03-14 09:30:00-04:00,17517.193359375,17646.37890625,17491.8671875,17532.765625,0
2025-03-14 10:30:00-04:00,17676.13671875,17692.0859375,17517.5,17517.5,923776000
2025-03-14 11:30:00-04:00,17656.009765625,17739.03515625,17651.98046875,17675.787109375,734651000
2025-03-14 12:30:00-04:00,17686.896484375,17736.42578125,17648.34765625,17655.765625,557546000
2025-03-14 13:30:00-04:00,17663.671875,17703.037109375,17647.8671875,17686.8359375,500469000
2025-03-14 14:30:00-04:00,17702.33984375,17740.3828125,17666.083984375,17666.353515625,542246000
2025-03-14 15:30:00-04:00,17747.515625,17773.484375,17690.578125,17702.8671875,530214000
2025-03-17 09:30:00-04:00,17720.939453125,17852.13671875,17719.337890625,17719.337890625,0
2025-03-17 10:30:00-04:00,17688.994140625,17757.0625,17663.8359375,17715.04296875,742913000
2025-03-17 11:30:00-04:00,17670.94921875,17734.1484375,17646.44140625,17688.13671875,572212000
2025-03-17 12:30:00-04:00,17751.4921875,17759.837890625,17665.1875,17673.01171875,454864000
2025-03-17 13:30:00-04:00,17892.568359375,17898.01171875,17746.56640625,17753.341796875,491877000
2025-03-17 14:30:00-04:00,17886.912109375,17925.939453125,17873.84375,17891.150390625,558860000
2025-03-17 15:30:00-04:00,17807.52734375,17896.7265625,17807.52734375,17883.255859375,506841000
2025-03-18 09:30:00-04:00,17504.30859375,17682.919921875,17453.75390625,17659.0625,0
2025-03-18 10:30:00-04:00,17489.966796875,17532.22265625,17431.931640625,17503.38671875,762790000
2025-03-18 11:30:00-04:00,17553.62890625,17555.892578125,17461.884765625,17483.861328125,545315000
2025-03-18 12:30:00-04:00,17508.255859375,17560.0,17472.9453125,17554.921875,522111000
2025-03-18 13:30:00-04:00,17503.798828125,17542.83203125,17467.162109375,17507.6171875,452893000
2025-03-18 14:30:00-04:00,17517.869140625,17576.232421875,17496.55078125,17505.08984375,500962000
2025-03-18 15:30:00-04:00,17507.462890625,17534.146484375,17470.9375,17528.791015625,504567000
2025-03-19 09:30:00-04:00,17658.787109375,17710.4296875,17535.32421875,17588.31640625,0
2025-03-19 10:30:00-04:00,17671.603515625,17677.0625,17605.998046875,17659.716796875,695888000
2025-03-19 11:30:00-04:00,17703.04296875,17725.244140625,17662.36328125,17671.7265625,504680000
2025-03-19 12:30:00-04:00,17621.142578125,17702.443359375,17617.216796875,17700.28125,417334000
2025-03-19 13:30:00-04:00,17680.30859375,17725.587890625,17604.314453125,17620.07421875,520557000
2025-03-19 14:30:00-04:00,17753.39453125,17917.4296875,17679.40625,17679.40625,736098000
2025-03-19 15:30:00-04:00,17751.685546875,17842.974609375,17739.1171875,17747.615234375,538408000
2025-03-20 09:30:00-04:00,17857.4765625,17881.3671875,17580.4296875,17584.427734375,0
2025-03-20 10:30:00-04:00,17841.724609375,17902.791015625,17826.251953125,17859.021484375,724051000
2025-03-20 11:30:00-04:00,17703.78515625,17855.453125,17697.71875,17841.37109375,641707000
2025-03-20 12:30:00-04:00,17656.3984375,17743.423828125,17656.3984375,17705.79296875,514341000
2025-03-20 13:30:00-04:00,17626.9921875,17718.30859375,17626.9921875,17654.82421875,449505000
2025-03-20 14:30:00-04:00,17646.4140625,17702.775390625,17618.84765625,17630.16796875,505823000
2025-03-20 15:30:00-04:00,17688.783203125,17721.78515625,17649.388671875,17649.75,489298000
2025-03-21 09:30:00-04:00,17583.669921875,17606.787109375,17479.62109375,17515.90234375,0
2025-03-21 10:30:00-04:00,17569.00390625,17645.171875,17548.841796875,17584.65625,697354000
2025-03-21 11:30:00-04:00,17676.609375,17693.984375,17539.3125,17567.49609375,577580000
2025-03-21 12:30:00-04:00,17658.49609375,17722.7109375,17651.12890625,17678.46484375,543677000
2025-03-21 13:30:00-04:00,17674.455078125,17720.615234375,17644.017578125,17658.85546875,452760000
2025-03-21 14:30:00-04:00,17671.939453125,17713.861328125,17652.923828125,17674.78125,516430000
2025-03-21 15:30:00-04:00,17787.185546875,17797.8359375,17663.958984375,17672.021484375,660265000
2025-03-24 09:30:00-04:00,18138.8515625,18143.00390625,18033.619140625,18045.58203125,0
2025-03-24 10:30:00-04:00,18151.421875,18167.4375,18120.861328125,18138.728515625,758554000
2025-03-24 11:30:00-04:00,18137.078125,18167.84765625,18124.09765625,18151.42578125,593759000
2025-03-24 12:30:00-04:00,18136.33203125,18155.48828125,18113.58203125,18135.234375,484114000
2025-03-24 13:30:00-04:00,18133.828125,18145.2109375,18113.033203125,18136.736328125,495853000
2025-03-24 14:30:00-04:00,18168.998046875,18185.021484375,18120.115234375,18134.205078125,550274000
2025-03-24 15:30:00-04:00,18180.26953125,18208.20703125,18162.388671875,18170.603515625,546389000
2025-03-25 09:30:00-04:00,18243.7734375,18243.7734375,18171.19921875,18209.333984375,0
2025-03-25 10:30:00-04:00,18264.201171875,18280.44921875,18219.333984375,18244.05078125,755170000
2025-03-25 11:30:00-04:00,18228.544921875,18264.259765625,18226.1328125,18262.689453125,581222000
2025-03-25 12:30:00-04:00,18206.255859375,18272.79296875,18205.65625,18228.75,471118000
2025-03-25 13:30:00-04:00,18230.501953125,18251.857421875,18207.69921875,18207.69921875,414407000
2025-03-25 14:30:00-04:00,18229.6796875,18241.669921875,18208.50390625,18233.154296875,456166000
2025-03-25 15:30:00-04:00,18272.16015625,18273.861328125,18229.630859375,18229.869140625,509978000
2025-03-26 09:30:00-04:00,18058.6484375,18236.552734375,18008.130859375,18213.76953125,0
2025-03-26 10:30:00-04:00,18055.736328125,18098.419921875,18039.9453125,18057.75,1133979000
2025-03-26 11:30:00-04:00,17994.333984375,18076.6640625,17961.349609375,18056.65625,1105468000
2025-03-26 12:30:00-04:00,17914.603515625,18005.107421875,17907.30859375,17993.759765625,915952000
2025-03-26 13:30:00-04:00,17917.611328125,17925.142578125,17865.408203125,17912.595703125,772047000
2025-03-26 14:30:00-04:00,17849.244140625,17925.466796875,17837.40234375,17916.49609375,717827000
2025-03-26 15:30:00-04:00,17899.16796875,17909.6953125,17846.140625,17850.583984375,585113000
2025-03-27 09:30:00-04:00,17912.580078125,17912.580078125,17746.638671875,17818.755859375,0
2025-03-27 10:30:00-04:00,17932.935546875,17986.552734375,17907.345703125,17916.50390625,963201000
2025-03-27 11:30:00-04:00,17882.125,17945.9765625,17851.880859375,17925.8125,714870000
2025-03-27 12:30:00-04:00,17814.533203125,17906.39453125,17811.955078125,17883.533203125,547150000
2025-03-27 13:30:00-04:00,17857.552734375,17878.564453125,17810.263671875,17813.265625,519780000
2025-03-27 14:30:00-04:00,17910.267578125,17926.087890625,17847.388671875,17856.763671875,540473000
2025-03-27 15:30:00-04:00,17799.099609375,17910.0,17788.935546875,17910.0,532370000
2025-03-28 09:30:00-04:00,17474.69921875,17763.275390625,17471.326171875,17721.1640625,0
2025-03-28 10:30:00-04:00,17442.080078125,17491.572265625,17404.33984375,17476.88671875,881688000
2025-03-28 11:30:00-04:00,17362.53515625,17470.943359375,17347.275390625,17440.34765625,698113000
2025-03-28 12:30:00-04:00,17310.25,17387.46875,17303.01171875,17361.57421875,550068000
2025-03-28 13:30:00-04:00,17341.5859375,17371.578125,17301.70703125,17309.775390625,488212000
2025-03-28 14:30:00-04:00,17315.736328125,17354.146484375,17309.8046875,17341.494140625,516717000
2025-03-28 15:30:00-04:00,17320.306640625,17338.826171875,17284.228515625,17318.298828125,568754000
2025-03-31 09:30:00-04:00,16929.900390625,17050.484375,16857.09765625,17050.484375,0
2025-03-31 10:30:00-04:00,17046.48828125,17080.037109375,16932.767578125,16932.767578125,914496000
2025-03-31 11:30:00-04:00,17142.57421875,17143.326171875,17033.56640625,17048.0234375,647997000
2025-03-31 12:30:00-04:00,17108.30078125,17161.708984375,17081.404296875,17140.509765625,506789000
2025-03-31 13:30:00-04:00,17224.712890625,17225.921875,17078.474609375,17108.716796875,514841000
2025-03-31 14:30:00-04:00,17220.8515625,17281.267578125,17206.2265625,17225.505859375,650942000
2025-03-31 15:30:00-04:00,17284.9453125,17334.01953125,17215.0859375,17221.310546875,607485000
2025-04-01 09:30:00-04:00,17216.54296875,17322.46875,17150.29296875,17216.173828125,0
2025-04-01 10:30:00-04:00,17429.642578125,17461.58984375,17213.38671875,17213.38671875,1002959000
2025-04-01 11:30:00-04:00,17430.31640625,17506.4921875,17406.330078125,17427.908203125,737969000
2025-04-01 12:30:00-04:00,17391.712890625,17453.419921875,17377.154296875,17432.17578125,601711000
2025-04-01 13:30:00-04:00,17277.6953125,17425.85546875,17264.048828125,17390.591796875,600470000
2025-04-01 14:30:00-04:00,17344.322265625,17364.779296875,17266.767578125,17276.802734375,644354000
2025-04-01 15:30:00-04:00,17448.95703125,17464.96875,17336.65234375,17341.12890625,557230000
2025-04-02 09:30:00-04:00,17436.978515625,17457.724609375,17181.40234375,17204.5546875,0
2025-04-02 10:30:00-04:00,17533.96875,17549.32421875,17412.14453125,17433.052734375,1099542000
2025-04-02 11:30:00-04:00,17610.951171875,17611.529296875,17468.365234375,17531.3671875,804859000
2025-04-02 12:30:00-04:00,17672.833984375,17716.19140625,17586.083984375,17611.830078125,738123000
2025-04-02 13:30:00-04:00,17475.474609375,17671.548828125,17475.474609375,17671.548828125,596769000
2025-04-02 14:30:00-04:00,17542.04296875,17560.65234375,17470.396484375,17470.69140625,609549000
2025-04-02 15:30:00-04:00,17598.099609375,17630.123046875,17529.29296875,17530.01953125,570462000
2025-04-03 09:30:00-04:00,16759.08984375,16889.34375,16708.740234375,16794.974609375,0
2025-04-03 10:30:00-04:00,16669.62109375,16773.3828125,16571.83203125,16762.83203125,1220339000
2025-04-03 11:30:00-04:00,16807.775390625,16819.78515625,16670.830078125,16670.830078125,831686000
2025-04-03 12:30:00-04:00,16697.0859375,16821.60546875,16683.8671875,16813.61328125,645113000
2025-04-03 13:30:00-04:00,16634.166015625,16745.099609375,16620.9296875,16696.3125,617586000
2025-04-03 14:30:00-04:00,16589.62109375,16704.1484375,16586.208984375,16633.376953125,843542000
2025-04-03 15:30:00-04:00,16546.35546875,16614.466796875,16533.7890625,16585.8125,674499000
2025-04-04 09:30:00-04:00,15842.072265625,16128.1298828125,15842.072265625,16053.638671875,0
2025-04-04 10:30:00-04:00,15899.0234375,16065.0068359375,15591.697265625,15850.0048828125,1589965000
2025-04-04 11:30:00-04:00,15745.388671875,15961.0029296875,15731.1015625,15896.0595703125,878724000
2025-04-04 12:30:00-04:00,15714.751953125,15813.013671875,15631.16015625,15741.828125,749901000
2025-04-04 13:30:00-04:00,15675.841796875,15889.8388671875,15666.5732421875,15707.7099609375,754537000
2025-04-04 14:30:00-04:00,15753.7919921875,15788.001953125,15576.57421875,15674.66015625,840343000
2025-04-04 15:30:00-04:00,15592.03125,15865.74609375,15582.083984375,15749.99609375,714328000
2025-04-07 09:30:00-04:00,15437.7392578125,16292.27734375,14786.373046875,14982.0712890625,0
2025-04-07 10:30:00-04:00,15268.138671875,15802.9580078125,15250.4296875,15448.0390625,1735252000
2025-04-07 11:30:00-04:00,15438.2265625,15572.623046875,15267.470703125,15267.470703125,1102470000
2025-04-07 12:30:00-04:00,15650.7578125,15656.4501953125,15293.748046875,15438.1591796875,906830000
2025-04-07 13:30:00-04:00,15611.439453125,15802.63671875,15556.0009765625,15654.4609375,852525000
2025-04-07 14:30:00-04:00,15479.521484375,15746.3662109375,15458.9560546875,15609.4306640625,839881000
2025-04-07 15:30:00-04:00,15594.212890625,15674.4052734375,15476.6884765625,15479.912109375,665339000
2025-04-08 09:30:00-04:00,16261.400390625,16312.26171875,16080.8525390625,16178.1171875,0
2025-04-08 10:30:00-04:00,15960.34375,16284.587890625,15960.34375,16261.8115234375,1181137000
2025-04-08 11:30:00-04:00,15885.75,16086.703125,15823.6357421875,15960.5283203125,810098000
2025-04-08 12:30:00-04:00,15507.0966796875,15905.37890625,15504.9189453125,15889.091796875,999639000
2025-04-08 13:30:00-04:00,15517.1943359375,15727.77734375,15491.697265625,15500.0,716930000
2025-04-08 14:30:00-04:00,15304.982421875,15673.1767578125,15188.044921875,15521.61328125,899997000
2025-04-08 15:30:00-04:00,15282.0263671875,15297.5224609375,15054.626953125,15294.822265625,725110000
2025-04-09 09:30:00-04:00,15478.3466796875,15613.9599609375,15276.5078125,15285.5380859375,0
2025-04-09 10:30:00-04:00,15430.9638671875,15571.11328125,15275.2421875,15480.84375,1271543000
2025-04-09 11:30:00-04:00,15471.27734375,15510.6396484375,15313.6123046875,15432.85546875,887929000
2025-04-09 12:30:00-04:00,16313.7978515625,16651.546875,15458.123046875,15472.658203125,1142314000
2025-04-09 13:30:00-04:00,16903.900390625,16941.166015625,16308.45703125,16347.9033203125,2007463000
2025-04-09 14:30:00-04:00,16996.33984375,17034.068359375,16591.568359375,16901.396484375,1351624000
2025-04-09 15:30:00-04:00,17105.29296875,17201.267578125,16973.837890625,16998.10546875,880123000
2025-04-10 09:30:00-04:00,16540.982421875,16707.95703125,16453.962890625,16645.671875,0
2025-04-10 10:30:00-04:00,16369.30859375,16658.14453125,16367.9755859375,16535.5703125,1142955000
2025-04-10 11:30:00-04:00,15961.7705078125,16381.91796875,15895.8876953125,16369.080078125,1080449000
2025-04-10 12:30:00-04:00,16213.3876953125,16387.0,15964.07421875,15964.07421875,965847000
2025-04-10 13:30:00-04:00,16503.7890625,16512.326171875,16186.3125,16203.5302734375,823358000
2025-04-10 14:30:00-04:00,16310.1005859375,16543.865234375,16310.1005859375,16514.40234375,849021000
2025-04-10 15:30:00-04:00,16390.873046875,16442.123046875,16178.7412109375,16302.69921875,724876000
2025-04-11 09:30:00-04:00,16245.970703125,16547.55078125,16234.515625,16361.1728515625,1859106000
2025-04-11 10:30:00-04:00,16349.4169921875,16469.533203125,16235.287109375,16235.287109375,1095350000
2025-04-11 11:30:00-04:00,16476.28125,16531.267578125,16329.6337890625,16341.755859375,719808000
2025-04-11 12:30:00-04:00,16547.05078125,16667.333984375,16481.853515625,16481.853515625,661104000
2025-04-11 13:30:00-04:00,16654.66796875,16752.8359375,16515.509765625,16547.353515625,748780000
2025-04-11 14:30:00-04:00,16710.2578125,16739.13671875,16623.001953125,16654.03515625,753986000
2025-04-11 15:30:00-04:00,16716.591796875,16746.181640625,16671.7109375,16706.0859375,611407000
2025-04-14 09:30:00-04:00,17003.326171875,17131.447265625,16886.673828125,17114.16015625,0
2025-04-14 10:30:00-04:00,16845.66796875,17051.50390625,16844.515625,17001.828125,1262798000
2025-04-14 11:30:00-04:00,16717.89453125,16879.69140625,16664.97265625,16844.416015625,1268044000
2025-04-14 12:30:00-04:00,16774.849609375,16818.458984375,16696.966796875,16716.8046875,829130000
2025-04-14 13:30:00-04:00,16879.728515625,16884.021484375,16746.87109375,16775.8984375,626823000
2025-04-14 14:30:00-04:00,16923.263671875,16969.853515625,16873.09765625,16879.06640625,638274000
2025-04-14 15:30:00-04:00,16825.94921875,16956.20703125,16820.89453125,16926.7265625,600018000
2025-04-15 09:30:00-04:00,16827.671875,16978.6328125,16797.912109375,16843.181640625,0
2025-04-15 10:30:00-04:00,16873.359375,16934.486328125,16827.123046875,16827.123046875,794519000
2025-04-15 11:30:00-04:00,16914.435546875,16931.173828125,16847.20703125,16874.162109375,618510000
2025-04-15 12:30:00-04:00,16784.25390625,16923.556640625,16774.5,16914.78125,532383000
2025-04-15 13:30:00-04:00,16777.884765625,16835.5703125,16753.21484375,16783.1953125,657388000
2025-04-15 14:30:00-04:00,16814.1171875,16846.599609375,16776.724609375,16776.724609375,778764000
2025-04-15 15:30:00-04:00,16826.388671875,16838.556640625,16784.619140625,16816.224609375,580638000
2025-04-16 09:30:00-04:00,16506.1171875,16568.755859375,16429.623046875,16505.955078125,1980140000
2025-04-16 10:30:00-04:00,16580.32421875,16598.75390625,16477.88671875,16503.873046875,913278000
2025-04-16 11:30:00-04:00,16477.865234375,16579.08984375,16452.125,16579.08984375,697415000
2025-04-16 12:30:00-04:00,16477.74609375,16499.416015625,16429.77734375,16476.822265625,548243000
2025-04-16 13:30:00-04:00,16264.4404296875,16477.751953125,16211.53515625,16477.751953125,741870000
2025-04-16 14:30:00-04:00,16080.3134765625,16266.6455078125,16066.4619140625,16263.765625,679711000
2025-04-16 15:30:00-04:00,16308.20703125,16317.130859375,16084.3662109375,16084.3662109375,680946000
2025-04-17 09:30:00-04:00,16232.8037109375,16402.28515625,16231.2392578125,16402.28515625,0
2025-04-17 10:30:00-04:00,16248.0810546875,16327.4892578125,16181.173828125,16234.3173828125,831631000
2025-04-17 11:30:00-04:00,16341.333984375,16350.91015625,16234.384765625,16252.0126953125,640839000
2025-04-17 12:30:00-04:00,16276.802734375,16368.697265625,16276.802734375,16341.72265625,550841000
2025-04-17 13:30:00-04:00,16376.6416015625,16408.5078125,16277.8076171875,16278.509765625,531677000
2025-04-17 14:30:00-04:00,16282.216796875,16405.21484375,16261.2119140625,16381.38671875,571494000
2025-04-17 15:30:00-04:00,16287.962890625,16322.4208984375,16244.0771484375,16280.9326171875,519632000
2025-04-21 09:30:00-04:00,15861.212890625,16065.3203125,15850.380859375,16049.0341796875,0
2025-04-21 10:30:00-04:00,15812.0087890625,15916.279296875,15805.0810546875,15862.427734375,764132000
2025-04-21 11:30:00-04:00,15777.9345703125,15812.091796875,15748.70703125,15809.212890625,573383000
2025-04-21 12:30:00-04:00,15725.3994140625,15829.7431640625,15717.5537109375,15778.1767578125,503233000
2025-04-21 13:30:00-04:00,15729.8291015625,15746.1259765625,15687.935546875,15725.6396484375,460268000
2025-04-21 14:30:00-04:00,15746.8994140625,15773.548828125,15685.3349609375,15732.205078125,532837000
2025-04-21 15:30:00-04:00,15871.4912109375,15895.9052734375,15749.9931640625,15752.71484375,536699000
2025-04-22 09:30:00-04:00,16175.8134765625,16207.4873046875,16039.1025390625,16067.7041015625,0
2025-04-22 10:30:00-04:00,16250.0029296875,16276.9033203125,16151.2568359375,16175.6494140625,799161000
2025-04-22 11:30:00-04:00,16396.181640625,16409.833984375,16191.4736328125,16249.4404296875,698014000
2025-04-22 12:30:00-04:00,16182.0009765625,16403.5546875,16173.7421875,16396.193359375,573633000
2025-04-22 13:30:00-04:00,16261.685546875,16266.5478515625,16151.357421875,16178.3896484375,437167000
2025-04-22 14:30:00-04:00,16198.8388671875,16305.205078125,16195.328125,16261.8671875,513364000
2025-04-22 15:30:00-04:00,16300.4658203125,16312.455078125,16177.310546875,16190.3896484375,503441000
2025-04-23 09:30:00-04:00,16968.681640625,16992.81640625,16816.779296875,16871.033203125,0
2025-04-23 10:30:00-04:00,16797.9453125,17029.564453125,16779.21484375,16966.234375,1123585000
2025-04-23 11:30:00-04:00,16731.5390625,16830.9453125,16660.994140625,16803.42578125,856008000
2025-04-23 12:30:00-04:00,16812.330078125,16845.404296875,16723.78515625,16731.4921875,561580000
2025-04-23 13:30:00-04:00,16772.337890625,16839.44140625,16754.1953125,16812.658203125,482968000
2025-04-23 14:30:00-04:00,16683.15625,16803.37890625,16667.341796875,16776.654296875,563310000
2025-04-23 15:30:00-04:00,16704.21875,16749.130859375,16642.6640625,16684.0703125,561154000
2025-04-24 09:30:00-04:00,16992.6953125,16992.6953125,16747.62109375,16755.083984375,0
2025-04-24 10:30:00-04:00,16996.611328125,17046.2421875,16951.189453125,16988.953125,978874000
2025-04-24 11:30:00-04:00,17060.38671875,17068.783203125,16980.279296875,16998.001953125,724811000
2025-04-24 12:30:00-04:00,17090.646484375,17108.099609375,17051.546875,17059.86328125,585363000
2025-04-24 13:30:00-04:00,17118.677734375,17122.9453125,17064.640625,17090.97265625,529065000
2025-04-24 14:30:00-04:00,17084.21875,17158.755859375,17071.494140625,17117.7421875,634144000
2025-04-24 15:30:00-04:00,17165.359375,17174.349609375,17082.353515625,17085.46484375,569609000
2025-04-25 09:30:00-04:00,17145.97265625,17263.595703125,17111.85546875,17186.869140625,0
2025-04-25 10:30:00-04:00,17224.677734375,17258.40625,17121.95703125,17154.44140625,837005000
2025-04-25 11:30:00-04:00,17281.10546875,17284.830078125,17192.587890625,17222.728515625,635114000
2025-04-25 12:30:00-04:00,17399.953125,17404.462890625,17274.802734375,17280.59765625,576489000
2025-04-25 13:30:00-04:00,17339.41796875,17396.03125,17241.853515625,17396.03125,613777000
2025-04-25 14:30:00-04:00,17339.912109375,17377.04296875,17335.3046875,17339.115234375,596484000
2025-04-25 15:30:00-04:00,17378.353515625,17387.287109375,17306.396484375,17333.4765625,564323000
2025-04-28 09:30:00-04:00,17340.1640625,17465.4375,17298.27734375,17390.845703125,0
2025-04-28 10:30:00-04:00,17171.37890625,17379.478515625,17169.888671875,17344.318359375,1998296000
2025-04-28 11:30:00-04:00,17141.732421875,17234.5859375,17133.28515625,17172.17578125,1379726000
2025-04-28 12:30:00-04:00,17140.8515625,17207.98046875,17129.154296875,17145.044921875,1172638000
2025-04-28 13:30:00-04:00,17257.4375,17265.087890625,17135.51171875,17141.1796875,722459000
2025-04-28 14:30:00-04:00,17341.916015625,17348.171875,17242.328125,17257.53125,644093000
2025-04-28 15:30:00-04:00,17365.591796875,17406.447265625,17332.75,17338.880859375,646447000
2025-04-29 09:30:00-04:00,17328.46875,17422.421875,17256.798828125,17271.830078125,0
2025-04-29 10:30:00-04:00,17378.3125,17420.93359375,17327.306640625,17327.306640625,1803103000
2025-04-29 11:30:00-04:00,17397.078125,17425.169921875,17339.357421875,17378.359375,976128000
2025-04-29 12:30:00-04:00,17388.9375,17412.849609375,17320.14453125,17398.150390625,975766000
2025-04-29 13:30:00-04:00,17489.93359375,17497.20703125,17387.302734375,17388.197265625,920336000
2025-04-29 14:30:00-04:00,17462.29296875,17500.341796875,17453.96484375,17490.607421875,626801000
2025-04-29 15:30:00-04:00,17459.732421875,17486.048828125,17437.451171875,17465.455078125,568966000
2025-04-30 09:30:00-04:00,17135.01171875,17136.4921875,16959.943359375,17101.666015625,0
2025-04-30 10:30:00-04:00,17221.689453125,17241.080078125,17099.97265625,17135.875,956304000
2025-04-30 11:30:00-04:00,17192.27734375,17268.3984375,17183.103515625,17222.896484375,693412000
2025-04-30 12:30:00-04:00,17247.640625,17249.72265625,17153.9453125,17191.40625,584036000
2025-04-30 13:30:00-04:00,17281.474609375,17350.095703125,17242.759765625,17246.3671875,588355000
2025-04-30 14:30:00-04:00,17272.013671875,17308.244140625,17246.671875,17282.001953125,576026000
2025-04-30 15:30:00-04:00,17427.060546875,17483.82421875,17265.900390625,17272.0546875,598180000
2025-05-01 09:30:00-04:00,17810.41015625,17813.408203125,17701.1953125,17795.31640625,0
2025-05-01 10:30:00-04:00,17879.94140625,17922.23046875,17791.3828125,17811.57421875,988596000
2025-05-01 11:30:00-04:00,17781.669921875,17885.017578125,17734.212890625,17885.017578125,844147000
2025-05-01 12:30:00-04:00,17803.27734375,17831.423828125,17738.888671875,17781.52734375,772093000
2025-05-01 13:30:00-04:00,17819.298828125,17840.169921875,17756.59375,17803.65625,606140000
2025-05-01 14:30:00-04:00,17829.421875,17849.544921875,17794.798828125,17819.27734375,570580000
2025-05-01 15:30:00-04:00,17699.859375,17831.849609375,17688.28515625,17830.4375,563687000
2025-05-02 09:30:00-04:00,17958.408203125,17959.61328125,17816.111328125,17869.6875,1580667620
2025-05-02 10:30:00-04:00,17926.978515625,17980.458984375,17914.134765625,17957.93359375,988634000
2025-05-02 11:30:00-04:00,18009.701171875,18037.7734375,17915.89453125,17923.712890625,790891000
2025-05-02 12:30:00-04:00,17995.83203125,18048.748046875,17981.24609375,18010.642578125,624771000
2025-05-02 13:30:00-04:00,18023.96484375,18035.861328125,17987.681640625,17995.068359375,550784000
2025-05-02 14:30:00-04:00,17996.00390625,18046.408203125,17959.0078125,18024.20703125,622583000
2025-05-02 15:30:00-04:00,17972.708984375,17995.7578125,17935.80859375,17995.7578125,584511000
2025-05-05 09:30:00-04:00,17843.978515625,17891.103515625,17794.001953125,17819.533203125,0
2025-05-05 10:30:00-04:00,17883.03125,17899.970703125,17805.625,17844.603515625,795693000
2025-05-05 11:30:00-04:00,17912.2265625,17917.23046875,17853.7578125,17883.98828125,650376000
2025-05-05 12:30:00-04:00,17920.044921875,17927.515625,17900.958984375,17912.44921875,543139000
2025-05-05 13:30:00-04:00,17943.400390625,17953.01171875,17917.0234375,17917.333984375,493181000
2025-05-05 14:30:00-04:00,17899.083984375,17965.640625,17895.255859375,17943.115234375,567251000
2025-05-05 15:30:00-04:00,17845.974609375,17918.6640625,17834.560546875,17896.279296875,565957000
2025-05-06 09:30:00-04:00,17722.875,17733.103515625,17594.435546875,17627.412109375,0
2025-05-06 10:30:00-04:00,17767.208984375,17767.40234375,17715.2890625,17725.005859375,789490000
2025-05-06 11:30:00-04:00,17738.671875,17829.73828125,17717.072265625,17767.53515625,704973000
2025-05-06 12:30:00-04:00,17701.513671875,17766.107421875,17687.880859375,17738.640625,579707000
2025-05-06 13:30:00-04:00,17735.810546875,17738.484375,17662.193359375,17701.74609375,565801000
2025-05-06 14:30:00-04:00,17757.166015625,17760.59765625,17721.396484375,17735.451171875,572661000
2025-05-06 15:30:00-04:00,17686.73828125,17777.296875,17686.333984375,17757.39453125,565210000
2025-05-07 09:30:00-04:00,17788.630859375,17793.005859375,17689.275390625,17700.533203125,0
2025-05-07 10:30:00-04:00,17621.203125,17792.865234375,17609.619140625,17788.41796875,939519000
2025-05-07 11:30:00-04:00,17611.802734375,17656.939453125,17601.20703125,17618.419921875,712455000
2025-05-07 12:30:00-04:00,17689.9296875,17703.642578125,17608.76953125,17612.314453125,616585000
2025-05-07 13:30:00-04:00,17576.109375,17692.58984375,17503.013671875,17689.861328125,661075000
2025-05-07 14:30:00-04:00,17581.474609375,17679.68359375,17557.703125,17576.4453125,732719000
2025-05-07 15:30:00-04:00,17735.083984375,17817.0234375,17577.48828125,17581.68359375,734520000
2025-05-08 09:30:00-04:00,17862.955078125,17932.162109375,17805.298828125,17920.892578125,0
2025-05-08 10:30:00-04:00,17945.283203125,17962.921875,17776.423828125,17864.044921875,1057221000
2025-05-08 11:30:00-04:00,18040.826171875,18075.591796875,17920.943359375,17937.056640625,933642000
2025-05-08 12:30:00-04:00,18066.1328125,18095.84375,18038.673828125,18040.453125,651943000
2025-05-08 13:30:00-04:00,18035.94140625,18070.109375,18013.224609375,18066.4375,622733000
2025-05-08 14:30:00-04:00,18080.931640625,18091.455078125,18033.796875,18036.38671875,656146000
2025-05-08 15:30:00-04:00,17925.626953125,18084.541015625,17921.4140625,18082.17578125,631026000
2025-05-09 09:30:00-04:00,17919.111328125,18068.541015625,17905.392578125,18023.12890625,0
2025-05-09 10:30:00-04:00,17925.419921875,17965.51953125,17854.302734375,17916.376953125,1186930000
2025-05-09 11:30:00-04:00,17896.259765625,17954.9140625,17875.431640625,17922.796875,816343000
2025-05-09 12:30:00-04:00,17900.69921875,17918.255859375,17874.998046875,17892.681640625,643188000
2025-05-09 13:30:00-04:00,17915.234375,17947.587890625,17887.31640625,17900.595703125,590214000
2025-05-09 14:30:00-04:00,17943.06640625,17965.9609375,17914.771484375,17915.861328125,670229000
2025-05-09 15:30:00-04:00,17925.759765625,17953.833984375,17920.0625,17943.357421875,641874000
2025-05-12 09:30:00-04:00,18509.853515625,18664.8828125,18502.28515625,18664.8828125,0
2025-05-12 10:30:00-04:00,18551.08203125,18576.01953125,18474.115234375,18515.958984375,1538979000
2025-05-12 11:30:00-04:00,18590.099609375,18601.265625,18530.927734375,18554.0546875,1178961000
2025-05-12 12:30:00-04:00,18664.828125,18693.189453125,18588.56640625,18588.625,776232000
2025-05-12 13:30:00-04:00,18685.330078125,18690.80078125,18659.9296875,18664.943359375,718932000
2025-05-12 14:30:00-04:00,18650.34375,18701.138671875,18643.619140625,18685.927734375,847652000
2025-05-12 15:30:00-04:00,18708.609375,18710.21875,18633.6875,18648.427734375,687236000
2025-05-13 09:30:00-04:00,18954.869140625,18979.162109375,18745.501953125,18760.341796875,0
2025-05-13 10:30:00-04:00,19004.27734375,19011.46875,18928.01171875,18954.513671875,1180246000
2025-05-13 11:30:00-04:00,19021.73046875,19024.83203125,18976.548828125,19001.115234375,847578000
2025-05-13 12:30:00-04:00,19033.591796875,19051.607421875,19007.10546875,19020.4375,661773000
2025-05-13 13:30:00-04:00,19031.236328125,19062.234375,19001.345703125,19033.76171875,653267000
2025-05-13 14:30:00-04:00,19048.251953125,19065.849609375,19007.2578125,19030.927734375,701566000
2025-05-13 15:30:00-04:00,19007.275390625,19064.70703125,18996.375,19044.921875,643229000
2025-05-14 09:30:00-04:00,19092.63671875,19147.78125,19024.236328125,19078.947265625,0
2025-05-14 10:30:00-04:00,19129.689453125,19134.30859375,19055.658203125,19094.97265625,1842245000
2025-05-14 11:30:00-04:00,19146.228515625,19155.505859375,19122.125,19125.7734375,1055866000
2025-05-14 12:30:00-04:00,19075.080078125,19174.548828125,19046.283203125,19146.39453125,960629000
2025-05-14 13:30:00-04:00,19099.74609375,19126.822265625,19073.1796875,19074.921875,882984000
2025-05-14 14:30:00-04:00,19107.2265625,19146.4375,19090.49609375,19098.662109375,842312000
2025-05-14 15:30:00-04:00,19142.990234375,19154.73828125,19085.595703125,19105.25390625,707754000
2025-05-15 09:30:00-04:00,18999.015625,19067.158203125,18975.099609375,19026.6796875,0
2025-05-15 10:30:00-04:00,19102.341796875,19112.84375,18968.197265625,18998.71484375,1361019000
2025-05-15 11:30:00-04:00,19135.42578125,19150.294921875,19081.193359375,19101.193359375,913742000
2025-05-15 12:30:00-04:00,19199.087890625,19207.0234375,19124.53125,19134.09765625,812662000
2025-05-15 13:30:00-04:00,19108.517578125,19199.41796875,19078.87109375,19199.41796875,770652000
2025-05-15 14:30:00-04:00,19025.341796875,19133.458984375,19013.98046875,19109.267578125,752041000
2025-05-15 15:30:00-04:00,19101.48046875,19106.75390625,19031.404296875,19031.509765625,618979000
2025-05-16 09:30:00-04:00,19133.353515625,19170.681640625,19115.46484375,19152.244140625,0
2025-05-16 10:30:00-04:00,19108.611328125,19131.564453125,19039.80078125,19131.564453125,1518319000
2025-05-16 11:30:00-04:00,19146.203125,19157.15234375,19110.53125,19110.53125,1021685000
2025-05-16 12:30:00-04:00,19170.513671875,19172.330078125,19131.986328125,19146.419921875,687523000
2025-05-16 13:30:00-04:00,19174.6015625,19185.8828125,19151.044921875,19170.533203125,677803000
2025-05-16 14:30:00-04:00,19198.896484375,19213.310546875,19170.7109375,19173.05859375,803429000
2025-05-16 15:30:00-04:00,19211.619140625,19211.619140625,19170.8671875,19198.376953125,739322000
2025-05-19 09:30:00-04:00,19098.298828125,19157.4765625,18945.583984375,18946.19140625,0
2025-05-19 10:30:00-04:00,19105.92578125,19130.591796875,19081.0078125,19098.140625,1387974000
2025-05-19 11:30:00-04:00,19165.6484375,19168.396484375,19103.71484375,19106.412109375,924131000
2025-05-19 12:30:00-04:00,19207.806640625,19227.126953125,19144.458984375,19165.705078125,936324000
2025-05-19 13:30:00-04:00,19156.580078125,19222.79296875,19147.890625,19207.623046875,1001278000
2025-05-19 14:30:00-04:00,19157.421875,19194.40234375,19147.90625,19156.69140625,865859000
2025-05-19 15:30:00-04:00,19218.197265625,19220.314453125,19156.240234375,19157.21484375,739425000
2025-05-20 09:30:00-04:00,19112.126953125,19155.65625,19072.078125,19134.55859375,0
2025-05-20 10:30:00-04:00,19140.123046875,19159.490234375,19104.34375,19110.544921875,1131591000
2025-05-20 11:30:00-04:00,19148.6640625,19160.841796875,19115.658203125,19140.7421875,788537000
2025-05-20 12:30:00-04:00,19167.42578125,19186.205078125,19148.2890625,19148.46875,623505000
2025-05-20 13:30:00-04:00,19072.943359375,19168.65234375,19067.353515625,19167.611328125,680616000
2025-05-20 14:30:00-04:00,19087.28515625,19099.060546875,19019.486328125,19070.220703125,727080000
2025-05-20 15:30:00-04:00,19144.669921875,19147.4296875,19089.92578125,19089.966796875,661227000
2025-05-21 09:30:00-04:00,19094.576171875,19123.291015625,19002.330078125,19002.330078125,0
2025-05-21 10:30:00-04:00,19211.34375,19222.828125,19081.5703125,19096.66015625,1253161000
2025-05-21 11:30:00-04:00,19220.12890625,19240.505859375,19187.240234375,19210.591796875,821564000
2025-05-21 12:30:00-04:00,18915.66796875,19241.373046875,18915.66796875,19219.4140625,898271000
2025-05-21 13:30:00-04:00,18946.4609375,19026.779296875,18885.77734375,18904.099609375,813449000
2025-05-21 14:30:00-04:00,18821.84375,18982.12109375,18799.203125,18945.119140625,769807000
2025-05-21 15:30:00-04:00,18872.228515625,18926.107421875,18821.5234375,18821.5234375,650616000
2025-05-22 09:30:00-04:00,18964.17578125,19043.384765625,18841.42578125,18889.50390625,0
2025-05-22 10:30:00-04:00,18943.4375,18991.423828125,18908.8671875,18964.830078125,1091895000
2025-05-22 11:30:00-04:00,18999.5859375,19041.171875,18939.69140625,18940.85546875,789982000
2025-05-22 12:30:00-04:00,18993.888671875,19001.8046875,18934.765625,18998.46875,653807000
2025-05-22 13:30:00-04:00,19018.28515625,19033.984375,18980.095703125,18994.171875,636881000
2025-05-22 14:30:00-04:00,19049.375,19060.939453125,19003.9609375,19017.45703125,636085000
2025-05-22 15:30:00-04:00,18916.326171875,19052.54296875,18916.326171875,19050.69140625,621553000
2025-05-23 09:30:00-04:00,18714.724609375,18752.466796875,18607.65234375,18623.150390625,0
2025-05-23 10:30:00-04:00,18729.119140625,18751.9921875,18671.49609375,18714.59765625,1035995000
2025-05-23 11:30:00-04:00,18738.201171875,18766.107421875,18700.451171875,18731.01953125,834120000
2025-05-23 12:30:00-04:00,18828.34765625,18828.48828125,18712.685546875,18738.001953125,777930000
2025-05-23 13:30:00-04:00,18798.263671875,18841.51953125,18778.44921875,18825.59375,801059000
2025-05-23 14:30:00-04:00,18771.865234375,18820.466796875,18753.505859375,18797.3515625,627007000
2025-05-23 15:30:00-04:00,18740.8203125,18806.640625,18725.380859375,18769.080078125,574204000
2025-05-27 09:30:00-04:00,19105.62890625,19118.3125,18964.609375,19020.71875,0
2025-05-27 10:30:00-04:00,19122.78125,19128.671875,19085.791015625,19107.818359375,1144793000
2025-05-27 11:30:00-04:00,19146.453125,19155.8046875,19104.275390625,19121.18359375,797344000
2025-05-27 12:30:00-04:00,19180.740234375,19191.080078125,19146.029296875,19146.029296875,755565000
2025-05-27 13:30:00-04:00,19184.404296875,19210.884765625,19174.78125,19178.83984375,627975000
2025-05-27 14:30:00-04:00,19163.8203125,19188.9921875,19157.462890625,19183.6328125,656116000
2025-05-27 15:30:00-04:00,19197.8515625,19197.8515625,19145.564453125,19163.5703125,667819000
2025-05-28 09:30:00-04:00,19174.75390625,19273.05859375,19162.87109375,19237.71875,0
2025-05-28 10:30:00-04:00,19177.46484375,19190.10546875,19147.763671875,19173.99609375,1068816000
2025-05-28 11:30:00-04:00,19184.5703125,19189.48828125,19154.53515625,19177.03125,839408000
2025-05-28 12:30:00-04:00,19199.048828125,19204.640625,19169.23828125,19182.05859375,608783000
2025-05-28 13:30:00-04:00,19197.853515625,19217.5625,19180.052734375,19198.3203125,538832000
2025-05-28 14:30:00-04:00,19182.517578125,19224.064453125,19136.525390625,19198.31640625,642154000
2025-05-28 15:30:00-04:00,19103.412109375,19183.271484375,19085.404296875,19181.98046875,656139000
2025-05-29 09:30:00-04:00,19218.26171875,19386.08203125,19158.833984375,19385.89453125,0
2025-05-29 10:30:00-04:00,19261.29296875,19275.357421875,19201.21484375,19215.6171875,1343367000
2025-05-29 11:30:00-04:00,19192.83203125,19263.8515625,19093.345703125,19261.90234375,1096304000
2025-05-29 12:30:00-04:00,19185.52734375,19233.494140625,19181.404296875,19190.60546875,815891000
2025-05-29 13:30:00-04:00,19105.9921875,19197.162109375,19096.1640625,19185.447265625,680966000
2025-05-29 14:30:00-04:00,19138.119140625,19166.68359375,19104.720703125,19104.720703125,767127000
2025-05-29 15:30:00-04:00,19175.7109375,19198.01171875,19136.6796875,19138.560546875,636431000
2025-05-30 09:30:00-04:00,19122.361328125,19124.251953125,19002.955078125,19118.591796875,0
2025-05-30 10:30:00-04:00,19107.787109375,19134.1640625,19069.07421875,19113.46484375,863861000
2025-05-30 11:30:00-04:00,18947.486328125,19111.99609375,18934.548828125,19104.66796875,851273000
2025-05-30 12:30:00-04:00,18931.513671875,18940.384765625,18850.357421875,18932.708984375,843467000
2025-05-30 13:30:00-04:00,19031.75,19034.49609375,18929.388671875,18936.650390625,541665000
2025-05-30 14:30:00-04:00,19116.44921875,19118.75390625,19011.599609375,19029.9609375,636705000
2025-05-30 15:30:00-04:00,19100.236328125,19151.443359375,19087.38671875,19090.771484375,713997000
2025-06-02 09:30:00-04:00,19103.3828125,19189.615234375,18989.197265625,19077.125,0
2025-06-02 10:30:00-04:00,19105.85546875,19141.5,19086.2734375,19104.41796875,973876000
2025-06-02 11:30:00-04:00,19151.38671875,19166.423828125,19094.896484375,19107.8359375,739187000
2025-06-02 12:30:00-04:00,19171.634765625,19189.228515625,19142.89453125,19151.04296875,672288000
2025-06-02 13:30:00-04:00,19216.689453125,19220.138671875,19154.5390625,19172.359375,713150000
2025-06-02 14:30:00-04:00,19243.998046875,19248.375,19210.712890625,19223.16015625,623532000
2025-06-02 15:30:00-04:00,19245.87890625,19245.87890625,19220.158203125,19236.62109375,618113000
2025-06-03 09:30:00-04:00,19336.2421875,19344.146484375,19224.966796875,19308.177734375,0
2025-06-03 10:30:00-04:00,19383.67578125,19392.81640625,19309.931640625,19333.69140625,1040975000
2025-06-03 11:30:00-04:00,19416.083984375,19419.642578125,19374.79296875,19382.30859375,751053000
2025-06-03 12:30:00-04:00,19449.70703125,19458.591796875,19422.515625,19422.515625,583680000
2025-06-03 13:30:00-04:00,19393.669921875,19450.826171875,19359.76171875,19448.9375,622821000
2025-06-03 14:30:00-04:00,19407.88671875,19421.73046875,19398.669921875,19406.853515625,733674000
2025-06-03 15:30:00-04:00,19387.365234375,19413.259765625,19369.416015625,19411.751953125,526216000
2025-06-04 09:30:00-04:00,19451.52734375,19491.44921875,19360.287109375,19443.951171875,0
2025-06-04 10:30:00-04:00,19462.384765625,19472.140625,19420.373046875,19451.361328125,969995000
2025-06-04 11:30:00-04:00,19419.623046875,19467.541015625,19412.890625,19442.73828125,719013000
2025-06-04 12:30:00-04:00,19465.322265625,19468.05859375,19407.361328125,19420.025390625,597875000
2025-06-04 13:30:00-04:00,19473.552734375,19485.92578125,19457.734375,19464.884765625,531826000
2025-06-04 14:30:00-04:00,19480.1328125,19492.6953125,19473.541015625,19482.4296875,581442000
2025-06-04 15:30:00-04:00,19463.70703125,19484.119140625,19456.130859375,19479.0078125,0
2025-06-05 09:30:00-04:00,19489.421875,19533.8046875,19399.359375,19518.716796875,2058863000
2025-06-05 10:30:00-04:00,19603.357421875,19604.142578125,19416.517578125,19488.375,1076083000
2025-06-05 11:30:00-04:00,19553.2421875,19609.59765625,19516.841796875,19601.9921875,804249000
2025-06-05 12:30:00-04:00,19474.82421875,19557.169921875,19379.2578125,19553.111328125,739637000
2025-06-05 13:30:00-04:00,19415.107421875,19488.326171875,19351.9296875,19472.42578125,593672000
2025-06-05 14:30:00-04:00,19292.943359375,19445.177734375,19227.216796875,19417.166015625,818856000
2025-06-05 15:30:00-04:00,19292.193359375,19368.00390625,19284.00390625,19284.00390625,607555000
2025-06-06 09:30:00-04:00,19510.134765625,19581.806640625,19497.080078125,19525.208984375,0
2025-06-06 10:30:00-04:00,19510.681640625,19574.0390625,19475.67578125,19515.0390625,968462000
2025-06-06 11:30:00-04:00,19518.86328125,19555.525390625,19499.283203125,19512.431640625,659919000
2025-06-06 12:30:00-04:00,19522.564453125,19531.78515625,19465.1953125,19523.025390625,548350000
2025-06-06 13:30:00-04:00,19570.822265625,19586.26953125,19527.65625,19533.27734375,508714000
2025-06-06 14:30:00-04:00,19544.0859375,19591.771484375,19537.1875,19576.8046875,619428000
2025-06-06 15:30:00-04:00,19538.2421875,19552.703125,19530.591796875,19541.7109375,486893000
2025-06-09 09:30:00-04:00,19612.662109375,19625.078125,19532.048828125,19578.080078125,0
2025-06-09 10:30:00-04:00,19579.55859375,19637.01953125,19571.73046875,19612.583984375,3656482000
2025-06-09 11:30:00-04:00,19580.314453125,19601.43359375,19569.873046875,19580.38671875,941973000
2025-06-09 12:30:00-04:00,19602.36328125,19634.779296875,19581.123046875,19581.296875,1161007000
2025-06-09 13:30:00-04:00,19619.3515625,19626.412109375,19591.685546875,19601.37109375,780400000
2025-06-09 14:30:00-04:00,19612.380859375,19626.080078125,19597.619140625,19614.68359375,761093000
2025-06-09 15:30:00-04:00,19600.625,19619.0859375,19593.318359375,19606.30078125,652876000
2025-06-10 09:30:00-04:00,19649.17578125,19663.67578125,19600.236328125,19620.724609375,0
2025-06-10 10:30:00-04:00,19634.041015625,19661.728515625,19628.66796875,19646.8046875,1540762000
2025-06-10 11:30:00-04:00,19666.92578125,19671.46484375,19539.267578125,19632.994140625,1060969000
2025-06-10 12:30:00-04:00,19647.890625,19680.96484375,19647.890625,19666.98046875,0
2025-06-10 13:30:00-04:00,19630.751953125,19649.111328125,19591.2734375,19648.005859375,8163513000
2025-06-10 14:30:00-04:00,19708.90625,19730.16015625,19629.369140625,19630.4296875,780229000
2025-06-10 15:30:00-04:00,19716.240234375,19716.240234375,19667.896484375,19708.720703125,790697000
2025-06-11 09:30:00-04:00,19794.83984375,19799.78125,19691.3046875,19777.15625,0
2025-06-11 10:30:00-04:00,19763.390625,19800.330078125,19744.001953125,19792.150390625,0
2025-06-11 11:30:00-04:00,19709.33984375,19768.92578125,19657.2265625,19761.619140625,5972827000
2025-06-11 12:30:00-04:00,19741.10546875,19750.3046875,19697.44140625,19710.095703125,657588000
2025-06-11 13:30:00-04:00,19598.125,19743.396484375,19551.52734375,19741.763671875,735955000
2025-06-11 14:30:00-04:00,19593.3515625,19648.5078125,19570.021484375,19597.921875,674367000
2025-06-11 15:30:00-04:00,19621.458984375,19621.458984375,19573.201171875,19593.15234375,661845000
2025-06-12 09:30:00-04:00,19639.69921875,19645.966796875,19555.970703125,19582.296875,0
2025-06-12 10:30:00-04:00,19635.30859375,19689.966796875,19616.19921875,19642.12890625,1573910000
2025-06-12 11:30:00-04:00,19671.236328125,19676.173828125,19619.5,19633.9609375,1252069000
2025-06-12 12:30:00-04:00,19663.853515625,19681.759765625,19642.09765625,19670.29296875,1677485000
2025-06-12 13:30:00-04:00,19644.857421875,19686.7421875,19635.96875,19666.13671875,1193174000
2025-06-12 14:30:00-04:00,19660.515625,19673.74609375,19634.49609375,19645.849609375,852608000
2025-06-12 15:30:00-04:00,19660.32421875,19660.32421875,19624.806640625,19660.267578125,763045000
2025-06-13 09:30:00-04:00,19380.685546875,19531.052734375,19374.8125,19454.7109375,0
2025-06-13 10:30:00-04:00,19533.958984375,19538.701171875,19378.69921875,19379.82421875,1249872000
2025-06-13 11:30:00-04:00,19565.96484375,19591.59375,19529.474609375,19537.787109375,656850000
2025-06-13 12:30:00-04:00,19529.556640625,19586.708984375,19516.4921875,19566.98828125,610315000
2025-06-13 13:30:00-04:00,19433.0234375,19550.537109375,19430.931640625,19528.892578125,620615000
2025-06-13 14:30:00-04:00,19392.703125,19442.82421875,19369.31640625,19431.52734375,721560000
2025-06-13 15:30:00-04:00,19408.349609375,19425.208984375,19369.501953125,19392.673828125,672586000
2025-06-16 09:30:00-04:00,19706.416015625,19706.61328125,19557.271484375,19557.271484375,0
2025-06-16 10:30:00-04:00,19703.408203125,19733.306640625,19695.298828125,19706.921875,1303981000
2025-06-16 11:30:00-04:00,19692.130859375,19715.76171875,19679.265625,19703.6796875,862561000
2025-06-16 12:30:00-04:00,19715.5859375,19720.357421875,19672.689453125,19693.806640625,1064196000
2025-06-16 13:30:00-04:00,19695.048828125,19723.408203125,19679.8671875,19715.9765625,596943000
2025-06-16 14:30:00-04:00,19693.888671875,19703.05859375,19666.671875,19696.654296875,603845000
2025-06-16 15:30:00-04:00,19701.55859375,19703.83203125,19673.599609375,19694.59765625,616633000
2025-06-17 09:30:00-04:00,19631.47265625,19655.505859375,19568.306640625,19632.984375,1902552405
2025-06-17 10:30:00-04:00,19624.1953125,19658.193359375,19612.0859375,19630.818359375,1005064000
2025-06-17 11:30:00-04:00,19652.677734375,19664.328125,19614.6171875,19623.365234375,708178000
2025-06-17 12:30:00-04:00,19575.4296875,19666.451171875,19570.3515625,19651.822265625,718053000
2025-06-17 13:30:00-04:00,19505.724609375,19602.501953125,19492.041015625,19557.708984375,666705000
2025-06-17 14:30:00-04:00,19547.521484375,19550.01953125,19485.552734375,19505.685546875,614284000
2025-06-17 15:30:00-04:00,19519.4765625,19557.576171875,19515.486328125,19549.603515625,610111000
2025-06-18 09:30:00-04:00,19640.77734375,19644.482421875,19491.8984375,19527.787109375,0
2025-06-18 10:30:00-04:00,19624.44140625,19660.654296875,19621.66015625,19639.830078125,858800000
2025-06-18 11:30:00-04:00,19611.732421875,19648.912109375,19604.009765625,19632.28125,707894000
2025-06-18 12:30:00-04:00,19571.654296875,19629.732421875,19571.654296875,19610.95703125,575004000
2025-06-18 13:30:00-04:00,19597.71484375,19650.205078125,19542.798828125,19571.724609375,587721000
2025-06-18 14:30:00-04:00,19528.634765625,19643.0859375,19496.380859375,19594.84765625,713700000
2025-06-18 15:30:00-04:00,19544.751953125,19592.935546875,19519.14453125,19523.685546875,611452000
2025-06-20 09:30:00-04:00,19525.05078125,19695.33203125,19493.818359375,19648.453125,0
2025-06-20 10:30:00-04:00,19466.38671875,19543.5859375,19388.55859375,19520.419921875,1008387000
2025-06-20 11:30:00-04:00,19465.185546875,19509.61328125,19443.376953125,19460.021484375,808098000
2025-06-20 12:30:00-04:00,19408.375,19501.900390625,19408.375,19465.232421875,628163000
2025-06-20 13:30:00-04:00,19472.5234375,19486.369140625,19381.2734375,19400.0625,542622000
2025-06-20 14:30:00-04:00,19417.455078125,19485.451171875,19410.138671875,19473.896484375,565424000
2025-06-20 15:30:00-04:00,19446.185546875,19462.16796875,19409.509765625,19417.57421875,718400000
2025-06-23 09:30:00-04:00,19553.876953125,19572.34375,19345.357421875,19426.513671875,0
2025-06-23 10:30:00-04:00,19536.51171875,19575.65234375,19524.51171875,19555.2109375,994436000
2025-06-23 11:30:00-04:00,19436.65625,19539.97265625,19434.529296875,19536.462890625,799254000
2025-06-23 12:30:00-04:00,19574.28125,19577.865234375,19335.3828125,19436.337890625,1060282000
2025-06-23 13:30:00-04:00,19601.568359375,19633.640625,19584.3046875,19584.3046875,682057000
2025-06-23 14:30:00-04:00,19614.169921875,19624.447265625,19588.341796875,19602.330078125,546873000
2025-06-23 15:30:00-04:00,19631.384765625,19643.6875,19594.0390625,19612.4140625,603831000
2025-06-24 09:30:00-04:00,19832.857421875,19869.6328125,19797.962890625,19810.23046875,0
2025-06-24 10:30:00-04:00,19895.076171875,19897.923828125,19832.80078125,19833.203125,1024873000
2025-06-24 11:30:00-04:00,19913.513671875,19915.6953125,19884.46484375,19899.052734375,727547000
2025-06-24 12:30:00-04:00,19906.455078125,19937.4140625,19902.048828125,19912.857421875,600415000
2025-06-24 13:30:00-04:00,19924.73046875,19940.599609375,19906.330078125,19906.330078125,562923000
2025-06-24 14:30:00-04:00,19925.07421875,19946.6484375,19918.71875,19924.931640625,622955000
2025-06-24 15:30:00-04:00,19912.783203125,19934.734375,19909.474609375,19923.783203125,662053000
2025-06-25 09:30:00-04:00,19998.94921875,20052.78125,19977.45703125,20012.375,0
2025-06-25 10:30:00-04:00,19980.130859375,20029.21484375,19961.908203125,20005.0234375,1014650000
2025-06-25 11:30:00-04:00,19955.572265625,19979.21875,19943.43359375,19979.171875,716662000
2025-06-25 12:30:00-04:00,19970.9296875,19975.18359375,19940.71875,19954.8984375,664403000
2025-06-25 13:30:00-04:00,19950.923828125,19971.439453125,19919.423828125,19970.7890625,563342000
2025-06-25 14:30:00-04:00,19960.61328125,19980.595703125,19931.83984375,19951.046875,617229000
2025-06-25 15:30:00-04:00,19973.69921875,19975.81640625,19938.318359375,19961.380859375,614484000
2025-06-26 09:30:00-04:00,20081.166015625,20082.1875,19984.62109375,20067.337890625,0
2025-06-26 10:30:00-04:00,20074.2109375,20111.818359375,20073.5546875,20080.619140625,3390786000
2025-06-26 11:30:00-04:00,20114.767578125,20128.265625,20062.384765625,20072.66015625,749380000
2025-06-26 12:30:00-04:00,20138.830078125,20141.798828125,20104.24609375,20113.796875,739519000
2025-06-26 13:30:00-04:00,20173.5390625,20182.23828125,20139.21484375,20139.37890625,609231000
2025-06-26 14:30:00-04:00,20170.060546875,20180.23828125,20155.3515625,20173.990234375,717581000
2025-06-26 15:30:00-04:00,20170.7421875,20186.9609375,20154.9609375,20170.169921875,699601000
2025-06-27 09:30:00-04:00,20270.595703125,20299.716796875,20212.8515625,20226.16015625,2018588000
2025-06-27 10:30:00-04:00,20272.509765625,20290.1640625,20250.46875,20270.25,954387000
2025-06-27 11:30:00-04:00,20290.6171875,20308.50390625,20276.857421875,20278.05078125,782826000
2025-06-27 12:30:00-04:00,20269.650390625,20292.4609375,20265.67578125,20290.384765625,588570000
2025-06-27 13:30:00-04:00,20178.953125,20271.87890625,20172.890625,20266.701171875,684359000
2025-06-27 14:30:00-04:00,20163.732421875,20175.169921875,20097.55078125,20148.609375,757758000
2025-06-27 15:30:00-04:00,20254.9765625,20257.53125,20176.6328125,20177.890625,605245000
2025-06-30 09:30:00-04:00,20313.470703125,20375.9296875,20296.611328125,20361.544921875,0
2025-06-30 10:30:00-04:00,20302.84765625,20328.087890625,20293.212890625,20324.453125,983969000
2025-06-30 11:30:00-04:00,20313.43359375,20341.107421875,20296.0625,20302.056640625,775661000
2025-06-30 12:30:00-04:00,20320.24609375,20341.259765625,20310.525390625,20313.599609375,626842000
2025-06-30 13:30:00-04:00,20305.095703125,20323.615234375,20286.4765625,20320.1484375,583901000
2025-06-30 14:30:00-04:00,20372.884765625,20385.11328125,20267.57421875,20304.96875,694131000
2025-06-30 15:30:00-04:00,20368.4296875,20418.138671875,20359.875,20372.07421875,705001000
2025-07-01 09:30:00-04:00,20266.958984375,20337.5625,20257.892578125,20281.515625,0
2025-07-01 10:30:00-04:00,20194.4921875,20278.560546875,20105.837890625,20274.056640625,1235233000
2025-07-01 11:30:00-04:00,20207.580078125,20217.2421875,20139.78125,20193.044921875,1004026000
2025-07-01 12:30:00-04:00,20249.103515625,20262.322265625,20198.498046875,20206.62890625,721635000
2025-07-01 13:30:00-04:00,20242.306640625,20274.005859375,20236.638671875,20251.580078125,550285000
2025-07-01 14:30:00-04:00,20235.76171875,20260.1328125,20172.93359375,20242.123046875,658164000
2025-07-01 15:30:00-04:00,20203.591796875,20250.27734375,20199.763671875,20236.404296875,619457000
2025-07-02 09:30:00-04:00,20325.392578125,20326.94921875,20186.193359375,20186.193359375,0
2025-07-02 10:30:00-04:00,20341.662109375,20381.552734375,20326.380859375,20331.19921875,1085380000
2025-07-02 11:30:00-04:00,20364.2890625,20376.388671875,20339.857421875,20339.857421875,804904000
2025-07-02 12:30:00-04:00,20363.541015625,20378.658203125,20354.7265625,20364.78125,650844000
2025-07-02 13:30:00-04:00,20367.1640625,20371.240234375,20350.828125,20362.609375,561031000
2025-07-02 14:30:00-04:00,20370.162109375,20377.609375,20363.169921875,20370.888671875,691414000
2025-07-02 15:30:00-04:00,20392.78515625,20395.76171875,20359.646484375,20368.326171875,634220000
2025-07-03 09:30:00-04:00,20580.1796875,20589.03515625,20481.90625,20509.208984375,0
2025-07-03 10:30:00-04:00,20588.345703125,20597.845703125,20564.806640625,20584.06640625,1014771000
2025-07-03 11:30:00-04:00,20601.314453125,20624.32421875,20595.078125,20595.078125,832461000
2025-07-07 09:30:00-04:00,20483.890625,20511.060546875,20460.23046875,20492.5234375,0
2025-07-07 10:30:00-04:00,20463.361328125,20482.61328125,20440.0625,20482.61328125,1009966000
2025-07-07 11:30:00-04:00,20426.099609375,20489.818359375,20378.68359375,20460.744140625,764780000
2025-07-07 12:30:00-04:00,20403.478515625,20450.4453125,20388.12109375,20425.767578125,634069000
2025-07-07 13:30:00-04:00,20355.037109375,20445.21484375,20336.02734375,20403.69140625,566626000
2025-07-07 14:30:00-04:00,20391.96484375,20405.40625,20323.015625,20326.88671875,590205000
2025-07-07 15:30:00-04:00,20417.91796875,20417.91796875,20379.833984375,20384.91796875,681739000
2025-07-08 09:30:00-04:00,20405.291015625,20476.1328125,20388.4375,20464.728515625,1743968697
2025-07-08 10:30:00-04:00,20393.3359375,20463.841796875,20377.384765625,20426.048828125,1116664000
2025-07-08 11:30:00-04:00,20467.95703125,20478.107421875,20394.6953125,20394.6953125,817753000
2025-07-08 12:30:00-04:00,20432.859375,20470.52734375,20407.7890625,20469.544921875,658742000
2025-07-08 13:30:00-04:00,20431.33203125,20459.033203125,20416.884765625,20434.287109375,619204000
2025-07-08 14:30:00-04:00,20410.884765625,20439.3671875,20395.88671875,20432.001953125,640305000
2025-07-08 15:30:00-04:00,20419.40234375,20423.595703125,20394.087890625,20410.5234375,651994000
2025-07-09 09:30:00-04:00,20607.88671875,20640.595703125,20522.0859375,20522.0859375,0
2025-07-09 10:30:00-04:00,20536.39453125,20582.376953125,20486.45703125,20582.376953125,0
2025-07-09 11:30:00-04:00,20536.525390625,20545.390625,20511.123046875,20536.755859375,5695401000
2025-07-09 12:30:00-04:00,20545.01953125,20561.78125,20532.65234375,20536.35546875,787323000
2025-07-09 13:30:00-04:00,20570.140625,20580.1171875,20519.341796875,20544.93359375,704186000
2025-07-09 14:30:00-04:00,20588.015625,20597.13671875,20563.43359375,20570.013671875,663242000
2025-07-09 15:30:00-04:00,20608.41015625,20610.740234375,20582.705078125,20586.890625,669681000
2025-07-10 09:30:00-04:00,20520.068359375,20652.357421875,20499.591796875,20645.763671875,2369571000
2025-07-10 10:30:00-04:00,20593.732421875,20596.25,20525.09765625,20526.080078125,1162971000
2025-07-10 11:30:00-04:00,20608.9375,20614.04296875,20572.931640625,20595.822265625,905159000
2025-07-10 12:30:00-04:00,20624.953125,20629.201171875,20591.484375,20609.595703125,683567000
2025-07-10 13:30:00-04:00,20641.267578125,20653.2421875,20625.033203125,20625.041015625,649028000
2025-07-10 14:30:00-04:00,20642.21484375,20651.923828125,20634.72265625,20641.794921875,648994000
2025-07-10 15:30:00-04:00,20628.556640625,20655.068359375,20609.28125,20641.919921875,674360000
2025-07-11 09:30:00-04:00,20629.7578125,20634.390625,20514.255859375,20568.67578125,2375874000
2025-07-11 10:30:00-04:00,20588.095703125,20635.6875,20557.705078125,20627.876953125,1106945000
2025-07-11 11:30:00-04:00,20624.8203125,20643.107421875,20589.67578125,20589.67578125,729258000
2025-07-11 12:30:00-04:00,20640.12890625,20647.818359375,20607.154296875,20624.615234375,538763000
2025-07-11 13:30:00-04:00,20630.365234375,20646.001953125,20601.978515625,20640.033203125,632037000
2025-07-11 14:30:00-04:00,20608.896484375,20646.79296875,20566.78125,20630.396484375,745059000
2025-07-11 15:30:00-04:00,20583.83984375,20607.76171875,20583.748046875,20607.76171875,658725000
2025-07-14 09:30:00-04:00,20565.1796875,20614.759765625,20494.31640625,20585.62890625,0
2025-07-14 10:30:00-04:00,20626.826171875,20639.19140625,20554.59375,20561.259765625,1030027000
2025-07-14 11:30:00-04:00,20630.703125,20642.44921875,20613.759765625,20628.748046875,698855000
2025-07-14 12:30:00-04:00,20656.916015625,20672.216796875,20621.318359375,20630.626953125,622681000
2025-07-14 13:30:00-04:00,20656.8671875,20669.40234375,20644.861328125,20657.111328125,587336000
2025-07-14 14:30:00-04:00,20645.4765625,20662.853515625,20640.64453125,20655.51171875,618515000
2025-07-14 15:30:00-04:00,20641.318359375,20647.251953125,20625.02734375,20642.2265625,613398000
2025-07-15 09:30:00-04:00,20789.587890625,20833.228515625,20751.251953125,20833.228515625,0
2025-07-15 10:30:00-04:00,20779.333984375,20784.822265625,20721.43359375,20784.111328125,996002000
2025-07-15 11:30:00-04:00,20773.193359375,20802.609375,20767.220703125,20793.77734375,781352000
2025-07-15 12:30:00-04:00,20742.109375,20781.5546875,20727.427734375,20775.9140625,611940000
2025-07-15 13:30:00-04:00,20784.376953125,20795.861328125,20747.408203125,20747.962890625,609494000
2025-07-15 14:30:00-04:00,20706.8984375,20788.390625,20705.771484375,20784.44921875,709657000
2025-07-15 15:30:00-04:00,20693.697265625,20730.890625,20689.2265625,20714.85546875,600731000
2025-07-16 09:30:00-04:00,20682.703125,20730.99609375,20630.677734375,20728.98046875,0
2025-07-16 10:30:00-04:00,20618.859375,20703.712890625,20578.44921875,20690.02734375,1099680000
2025-07-16 11:30:00-04:00,20638.951171875,20668.265625,20510.541015625,20640.921875,952593000
2025-07-16 12:30:00-04:00,20696.677734375,20714.482421875,20629.35546875,20646.775390625,646251000
2025-07-16 13:30:00-04:00,20702.775390625,20705.1953125,20682.79296875,20693.015625,588885000
2025-07-16 14:30:00-04:00,20721.767578125,20729.474609375,20706.51171875,20708.154296875,668734000
2025-07-16 15:30:00-04:00,20736.416015625,20750.798828125,20719.982421875,20724.59765625,616282000
2025-07-17 09:30:00-04:00,20813.701171875,20831.775390625,20735.546875,20771.29296875,0
2025-07-17 10:30:00-04:00,20873.546875,20880.9765625,20808.490234375,20811.95703125,1269727000
2025-07-17 11:30:00-04:00,20898.71484375,20911.826171875,20864.666015625,20873.6953125,969275000
2025-07-17 12:30:00-04:00,20892.6015625,20903.068359375,20878.171875,20899.427734375,826708000
2025-07-17 13:30:00-04:00,20896.880859375,20908.4921875,20881.271484375,20892.419921875,735126000
2025-07-17 14:30:00-04:00,20901.89453125,20911.20703125,20889.35546875,20897.251953125,788201000
2025-07-17 15:30:00-04:00,20887.162109375,20910.2265625,20880.51953125,20902.15234375,728142000
2025-07-18 09:30:00-04:00,20856.357421875,20978.76953125,20851.876953125,20974.3359375,0
2025-07-18 10:30:00-04:00,20882.28515625,20888.171875,20852.34765625,20857.771484375,1279834000
2025-07-18 11:30:00-04:00,20869.443359375,20916.28125,20855.96875,20883.578125,877714000
2025-07-18 12:30:00-04:00,20882.978515625,20887.734375,20846.115234375,20868.330078125,698717000
2025-07-18 13:30:00-04:00,20888.5546875,20892.61328125,20862.341796875,20882.25390625,665055000
2025-07-18 14:30:00-04:00,20880.53515625,20898.4609375,20873.16015625,20888.599609375,709184000
2025-07-18 15:30:00-04:00,20894.974609375,20895.3828125,20869.873046875,20879.892578125,690415000
2025-07-21 09:30:00-04:00,21068.580078125,21071.90234375,20957.44140625,20962.951171875,0
2025-07-21 10:30:00-04:00,21053.16015625,21073.87109375,21039.310546875,21064.125,1619043000
2025-07-21 11:30:00-04:00,21006.93359375,21056.74609375,20997.345703125,21051.3515625,1473036000
2025-07-21 12:30:00-04:00,21054.173828125,21058.421875,21014.107421875,21014.685546875,966852000
2025-07-21 13:30:00-04:00,21052.533203125,21057.51171875,21040.791015625,21056.759765625,840073000
2025-07-21 14:30:00-04:00,20999.341796875,21046.080078125,20995.677734375,21045.091796875,1237139000
2025-07-21 15:30:00-04:00,20968.44921875,21008.94921875,20967.0625,21008.92578125,763455000
2025-07-22 09:30:00-04:00,20822.544921875,20974.5390625,20754.23828125,20974.5390625,3530070000
2025-07-22 10:30:00-04:00,20874.8125,20889.447265625,20824.205078125,20824.205078125,1432373000
2025-07-22 11:30:00-04:00,20866.03515625,20899.873046875,20866.03515625,20875.810546875,897406000
2025-07-22 12:30:00-04:00,20903.474609375,20903.478515625,20836.4921875,20839.912109375,792126000
2025-07-22 13:30:00-04:00,20897.021484375,20915.90234375,20851.685546875,20915.48828125,802089000
2025-07-22 14:30:00-04:00,20922.380859375,20926.77734375,20891.044921875,20891.044921875,812047000
2025-07-22 15:30:00-04:00,20892.9296875,20927.501953125,20892.9296875,20915.458984375,738689000
2025-07-23 09:30:00-04:00,20908.4375,20953.72265625,20871.705078125,20949.1484375,0
2025-07-23 10:30:00-04:00,20916.982421875,20931.857421875,20880.046875,20910.388671875,1380614000
2025-07-23 11:30:00-04:00,20923.736328125,20981.26171875,20914.255859375,20918.779296875,1113812000
2025-07-23 12:30:00-04:00,20942.333984375,20943.84375,20922.49609375,20926.646484375,766103000
2025-07-23 13:30:00-04:00,20999.505859375,21013.72265625,20935.7109375,20939.140625,940678000
2025-07-23 14:30:00-04:00,20999.36328125,21010.703125,20994.6953125,20998.7109375,828586000
2025-07-23 15:30:00-04:00,21010.326171875,21011.1015625,20983.56640625,21002.244140625,695708000
2025-07-24 09:30:00-04:00,21037.626953125,21106.640625,21005.67578125,21083.818359375,0
2025-07-24 10:30:00-04:00,21077.748046875,21091.166015625,21032.40625,21036.30078125,1932772000
2025-07-24 11:30:00-04:00,21044.05078125,21089.810546875,21044.05078125,21070.6640625,1298189000
2025-07-24 12:30:00-04:00,21093.564453125,21104.259765625,21044.001953125,21047.814453125,924876000
2025-07-24 13:30:00-04:00,21102.65625,21108.794921875,21077.498046875,21086.64453125,747587000
2025-07-24 14:30:00-04:00,21100.59765625,21107.224609375,21077.72265625,21103.689453125,1079822000
2025-07-24 15:30:00-04:00,21072.353515625,21104.201171875,21069.998046875,21099.884765625,809057000
2025-07-25 09:30:00-04:00,21093.33203125,21104.794921875,21037.6015625,21067.44921875,0
2025-07-25 10:30:00-04:00,21117.26171875,21119.40625,21086.419921875,21089.765625,1500975000
2025-07-25 11:30:00-04:00,21154.931640625,21156.337890625,21103.302734375,21116.390625,995306000
2025-07-25 12:30:00-04:00,21136.830078125,21159.396484375,21126.966796875,21159.365234375,803140000
2025-07-25 13:30:00-04:00,21142.3046875,21150.33203125,21124.1484375,21144.14453125,948941000
2025-07-25 14:30:00-04:00,21134.5078125,21152.431640625,21133.587890625,21146.251953125,816825000
2025-07-25 15:30:00-04:00,21110.470703125,21138.86328125,21107.08984375,21129.181640625,726841000
2025-07-28 09:30:00-04:00,21180.01953125,21202.0,21159.587890625,21172.986328125,0
2025-07-28 10:30:00-04:00,21155.7265625,21193.767578125,21124.498046875,21180.7890625,1471595000
2025-07-28 11:30:00-04:00,21171.384765625,21180.08984375,21155.087890625,21156.498046875,884582000
2025-07-28 12:30:00-04:00,21147.484375,21171.5859375,21144.53125,21171.412109375,723686000
2025-07-28 13:30:00-04:00,21143.56640625,21168.818359375,21132.0546875,21147.630859375,718225000
2025-07-28 14:30:00-04:00,21144.140625,21153.60546875,21130.7734375,21144.05859375,960918000
2025-07-28 15:30:00-04:00,21177.787109375,21180.45703125,21137.6875,21144.111328125,812898000
2025-07-29 09:30:00-04:00,21214.259765625,21303.24609375,21201.951171875,21289.0859375,0
2025-07-29 10:30:00-04:00,21104.5859375,21226.783203125,21101.498046875,21219.373046875,1528773000
2025-07-29 11:30:00-04:00,21124.1328125,21160.67578125,21081.896484375,21104.4296875,1076880000
2025-07-29 12:30:00-04:00,21155.625,21168.935546875,21101.55859375,21122.943359375,764537000
2025-07-29 13:30:00-04:00,21131.291015625,21160.326171875,21117.583984375,21155.431640625,636110000
2025-07-29 14:30:00-04:00,21117.140625,21158.69921875,21116.90234375,21131.349609375,642761000
2025-07-29 15:30:00-04:00,21100.455078125,21122.220703125,21083.470703125,21118.794921875,700844000
2025-07-30 09:30:00-04:00,21168.33203125,21179.912109375,21121.70703125,21138.0546875,0
2025-07-30 10:30:00-04:00,21147.740234375,21201.869140625,21138.228515625,21170.43359375,1085094000
2025-07-30 11:30:00-04:00,21190.513671875,21199.796875,21140.357421875,21146.939453125,803400000
2025-07-30 12:30:00-04:00,21182.9375,21196.86328125,21179.41796875,21190.548828125,650521000
2025-07-30 13:30:00-04:00,21202.560546875,21210.16015625,21174.05078125,21183.064453125,588485000
2025-07-30 14:30:00-04:00,21047.7734375,21230.880859375,21019.3828125,21202.181640625,1082631000
2025-07-30 15:30:00-04:00,21133.412109375,21133.412109375,21042.2734375,21049.259765625,737864000
2025-07-31 09:30:00-04:00,21366.34375,21445.375,21327.380859375,21445.375,0
2025-07-31 10:30:00-04:00,21277.669921875,21379.412109375,21224.353515625,21363.775390625,4079203000
2025-07-31 11:30:00-04:00,21356.896484375,21363.67578125,21275.07421875,21277.71484375,813718000
2025-07-31 12:30:00-04:00,21212.859375,21366.216796875,21199.787109375,21357.515625,714118000
2025-07-31 13:30:00-04:00,21175.923828125,21250.978515625,21078.923828125,21211.5234375,787418000
2025-07-31 14:30:00-04:00,21137.875,21214.08984375,21134.4765625,21174.705078125,819094000
2025-07-31 15:30:00-04:00,21138.07421875,21173.060546875,21084.6015625,21138.41015625,742391000
2025-08-01 09:30:00-04:00,20750.4375,20860.5390625,20575.10546875,20837.2109375,0
2025-08-01 10:30:00-04:00,20662.646484375,20788.1484375,20660.07421875,20754.361328125,1128650000
2025-08-01 11:30:00-04:00,20765.8671875,20792.236328125,20658.05859375,20658.05859375,873716000
2025-08-01 12:30:00-04:00,20613.40625,20768.337890625,20602.724609375,20762.28125,888243000
2025-08-01 13:30:00-04:00,20650.71875,20654.998046875,20560.7265625,20613.142578125,659575000
2025-08-01 14:30:00-04:00,20647.595703125,20705.005859375,20622.3046875,20650.146484375,713825000
2025-08-01 15:30:00-04:00,20652.6640625,20704.458984375,20614.935546875,20646.66015625,680321000
2025-08-04 09:30:00-04:00,20993.076171875,20997.439453125,20833.857421875,20848.681640625,0
2025-08-04 10:30:00-04:00,20968.412109375,20996.185546875,20944.65625,20977.1328125,818532000
2025-08-04 11:30:00-04:00,21023.17578125,21023.197265625,20955.3125,20960.744140625,658604000
2025-08-04 12:30:00-04:00,21026.435546875,21030.865234375,21004.212890625,21013.9609375,588565000
2025-08-04 13:30:00-04:00,21023.505859375,21039.275390625,21003.189453125,21030.98828125,547227000
2025-08-04 14:30:00-04:00,21034.201171875,21042.8671875,21008.99609375,21028.349609375,544137000
2025-08-04 15:30:00-04:00,21048.064453125,21054.216796875,21001.884765625,21009.9453125,669924000
2025-08-05 09:30:00-04:00,21024.53515625,21133.365234375,21015.583984375,21082.55078125,0
2025-08-05 10:30:00-04:00,20939.77734375,21031.01171875,20906.107421875,21030.10546875,1078634000
2025-08-05 11:30:00-04:00,20969.830078125,20980.685546875,20897.744140625,20945.412109375,713550000
2025-08-05 12:30:00-04:00,20984.0234375,20986.80078125,20918.5390625,20977.533203125,534964000
2025-08-05 13:30:00-04:00,20958.99609375,21021.74609375,20956.673828125,20984.296875,508835000
2025-08-05 14:30:00-04:00,20942.25390625,20964.896484375,20909.2109375,20952.970703125,581872000
2025-08-05 15:30:00-04:00,20910.599609375,20956.765625,20910.599609375,20954.361328125,640278000
2025-08-06 09:30:00-04:00,20956.296875,21043.65625,20938.427734375,20957.701171875,0
2025-08-06 10:30:00-04:00,21083.923828125,21088.6171875,20954.015625,20970.435546875,1215817000
2025-08-06 11:30:00-04:00,21113.513671875,21136.841796875,21079.4375,21099.84375,803358000
2025-08-06 12:30:00-04:00,21128.59375,21131.640625,21098.98046875,21103.6328125,608861000
2025-08-06 13:30:00-04:00,21165.52734375,21167.529296875,21123.51171875,21127.146484375,596984000
2025-08-06 14:30:00-04:00,21173.013671875,21183.4453125,21156.869140625,21165.23828125,627271000
2025-08-06 15:30:00-04:00,21164.48046875,21183.857421875,21157.623046875,21171.904296875,622030000
2025-08-07 09:30:00-04:00,21297.232421875,21406.9453125,21294.259765625,21334.474609375,0
2025-08-07 10:30:00-04:00,21273.017578125,21327.796875,21255.8984375,21304.46875,1035906000
2025-08-07 11:30:00-04:00,21246.701171875,21270.626953125,21217.984375,21257.060546875,885377000
2025-08-07 12:30:00-04:00,21159.232421875,21254.04296875,21147.91796875,21247.203125,652943000
2025-08-07 13:30:00-04:00,21124.240234375,21178.6796875,21092.884765625,21139.953125,0
2025-08-07 14:30:00-04:00,21143.04296875,21167.333984375,21111.06640625,21114.43359375,6594401000
2025-08-07 15:30:00-04:00,21243.919921875,21243.919921875,21161.275390625,21164.6015625,713866000
2025-08-08 09:30:00-04:00,21406.76171875,21409.8828125,21306.826171875,21316.365234375,2785949000
2025-08-08 10:30:00-04:00,21412.705078125,21430.75,21378.5625,21420.02734375,1016994000
2025-08-08 11:30:00-04:00,21432.73828125,21438.236328125,21366.744140625,21399.947265625,800817000
2025-08-08 12:30:00-04:00,21403.150390625,21440.310546875,21397.68359375,21432.431640625,630879000
2025-08-08 13:30:00-04:00,21437.818359375,21462.865234375,21402.849609375,21402.849609375,602663000
2025-08-08 14:30:00-04:00,21441.453125,21458.173828125,21441.453125,21446.66015625,664156000
2025-08-08 15:30:00-04:00,21442.826171875,21444.208984375,21415.65234375,21435.08984375,604986000
2025-08-11 09:30:00-04:00,21481.462890625,21492.529296875,21401.302734375,21453.0859375,2795481000
2025-08-11 10:30:00-04:00,21483.490234375,21494.458984375,21456.708984375,21478.271484375,1065338000
2025-08-11 11:30:00-04:00,21525.869140625,21547.609375,21467.66796875,21481.861328125,830345000
2025-08-11 12:30:00-04:00,21477.671875,21536.640625,21474.416015625,21533.10546875,785670000
2025-08-11 13:30:00-04:00,21429.87890625,21487.337890625,21425.974609375,21477.57421875,633339000
2025-08-11 14:30:00-04:00,21410.431640625,21442.328125,21407.884765625,21439.55078125,704042000
2025-08-11 15:30:00-04:00,21374.373046875,21408.994140625,21356.88671875,21405.34765625,644828000
2025-08-12 09:30:00-04:00,21509.1171875,21558.31640625,21412.5,21507.806640625,1731014318
2025-08-12 10:30:00-04:00,21588.423828125,21595.826171875,21500.37109375,21511.75,918083000
2025-08-12 11:30:00-04:00,21622.056640625,21622.6171875,21560.166015625,21572.17578125,754007000
2025-08-12 12:30:00-04:00,21632.345703125,21649.177734375,21618.638671875,21621.201171875,637970000
2025-08-12 13:30:00-04:00,21659.603515625,21670.23828125,21635.859375,21637.45703125,605596000
2025-08-12 14:30:00-04:00,21665.171875,21665.2578125,21652.4921875,21660.34765625,664760000
2025-08-12 15:30:00-04:00,21681.142578125,21688.46875,21655.720703125,21670.44921875,646150000
2025-08-13 09:30:00-04:00,21720.583984375,21798.158203125,21720.583984375,21770.25390625,2313459000
2025-08-13 10:30:00-04:00,21698.5078125,21732.68359375,21648.009765625,21716.841796875,1117543000
2025-08-13 11:30:00-04:00,21687.908203125,21718.28515625,21672.87109375,21688.603515625,851848000
2025-08-13 12:30:00-04:00,21703.2265625,21705.6171875,21661.2734375,21686.71484375,674726000
2025-08-13 13:30:00-04:00,21695.0703125,21715.693359375,21668.484375,21697.87109375,608796000
2025-08-13 14:30:00-04:00,21708.033203125,21720.6015625,21669.298828125,21695.48828125,725772000
2025-08-13 15:30:00-04:00,21713.587890625,21715.43359375,21682.158203125,21701.5390625,0
2025-08-14 09:30:00-04:00,21709.505859375,21728.169921875,21630.25,21639.337890625,0
2025-08-14 10:30:00-04:00,21653.439453125,21762.697265625,21643.77734375,21727.20703125,1199638000
2025-08-14 11:30:00-04:00,21657.515625,21699.45703125,21639.2265625,21653.734375,1132630000
2025-08-14 12:30:00-04:00,21740.388671875,21741.427734375,21657.9609375,21657.9609375,769962000
2025-08-14 13:30:00-04:00,21683.87109375,21740.701171875,21675.658203125,21740.701171875,623927000
2025-08-14 14:30:00-04:00,21701.87890625,21721.83203125,21678.5625,21679.814453125,712676000
2025-08-14 15:30:00-04:00,21711.3359375,21731.853515625,21701.197265625,21702.076171875,771476000
2025-08-15 09:30:00-04:00,21685.54296875,21715.55078125,21607.02734375,21705.201171875,0
2025-08-15 10:30:00-04:00,21635.533203125,21669.298828125,21615.091796875,21668.23046875,903277000
2025-08-15 11:30:00-04:00,21598.77734375,21635.453125,21571.025390625,21628.302734375,774056000
2025-08-15 12:30:00-04:00,21634.212890625,21649.416015625,21593.45703125,21596.177734375,647977000
2025-08-15 13:30:00-04:00,21645.044921875,21662.09375,21624.759765625,21634.595703125,563424000
2025-08-15 14:30:00-04:00,21633.654296875,21652.720703125,21610.36328125,21650.078125,659698000
2025-08-15 15:30:00-04:00,21621.708984375,21646.271484375,21620.68359375,21632.552734375,646171000
2025-08-18 09:30:00-04:00,21622.513671875,21650.0390625,21582.7578125,21625.8359375,0
2025-08-18 10:30:00-04:00,21584.6171875,21620.302734375,21560.572265625,21609.423828125,1066547000
2025-08-18 11:30:00-04:00,21603.861328125,21609.998046875,21571.181640625,21581.22265625,735514000
2025-08-18 12:30:00-04:00,21605.162109375,21608.291015625,21559.4765625,21608.171875,605331000
2025-08-18 13:30:00-04:00,21603.005859375,21629.34765625,21587.83203125,21629.08203125,559884000
2025-08-18 14:30:00-04:00,21621.8046875,21644.21484375,21604.2109375,21614.880859375,617862000
2025-08-18 15:30:00-04:00,21643.26171875,21643.26171875,21618.072265625,21618.775390625,549543000
2025-08-19 09:30:00-04:00,21531.29296875,21608.3125,21493.310546875,21602.474609375,1665960205
2025-08-19 10:30:00-04:00,21415.5390625,21488.041015625,21374.58203125,21475.634765625,1224465000
2025-08-19 11:30:00-04:00,21387.0234375,21426.90625,21365.158203125,21419.0546875,708718000
2025-08-19 12:30:00-04:00,21337.71875,21380.51953125,21297.107421875,21377.38671875,710777000
2025-08-19 13:30:00-04:00,21326.623046875,21362.009765625,21322.0078125,21339.830078125,545180000
2025-08-19 14:30:00-04:00,21305.169921875,21330.802734375,21278.21484375,21328.818359375,588641000
2025-08-19 15:30:00-04:00,21309.650390625,21316.91015625,21294.982421875,21310.078125,600927000
2025-08-20 09:30:00-04:00,21011.5,21269.66796875,20944.173828125,21269.66796875,0
2025-08-20 10:30:00-04:00,21081.544921875,21081.544921875,20908.361328125,20964.130859375,1159950000
2025-08-20 11:30:00-04:00,21123.705078125,21127.86328125,21019.38671875,21079.26953125,670195000
2025-08-20 12:30:00-04:00,21095.140625,21144.326171875,21077.19921875,21142.998046875,556197000
2025-08-20 13:30:00-04:00,21076.404296875,21165.05078125,21057.474609375,21103.63671875,523811000
2025-08-20 14:30:00-04:00,21186.705078125,21187.802734375,21062.171875,21062.171875,536524000
2025-08-20 15:30:00-04:00,21170.19140625,21190.8125,21161.49609375,21163.181640625,636622000
2025-08-21 09:30:00-04:00,21184.828125,21184.828125,21055.619140625,21112.5234375,0
2025-08-21 10:30:00-04:00,21126.185546875,21164.3359375,21085.8984375,21159.3828125,900537000
2025-08-21 11:30:00-04:00,21064.126953125,21161.5546875,21060.302734375,21124.154296875,607837000
2025-08-21 12:30:00-04:00,21032.828125,21090.24609375,21013.662109375,21072.90234375,516542000
2025-08-21 13:30:00-04:00,21081.791015625,21100.75390625,21035.10546875,21035.912109375,503056000
2025-08-21 14:30:00-04:00,21116.578125,21124.421875,21071.732421875,21082.126953125,528590000
2025-08-21 15:30:00-04:00,21095.603515625,21112.337890625,21089.1875,21112.125,493583000
2025-08-22 09:30:00-04:00,21408.68359375,21478.205078125,21095.44140625,21109.83203125,0
2025-08-22 10:30:00-04:00,21507.041015625,21543.80078125,21434.548828125,21435.90234375,1399741000
2025-08-22 11:30:00-04:00,21438.998046875,21535.634765625,21438.998046875,21516.177734375,872402000
2025-08-22 12:30:00-04:00,21528.88671875,21528.88671875,21425.3515625,21453.205078125,706394000
2025-08-22 13:30:00-04:00,21516.923828125,21534.5,21511.525390625,21520.93359375,644097000
2025-08-22 14:30:00-04:00,21501.94140625,21530.474609375,21496.216796875,21517.115234375,713916000
2025-08-22 15:30:00-04:00,21487.224609375,21501.421875,21459.18359375,21498.76953125,645733000
2025-08-25 09:30:00-04:00,21502.693359375,21516.912109375,21400.53515625,21457.876953125,0
2025-08-25 10:30:00-04:00,21558.431640625,21561.146484375,21501.080078125,21510.626953125,1138736000
2025-08-25 11:30:00-04:00,21557.2421875,21572.177734375,21542.255859375,21556.10546875,862355000
2025-08-25 12:30:00-04:00,21537.205078125,21563.80078125,21533.826171875,21555.451171875,674399000
2025-08-25 13:30:00-04:00,21523.61328125,21543.4765625,21517.8046875,21537.18359375,713523000
2025-08-25 14:30:00-04:00,21507.146484375,21529.72265625,21505.7734375,21523.4296875,625413000
2025-08-25 15:30:00-04:00,21445.1015625,21513.087890625,21445.1015625,21510.056640625,648884000
2025-08-26 09:30:00-04:00,21496.46875,21500.826171875,21395.427734375,21440.978515625,2396784000
2025-08-26 10:30:00-04:00,21481.41796875,21499.388671875,21471.703125,21494.06640625,1178969000
2025-08-26 11:30:00-04:00,21499.951171875,21511.20703125,21461.662109375,21467.583984375,824404000
2025-08-26 12:30:00-04:00,21491.759765625,21504.22265625,21476.5,21503.953125,612860000
2025-08-26 13:30:00-04:00,21484.3828125,21487.94140625,21443.345703125,21484.92578125,671707000
2025-08-26 14:30:00-04:00,21517.095703125,21524.52734375,21486.138671875,21494.0078125,692239000
2025-08-26 15:30:00-04:00,21537.181640625,21539.62109375,21488.91015625,21516.755859375,586455000
2025-08-27 09:30:00-04:00,21569.03515625,21572.18359375,21479.8125,21526.333984375,0
2025-08-27 10:30:00-04:00,21567.646484375,21583.974609375,21560.2578125,21574.193359375,947651000
2025-08-27 11:30:00-04:00,21520.30859375,21591.416015625,21520.30859375,21566.623046875,721697000
2025-08-27 12:30:00-04:00,21573.673828125,21577.775390625,21527.7578125,21539.68359375,664641000
2025-08-27 13:30:00-04:00,21608.982421875,21616.06640625,21573.556640625,21576.91015625,501482000
2025-08-27 14:30:00-04:00,21570.12109375,21610.423828125,21543.142578125,21610.0,604997000
2025-08-27 15:30:00-04:00,21604.673828125,21604.673828125,21572.048828125,21572.443359375,671222000
2025-08-28 09:30:00-04:00,21580.130859375,21695.130859375,21537.203125,21638.294921875,2442399000
2025-08-28 10:30:00-04:00,21630.02734375,21691.37109375,21596.81640625,21600.861328125,906182000
2025-08-28 11:30:00-04:00,21699.55078125,21702.388671875,21623.318359375,21623.318359375,732265000
2025-08-28 12:30:00-04:00,21696.767578125,21697.966796875,21665.015625,21678.30859375,551645000
2025-08-28 13:30:00-04:00,21720.03515625,21721.009765625,21696.671875,21698.390625,535956000
2025-08-28 14:30:00-04:00,21713.724609375,21732.84375,21709.634765625,21721.181640625,568558000
2025-08-28 15:30:00-04:00,21706.037109375,21734.091796875,21705.20703125,21708.63671875,621487000
2025-08-29 09:30:00-04:00,21483.9921875,21629.72265625,21427.140625,21628.18359375,0
2025-08-29 10:30:00-04:00,21474.33203125,21495.787109375,21416.904296875,21482.0390625,994925000
2025-08-29 11:30:00-04:00,21447.935546875,21478.11328125,21422.046875,21475.97265625,719500000
2025-08-29 12:30:00-04:00,21418.650390625,21479.162109375,21399.318359375,21449.328125,602564000
2025-08-29 13:30:00-04:00,21435.390625,21461.412109375,21414.1015625,21419.203125,525020000
2025-08-29 14:30:00-04:00,21450.677734375,21468.595703125,21431.552734375,21436.1953125,538001000
2025-08-29 15:30:00-04:00,21454.220703125,21479.216796875,21416.658203125,21450.05078125,601008000
2025-09-02 09:30:00-04:00,21261.34375,21280.046875,21047.986328125,21088.150390625,0
2025-09-02 10:30:00-04:00,21117.015625,21266.04296875,21101.189453125,21266.04296875,1004997000
2025-09-02 11:30:00-04:00,21078.669921875,21114.0625,21033.798828125,21112.296875,784739000
2025-09-02 12:30:00-04:00,21165.904296875,21171.75390625,21078.576171875,21078.576171875,596443000
2025-09-02 13:30:00-04:00,21169.384765625,21218.357421875,21165.84765625,21165.84765625,619783000
2025-09-02 14:30:00-04:00,21239.845703125,21244.73828125,21165.505859375,21169.2578125,619136000
2025-09-02 15:30:00-04:00,21282.005859375,21293.689453125,21238.947265625,21240.744140625,597134000
2025-09-03 09:30:00-04:00,21479.87890625,21507.529296875,21418.1796875,21460.51171875,0
2025-09-03 10:30:00-04:00,21462.177734375,21553.39453125,21460.224609375,21480.166015625,900847000
2025-09-03 11:30:00-04:00,21481.9765625,21506.939453125,21447.79296875,21460.009765625,734045000
2025-09-03 12:30:00-04:00,21476.478515625,21507.302734375,21447.029296875,21482.380859375,574885000
2025-09-03 13:30:00-04:00,21403.6953125,21481.916015625,21391.16015625,21480.83203125,584328000
2025-09-03 14:30:00-04:00,21408.21875,21410.697265625,21373.994140625,21389.375,554017000
2025-09-03 15:30:00-04:00,21480.416015625,21481.625,21408.935546875,21409.908203125,572243000
2025-09-04 09:30:00-04:00,21523.2265625,21604.251953125,21474.67578125,21530.634765625,0
2025-09-04 10:30:00-04:00,21576.0,21580.12109375,21532.03515625,21536.330078125,897865000
2025-09-04 11:30:00-04:00,21559.783203125,21581.95703125,21550.19921875,21575.546875,652430000
2025-09-04 12:30:00-04:00,21602.638671875,21602.6796875,21558.296875,21560.119140625,565590000
2025-09-04 13:30:00-04:00,21625.80859375,21630.40234375,21593.880859375,21599.646484375,606381000
2025-09-04 14:30:00-04:00,21658.19921875,21666.3125,21631.052734375,21631.052734375,629793000
2025-09-04 15:30:00-04:00,21704.986328125,21711.958984375,21653.658203125,21656.14453125,673505000
2025-09-05 09:30:00-04:00,21648.564453125,21878.8125,21636.9609375,21860.44140625,0
2025-09-05 10:30:00-04:00,21653.12890625,21659.18359375,21536.126953125,21644.958984375,1031932000
2025-09-05 11:30:00-04:00,21650.029296875,21690.400390625,21629.4375,21646.37890625,735284000
2025-09-05 12:30:00-04:00,21659.0859375,21678.662109375,21628.5078125,21657.07421875,590042000
2025-09-05 13:30:00-04:00,21656.21875,21665.8203125,21615.638671875,21653.048828125,574765000
2025-09-05 14:30:00-04:00,21701.837890625,21701.837890625,21646.751953125,21659.818359375,723275000
2025-09-05 15:30:00-04:00,21701.6328125,21701.6328125,21672.09375,21677.830078125,644495000
2025-09-08 09:30:00-04:00,21858.890625,21878.421875,21795.896484375,21795.896484375,0
2025-09-08 10:30:00-04:00,21868.396484375,21884.48828125,21848.23046875,21866.25,1162239000
2025-09-08 11:30:00-04:00,21836.689453125,21877.353515625,21831.373046875,21875.1640625,877658000
2025-09-08 12:30:00-04:00,21818.625,21828.408203125,21793.408203125,21828.408203125,706200000
2025-09-08 13:30:00-04:00,21818.56640625,21825.494140625,21787.64453125,21817.36328125,670295000
2025-09-08 14:30:00-04:00,21783.681640625,21824.064453125,21778.6640625,21821.83203125,649433000
2025-09-08 15:30:00-04:00,21800.16015625,21819.466796875,21786.275390625,21786.275390625,644439000
2025-09-09 09:30:00-04:00,21809.013671875,21858.169921875,21786.03515625,21858.169921875,0
2025-09-09 10:30:00-04:00,21786.759765625,21794.076171875,21735.654296875,21735.654296875,885779000
2025-09-09 11:30:00-04:00,21811.404296875,21827.62890625,21760.828125,21785.841796875,753074000
2025-09-09 12:30:00-04:00,21838.361328125,21850.091796875,21803.630859375,21812.88671875,656976000
2025-09-09 13:30:00-04:00,21825.955078125,21842.794921875,21819.08984375,21834.923828125,607368000
2025-09-09 14:30:00-04:00,21866.548828125,21867.5234375,21818.44921875,21827.046875,725961000
2025-09-09 15:30:00-04:00,21878.505859375,21891.421875,21843.501953125,21863.34375,670601000
2025-09-10 09:30:00-04:00,21982.892578125,21998.818359375,21935.771484375,21980.6015625,0
2025-09-10 10:30:00-04:00,21949.26953125,21999.3515625,21945.1171875,21991.873046875,1057600000
2025-09-10 11:30:00-04:00,21932.265625,21975.6015625,21919.576171875,21947.80078125,853784000
2025-09-10 12:30:00-04:00,21903.94921875,21950.806640625,21901.775390625,21934.4921875,729231000
2025-09-10 13:30:00-04:00,21867.935546875,21925.482421875,21864.546875,21902.91015625,667616000
2025-09-10 14:30:00-04:00,21827.080078125,21891.71875,21812.99609375,21871.333984375,747978000
2025-09-10 15:30:00-04:00,21893.404296875,21897.025390625,21835.9375,21849.4921875,656439000
2025-09-11 09:30:00-04:00,21968.0703125,21998.1171875,21909.916015625,21977.515625,0
2025-09-11 10:30:00-04:00,22038.703125,22045.84765625,21982.734375,21988.20703125,1261511000
2025-09-11 11:30:00-04:00,22034.033203125,22047.654296875,22014.486328125,22039.0703125,1051441000
2025-09-11 12:30:00-04:00,22036.88671875,22039.185546875,22007.6796875,22029.01171875,816774000
2025-09-11 13:30:00-04:00,22032.318359375,22047.7109375,22022.28125,22027.84375,892830000
2025-09-11 14:30:00-04:00,22047.904296875,22051.7265625,22033.458984375,22038.150390625,801380000
2025-09-11 15:30:00-04:00,22054.7734375,22057.833984375,22043.935546875,22048.134765625,746038000
2025-09-12 09:30:00-04:00,22110.390625,22113.802734375,22031.779296875,22085.408203125,2465240000
2025-09-12 10:30:00-04:00,22122.263671875,22150.40625,22111.4453125,22111.814453125,1158300000
2025-09-12 11:30:00-04:00,22142.79296875,22144.947265625,22108.0390625,22127.54296875,803244000
2025-09-12 12:30:00-04:00,22142.91796875,22155.453125,22133.177734375,22141.578125,713737000
2025-09-12 13:30:00-04:00,22152.87109375,22154.90234375,22129.390625,22144.076171875,670305000
2025-09-12 14:30:00-04:00,22148.681640625,22180.744140625,22148.15625,22149.6171875,693943000
2025-09-12 15:30:00-04:00,22153.771484375,22157.49609375,22118.83203125,22140.771484375,648873000
2025-09-15 09:30:00-04:00,22286.876953125,22297.087890625,22234.212890625,22242.560546875,0
2025-09-15 10:30:00-04:00,22314.443359375,22316.666015625,22286.349609375,22291.1640625,1059581000
2025-09-15 11:30:00-04:00,22323.91796875,22351.943359375,22311.845703125,22314.50390625,795064000
2025-09-15 12:30:00-04:00,22303.2890625,22338.41015625,22300.11328125,22324.1640625,634507000
2025-09-15 13:30:00-04:00,22305.361328125,22334.40234375,22301.9375,22302.244140625,660301000
2025-09-15 14:30:00-04:00,22313.62890625,22320.611328125,22282.876953125,22304.65625,720139000
2025-09-15 15:30:00-04:00,22350.5078125,22350.5078125,22305.97265625,22312.37109375,685950000
2025-09-16 09:30:00-04:00,22344.07421875,22389.2265625,22327.31640625,22388.607421875,2342788000
2025-09-16 10:30:00-04:00,22339.81640625,22353.8984375,22321.654296875,22343.962890625,992429000
2025-09-16 11:30:00-04:00,22334.681640625,22335.953125,22308.994140625,22332.88671875,910160000
2025-09-16 12:30:00-04:00,22357.546875,22361.453125,22328.0234375,22336.169921875,647487000
2025-09-16 13:30:00-04:00,22338.466796875,22350.369140625,22332.65625,22350.369140625,661639000
2025-09-16 14:30:00-04:00,22344.234375,22364.126953125,22338.458984375,22338.458984375,672238000
2025-09-16 15:30:00-04:00,22343.251953125,22363.90234375,22338.876953125,22344.06640625,689346000
2025-09-17 09:30:00-04:00,22237.55078125,22330.37109375,22234.177734375,22322.271484375,0
2025-09-17 10:30:00-04:00,22215.078125,22244.404296875,22212.1015625,22228.8203125,965062000
2025-09-17 11:30:00-04:00,22224.548828125,22227.59765625,22209.126953125,22219.73046875,686915000
2025-09-17 12:30:00-04:00,22218.14453125,22230.689453125,22189.7265625,22230.689453125,609061000
2025-09-17 13:30:00-04:00,22254.53125,22322.09375,22167.39453125,22220.513671875,1103924000
2025-09-17 14:30:00-04:00,22321.908203125,22331.1796875,22059.720703125,22186.091796875,1095472000
2025-09-17 15:30:00-04:00,22249.75,22315.283203125,22244.89453125,22315.283203125,662163000
2025-09-18 09:30:00-04:00,22522.025390625,22522.025390625,22367.37890625,22437.37890625,0
2025-09-18 10:30:00-04:00,22507.35546875,22538.39453125,22479.1640625,22536.765625,1163414000
2025-09-18 11:30:00-04:00,22505.48046875,22532.1171875,22469.4140625,22528.572265625,1001781000
2025-09-18 12:30:00-04:00,22514.0859375,22538.57421875,22508.640625,22509.0625,1055607000
2025-09-18 13:30:00-04:00,22493.712890625,22513.623046875,22478.3203125,22513.623046875,827193000
2025-09-18 14:30:00-04:00,22481.638671875,22515.458984375,22478.93359375,22495.69140625,852753000
2025-09-18 15:30:00-04:00,22468.5,22487.048828125,22465.30859375,22483.001953125,743895000
2025-09-19 09:30:00-04:00,22567.125,22588.314453125,22533.8828125,22564.7421875,0
2025-09-19 10:30:00-04:00,22508.853515625,22573.564453125,22506.58984375,22565.845703125,1817105000
2025-09-19 11:30:00-04:00,22581.71484375,22582.052734375,22501.685546875,22501.685546875,1324843000
2025-09-19 12:30:00-04:00,22563.94140625,22591.32421875,22563.1796875,22564.630859375,838385000
2025-09-19 13:30:00-04:00,22565.072265625,22587.490234375,22563.111328125,22569.765625,782519000
2025-09-19 14:30:00-04:00,22603.994140625,22603.994140625,22565.142578125,22565.142578125,0
2025-09-19 15:30:00-04:00,22642.01171875,22642.1953125,22587.77734375,22596.591796875,9671072000
2025-09-22 09:30:00-04:00,22665.587890625,22668.103515625,22591.90625,22600.9765625,0
2025-09-22 10:30:00-04:00,22699.17578125,22703.001953125,22673.119140625,22678.357421875,1187991000
2025-09-22 11:30:00-04:00,22754.34765625,22755.4921875,22675.5546875,22698.6328125,985671000
2025-09-22 12:30:00-04:00,22767.595703125,22776.830078125,22749.916015625,22761.248046875,791968000
2025-09-22 13:30:00-04:00,22782.8515625,22785.962890625,22756.744140625,22767.6171875,736837000
2025-09-22 14:30:00-04:00,22791.80859375,22798.111328125,22776.03125,22786.00390625,738306000
2025-09-22 15:30:00-04:00,22788.1875,22795.51953125,22768.5078125,22794.41796875,0
2025-09-23 09:30:00-04:00,22726.71484375,22784.697265625,22700.404296875,22780.5,0
2025-09-23 10:30:00-04:00,22729.83203125,22742.650390625,22704.349609375,22729.115234375,1147396000
2025-09-23 11:30:00-04:00,22700.810546875,22731.16015625,22690.083984375,22730.435546875,812173000
2025-09-23 12:30:00-04:00,22636.04296875,22719.248046875,22634.794921875,22700.208984375,780120000
2025-09-23 13:30:00-04:00,22564.189453125,22641.4375,22539.435546875,22632.798828125,933766000
2025-09-23 14:30:00-04:00,22553.041015625,22587.3359375,22540.8828125,22564.17578125,767592000
2025-09-23 15:30:00-04:00,22575.23046875,22584.9375,22557.849609375,22558.822265625,738332000
2025-09-24 09:30:00-04:00,22576.375,22654.03515625,22531.32421875,22654.03515625,0
2025-09-24 10:30:00-04:00,22565.486328125,22591.421875,22551.970703125,22573.96484375,1037502000
2025-09-24 11:30:00-04:00,22471.517578125,22564.501953125,22397.0859375,22564.501953125,897212000
2025-09-24 12:30:00-04:00,22496.83984375,22503.478515625,22454.029296875,22472.765625,678693000
2025-09-24 13:30:00-04:00,22461.14453125,22514.8203125,22448.998046875,22497.236328125,644808000
2025-09-24 14:30:00-04:00,22482.8125,22502.185546875,22458.3203125,22461.478515625,689390000
2025-09-24 15:30:00-04:00,22494.697265625,22503.99609375,22460.02734375,22483.455078125,693264000
2025-09-25 09:30:00-04:00,22378.865234375,22399.197265625,22186.296875,22309.78125,2017845077
2025-09-25 10:30:00-04:00,22365.751953125,22414.552734375,22349.07421875,22382.685546875,1131919000
2025-09-25 11:30:00-04:00,22397.05078125,22456.345703125,22367.873046875,22368.26953125,910461000
2025-09-25 12:30:00-04:00,22355.587890625,22426.75,22331.65625,22397.900390625,777376000
2025-09-25 13:30:00-04:00,22337.791015625,22363.078125,22225.68359375,22354.177734375,800818000
2025-09-25 14:30:00-04:00,22363.703125,22389.55859375,22325.171875,22335.95703125,784845000
2025-09-25 15:30:00-04:00,22381.578125,22394.103515625,22344.990234375,22366.806640625,694866000
2025-09-26 09:30:00-04:00,22325.810546875,22487.052734375,22287.162109375,22396.45703125,0
2025-09-26 10:30:00-04:00,22387.2109375,22392.70703125,22309.1171875,22327.943359375,975146000
2025-09-26 11:30:00-04:00,22410.017578125,22423.5625,22330.28125,22387.82421875,805176000
2025-09-26 12:30:00-04:00,22463.5859375,22468.388671875,22395.29296875,22410.4453125,696274000
2025-09-26 13:30:00-04:00,22471.3671875,22482.220703125,22427.36328125,22464.02734375,613443000
2025-09-26 14:30:00-04:00,22476.81640625,22488.119140625,22460.681640625,22471.603515625,658897000
2025-09-26 15:30:00-04:00,22485.357421875,22487.505859375,22452.849609375,22476.76953125,654390000
2025-09-29 09:30:00-04:00,22685.201171875,22704.591796875,22608.23046875,22608.23046875,0
2025-09-29 10:30:00-04:00,22607.49609375,22687.08203125,22601.24609375,22685.623046875,1127144000
2025-09-29 11:30:00-04:00,22608.322265625,22619.068359375,22583.359375,22606.71875,803752000
2025-09-29 12:30:00-04:00,22581.3359375,22621.5703125,22555.740234375,22608.80078125,679050000
2025-09-29 13:30:00-04:00,22608.17578125,22614.51171875,22569.158203125,22580.564453125,692615000
2025-09-29 14:30:00-04:00,22554.79296875,22610.142578125,22536.486328125,22608.380859375,772892000
2025-09-29 15:30:00-04:00,22591.029296875,22598.82421875,22550.3125,22555.173828125,715959000
2025-09-30 09:30:00-04:00,22539.146484375,22580.724609375,22496.298828125,22580.724609375,0
2025-09-30 10:30:00-04:00,22534.998046875,22611.91796875,22515.2109375,22540.931640625,1075130000
2025-09-30 11:30:00-04:00,22564.7578125,22593.107421875,22518.845703125,22533.22265625,856624000
2025-09-30 12:30:00-04:00,22512.931640625,22577.185546875,22497.8984375,22565.427734375,735995000
2025-09-30 13:30:00-04:00,22576.650390625,22582.7578125,22500.625,22507.90234375,659633000
2025-09-30 14:30:00-04:00,22617.24609375,22620.037109375,22568.669921875,22575.9375,693828000
2025-09-30 15:30:00-04:00,22656.48828125,22671.046875,22598.73828125,22617.75,678178000
2025-10-01 09:30:00-04:00,22639.537109375,22647.748046875,22519.4765625,22524.796875,0
2025-10-01 10:30:00-04:00,22644.94921875,22668.515625,22626.78125,22641.6796875,1192932000
2025-10-01 11:30:00-04:00,22702.15234375,22707.146484375,22645.7578125,22645.7578125,972518000
2025-10-01 12:30:00-04:00,22742.423828125,22749.01171875,22691.69140625,22701.646484375,807612000
2025-10-01 13:30:00-04:00,22757.490234375,22766.873046875,22724.7421875,22743.58203125,890584000
2025-10-01 14:30:00-04:00,22758.5703125,22782.15625,22755.267578125,22759.2734375,805430000
2025-10-01 15:30:00-04:00,22764.916015625,22772.4921875,22754.06640625,22766.96484375,759678000
2025-10-02 09:30:00-04:00,22824.36328125,22896.05078125,22771.533203125,22885.267578125,2816589000
2025-10-02 10:30:00-04:00,22783.95703125,22840.099609375,22739.51953125,22839.673828125,1222420000
2025-10-02 11:30:00-04:00,22807.5625,22822.765625,22751.3984375,22781.61328125,848351000
2025-10-02 12:30:00-04:00,22829.05859375,22831.765625,22788.560546875,22807.060546875,722545000
2025-10-02 13:30:00-04:00,22848.517578125,22851.603515625,22821.203125,22831.353515625,738204000
2025-10-02 14:30:00-04:00,22863.83984375,22864.888671875,22841.783203125,22848.16015625,696176000
2025-10-02 15:30:00-04:00,22835.880859375,22864.376953125,22830.654296875,22859.439453125,622581000
2025-10-03 09:30:00-04:00,22852.908203125,22925.123046875,22834.802734375,22889.228515625,2025419238
2025-10-03 10:30:00-04:00,22904.701171875,22912.166015625,22859.0703125,22859.0703125,1331873000
2025-10-03 11:30:00-04:00,22897.345703125,22916.4609375,22882.35546875,22902.90625,1018984000
2025-10-03 12:30:00-04:00,22803.8828125,22912.431640625,22792.607421875,22910.041015625,1017855000
2025-10-03 13:30:00-04:00,22795.220703125,22823.642578125,22705.3671875,22818.779296875,914093000
2025-10-03 14:30:00-04:00,22782.9609375,22805.79296875,22762.556640625,22805.79296875,771106000
2025-10-03 15:30:00-04:00,22775.677734375,22799.076171875,22769.482421875,22779.96484375,629001000
2025-10-06 09:30:00-04:00,22872.234375,22906.849609375,22829.326171875,22894.3515625,0
2025-10-06 10:30:00-04:00,22908.47265625,22911.947265625,22847.494140625,22867.955078125,1276683000
2025-10-06 11:30:00-04:00,22933.50390625,22949.439453125,22898.8828125,22900.841796875,952351000
2025-10-06 12:30:00-04:00,22951.625,22962.0078125,22921.140625,22937.015625,791764000
2025-10-06 13:30:00-04:00,22978.10546875,22978.166015625,22936.439453125,22953.4765625,863377000
2025-10-06 14:30:00-04:00,22961.875,22989.62890625,22957.669921875,22986.595703125,988945000
2025-10-06 15:30:00-04:00,22944.158203125,22968.255859375,22940.189453125,22959.88671875,734521000
2025-10-07 09:30:00-04:00,22943.732421875,23005.244140625,22941.94921875,22972.369140625,2686428000
2025-10-07 10:30:00-04:00,22806.44140625,22959.376953125,22787.896484375,22945.439453125,1457397000
2025-10-07 11:30:00-04:00,22778.162109375,22792.810546875,22728.77734375,22785.880859375,1137811000
2025-10-07 12:30:00-04:00,22792.3515625,22823.98828125,22765.888671875,22783.400390625,855890000
2025-10-07 13:30:00-04:00,22789.23828125,22802.259765625,22749.787109375,22788.939453125,706194000
2025-10-07 14:30:00-04:00,22782.11328125,22800.4921875,22775.869140625,22778.935546875,802172000
2025-10-07 15:30:00-04:00,22786.14453125,22809.177734375,22775.787109375,22781.603515625,712582000
2025-10-08 09:30:00-04:00,22950.279296875,22953.8671875,22847.484375,22847.484375,0
2025-10-08 10:30:00-04:00,22963.513671875,22966.529296875,22915.984375,22953.693359375,1298101000
2025-10-08 11:30:00-04:00,22975.330078125,22998.2890625,22954.884765625,22958.8125,1184872000
2025-10-08 12:30:00-04:00,22994.873046875,22996.02734375,22965.587890625,22969.552734375,907384000
2025-10-08 13:30:00-04:00,23010.818359375,23018.265625,22990.728515625,22996.556640625,867580000
2025-10-08 14:30:00-04:00,23022.94140625,23025.11328125,22982.916015625,23005.513671875,895015000
2025-10-08 15:30:00-04:00,23042.228515625,23044.1875,23016.595703125,23022.330078125,808782000
2025-10-09 09:30:00-04:00,22977.326171875,23061.5546875,22977.326171875,23044.166015625,0
2025-10-09 10:30:00-04:00,22960.630859375,23001.68359375,22925.15625,22975.6015625,1418875000
2025-10-09 11:30:00-04:00,22989.775390625,23004.693359375,22934.95703125,22956.74609375,1033588000
2025-10-09 12:30:00-04:00,22912.763671875,22992.15625,22909.93359375,22989.55859375,889724000
2025-10-09 13:30:00-04:00,22966.986328125,22968.734375,22907.478515625,22907.478515625,807383000
2025-10-09 14:30:00-04:00,22999.94140625,23002.6171875,22941.42578125,22947.447265625,828167000
2025-10-09 15:30:00-04:00,23021.8515625,23025.060546875,22997.609375,22998.52734375,753163000
2025-10-10 09:30:00-04:00,23071.3984375,23117.830078125,23037.486328125,23044.9296875,0
2025-10-10 10:30:00-04:00,22586.453125,23090.435546875,22580.443359375,23078.873046875,1845529000
2025-10-10 11:30:00-04:00,22590.513671875,22657.01171875,22468.046875,22469.220703125,1303090000
2025-10-10 12:30:00-04:00,22495.794921875,22602.140625,22392.986328125,22570.337890625,838627000
2025-10-10 13:30:00-04:00,22490.873046875,22517.353515625,22439.185546875,22493.22265625,694088000
2025-10-10 14:30:00-04:00,22338.52734375,22472.150390625,22336.609375,22461.75,779520000
2025-10-10 15:30:00-04:00,22209.046875,22345.80078125,22193.947265625,22338.47265625,837510000
2025-10-13 09:30:00-04:00,22579.767578125,22673.26171875,22511.392578125,22592.59765625,0
2025-10-13 10:30:00-04:00,22630.451171875,22644.333984375,22519.109375,22581.21484375,1018786000
2025-10-13 11:30:00-04:00,22672.455078125,22674.927734375,22627.537109375,22641.537109375,778633000
2025-10-13 12:30:00-04:00,22663.021484375,22714.646484375,22657.86328125,22672.3359375,706937000
2025-10-13 13:30:00-04:00,22706.892578125,22709.455078125,22656.66015625,22667.8515625,660359000
2025-10-13 14:30:00-04:00,22679.623046875,22718.748046875,22649.82421875,22710.806640625,715138000
2025-10-13 15:30:00-04:00,22698.849609375,22713.41796875,22680.24609375,22680.31640625,635464000
2025-10-14 09:30:00-04:00,22489.494140625,22490.0,22216.537109375,22388.04296875,0
2025-10-14 10:30:00-04:00,22468.03125,22501.521484375,22444.236328125,22466.859375,1035737000
2025-10-14 11:30:00-04:00,22615.515625,22616.990234375,22469.25390625,22472.578125,908021000
2025-10-14 12:30:00-04:00,22675.95703125,22688.634765625,22613.486328125,22624.080078125,871691000
2025-10-14 13:30:00-04:00,22651.58203125,22670.3671875,22626.23046875,22669.1015625,714961000
2025-10-14 14:30:00-04:00,22653.384765625,22667.16015625,22629.806640625,22658.1484375,826971000
2025-10-14 15:30:00-04:00,22530.609375,22638.53125,22472.11328125,22637.953125,803168000
2025-10-15 09:30:00-04:00,22833.828125,22838.4609375,22660.400390625,22738.49609375,0
2025-10-15 10:30:00-04:00,22791.826171875,22834.7578125,22771.759765625,22830.1171875,1578412000
2025-10-15 11:30:00-04:00,22712.61328125,22775.890625,22619.74609375,22773.982421875,1157847000
2025-10-15 12:30:00-04:00,22506.3671875,22693.876953125,22433.30078125,22693.876953125,1053417000
2025-10-15 13:30:00-04:00,22641.630859375,22656.3125,22510.931640625,22514.3046875,788570000
2025-10-15 14:30:00-04:00,22688.44921875,22699.310546875,22646.244140625,22648.580078125,860383000
2025-10-15 15:30:00-04:00,22643.7734375,22692.28515625,22625.5859375,22692.087890625,734887000
2025-10-16 09:30:00-04:00,22796.09765625,22822.990234375,22744.625,22762.984375,0
2025-10-16 10:30:00-04:00,22758.44921875,22883.251953125,22753.88671875,22797.28125,1352244000
2025-10-16 11:30:00-04:00,22621.10546875,22780.73828125,22613.681640625,22758.72265625,1224658000
2025-10-16 12:30:00-04:00,22659.8203125,22687.765625,22506.146484375,22608.0390625,1042263000
2025-10-16 13:30:00-04:00,22441.341796875,22680.318359375,22427.673828125,22664.603515625,912117000
2025-10-16 14:30:00-04:00,22476.173828125,22554.9375,22418.82421875,22443.201171875,906726000
2025-10-16 15:30:00-04:00,22564.30859375,22566.515625,22458.626953125,22483.138671875,840548000
2025-10-17 09:30:00-04:00,22620.322265625,22662.228515625,22433.82421875,22439.990234375,1833021134
2025-10-17 10:30:00-04:00,22449.146484375,22588.1015625,22425.373046875,22587.7578125,1145241000
2025-10-17 11:30:00-04:00,22635.111328125,22639.4765625,22405.298828125,22457.158203125,903891000
2025-10-17 12:30:00-04:00,22567.294921875,22642.09765625,22541.708984375,22637.5234375,723787000
2025-10-17 13:30:00-04:00,22699.01953125,22710.78125,22550.193359375,22562.634765625,613767000
2025-10-17 14:30:00-04:00,22719.095703125,22735.625,22673.859375,22704.27734375,691697000
2025-10-17 15:30:00-04:00,22677.037109375,22714.66015625,22674.84375,22714.66015625,562432000
2025-10-20 09:30:00-04:00,22966.09765625,22966.09765625,22852.005859375,22852.005859375,0
2025-10-20 10:30:00-04:00,22992.69140625,23002.412109375,22949.77734375,22972.921875,1189871000
2025-10-20 11:30:00-04:00,22989.203125,23016.515625,22975.3828125,22990.28125,813061000
2025-10-20 12:30:00-04:00,23019.033203125,23026.02734375,22973.556640625,22989.08203125,764639000
2025-10-20 13:30:00-04:00,23017.8125,23031.837890625,23012.4375,23018.4296875,913304000
2025-10-20 14:30:00-04:00,23003.447265625,23020.52734375,22982.330078125,23010.416015625,0
2025-10-20 15:30:00-04:00,22993.724609375,23012.7265625,22992.283203125,23003.5625,7760585000
2025-10-21 09:30:00-04:00,22907.724609375,22983.546875,22905.083984375,22976.4765625,2214536000
2025-10-21 10:30:00-04:00,22957.478515625,22977.345703125,22902.990234375,22912.107421875,1231662000
2025-10-21 11:30:00-04:00,23005.390625,23009.6640625,22954.08984375,22968.357421875,1021193000
2025-10-21 12:30:00-04:00,22944.279296875,23010.267578125,22920.169921875,23005.6328125,953679000
2025-10-21 13:30:00-04:00,22978.234375,22985.193359375,22945.068359375,22950.390625,784826000
2025-10-21 14:30:00-04:00,22968.623046875,22983.8359375,22963.55078125,22977.625,1080990000
2025-10-21 15:30:00-04:00,22971.8515625,22987.875,22961.36328125,22968.734375,799480000
2025-10-22 09:30:00-04:00,22806.171875,22973.01171875,22803.212890625,22918.78125,0
2025-10-22 10:30:00-04:00,22717.900390625,22866.55078125,22715.486328125,22788.9609375,1945640000
2025-10-22 11:30:00-04:00,22719.6796875,22797.802734375,22704.22265625,22719.4375,1347730000
2025-10-22 12:30:00-04:00,22601.2890625,22713.240234375,22582.525390625,22624.609375,1266814000
2025-10-22 13:30:00-04:00,22612.755859375,22629.060546875,22520.3203125,22600.693359375,979681000
2025-10-22 14:30:00-04:00,22703.94921875,22714.02734375,22613.037109375,22614.208984375,1058299000
2025-10-22 15:30:00-04:00,22741.080078125,22751.896484375,22713.0390625,22713.3828125,887583000
2025-10-23 09:30:00-04:00,22852.330078125,22861.80859375,22733.904296875,22751.330078125,3353277000
2025-10-23 10:30:00-04:00,22877.6640625,22893.625,22836.669921875,22841.7578125,1245428000
2025-10-23 11:30:00-04:00,22897.263671875,22925.8984375,22846.828125,22901.296875,987701000
2025-10-23 12:30:00-04:00,22910.35546875,22943.251953125,22906.052734375,22908.115234375,765492000
2025-10-23 13:30:00-04:00,22972.701171875,22980.96875,22910.416015625,22910.416015625,697520000
2025-10-23 14:30:00-04:00,22968.501953125,22983.24609375,22959.021484375,22978.20703125,834973000
2025-10-23 15:30:00-04:00,22942.78125,22971.37109375,22930.693359375,22971.265625,716406000
2025-10-24 09:30:00-04:00,23197.349609375,23223.533203125,23129.890625,23140.04296875,3000165000
2025-10-24 10:30:00-04:00,23234.44921875,23237.662109375,23138.841796875,23173.3828125,1275454000
2025-10-24 11:30:00-04:00,23230.158203125,23241.01171875,23202.892578125,23232.6953125,952805000
2025-10-24 12:30:00-04:00,23240.447265625,23246.546875,23214.619140625,23227.943359375,825662000
2025-10-24 13:30:00-04:00,23241.57421875,23256.16015625,23228.8515625,23235.458984375,889851000
2025-10-24 14:30:00-04:00,23255.92578125,23260.857421875,23223.03125,23239.33203125,963735000
2025-10-24 15:30:00-04:00,23207.8359375,23254.521484375,23206.083984375,23254.521484375,749643000
2025-10-27 09:30:00-04:00,23527.33203125,23566.841796875,23498.142578125,23534.23828125,0
2025-10-27 10:30:00-04:00,23575.798828125,23575.798828125,23530.943359375,23546.572265625,1352948000
2025-10-27 11:30:00-04:00,23576.64453125,23585.544921875,23567.2265625,23573.6953125,1054678000
2025-10-27 12:30:00-04:00,23581.67578125,23596.482421875,23574.021484375,23577.158203125,776488000
2025-10-27 13:30:00-04:00,23606.466796875,23609.876953125,23581.822265625,23581.859375,720397000
2025-10-27 14:30:00-04:00,23596.693359375,23616.095703125,23593.6640625,23603.939453125,930923000
2025-10-27 15:30:00-04:00,23645.072265625,23657.736328125,23597.5703125,23598.92578125,727381000
2025-10-28 09:30:00-04:00,23711.01171875,23783.6796875,23701.5078125,23761.8203125,0
2025-10-28 10:30:00-04:00,23714.546875,23724.390625,23680.7265625,23708.861328125,1314685000
2025-10-28 11:30:00-04:00,23755.587890625,23756.4453125,23679.392578125,23714.96875,1074811000
2025-10-28 12:30:00-04:00,23794.65625,23808.5390625,23753.712890625,23754.462890625,926242000
2025-10-28 13:30:00-04:00,23860.021484375,23862.3125,23797.953125,23800.162109375,844483000
2025-10-28 14:30:00-04:00,23890.724609375,23891.703125,23845.787109375,23856.71484375,855935000
2025-10-28 15:30:00-04:00,23836.927734375,23898.03515625,23827.435546875,23889.791015625,755777000
2025-10-29 09:30:00-04:00,23988.619140625,24015.423828125,23955.583984375,23987.291015625,0
2025-10-29 10:30:00-04:00,23962.73046875,23998.87109375,23944.294921875,23991.3125,1148855000
2025-10-29 11:30:00-04:00,23953.5703125,23962.373046875,23917.5390625,23955.61328125,791710000
2025-10-29 12:30:00-04:00,23937.259765625,23976.482421875,23935.740234375,23956.470703125,687013000
2025-10-29 13:30:00-04:00,23945.498046875,23985.88671875,23929.005859375,23938.982421875,700012000
2025-10-29 14:30:00-04:00,23892.611328125,23983.630859375,23771.513671875,23952.4765625,1192931000
2025-10-29 15:30:00-04:00,23955.919921875,23975.15234375,23867.392578125,23893.189453125,661621000
2025-10-30 09:30:00-04:00,23710.259765625,23843.69140625,23628.908203125,23781.099609375,1933126000
2025-10-30 10:30:00-04:00,23749.392578125,23784.18359375,23678.994140625,23735.14453125,1163925000
2025-10-30 11:30:00-04:00,23768.326171875,23783.974609375,23672.599609375,23750.615234375,1006463000
2025-10-30 12:30:00-04:00,23749.111328125,23767.583984375,23699.0546875,23767.583984375,835080000
2025-10-30 13:30:00-04:00,23685.7109375,23758.037109375,23674.009765625,23746.552734375,896892000
2025-10-30 14:30:00-04:00,23621.443359375,23706.943359375,23579.642578125,23688.552734375,941474000
2025-10-30 15:30:00-04:00,23583.220703125,23650.330078125,23579.1484375,23623.2265625,764402000
2025-10-31 09:30:00-04:00,23805.0234375,23942.4609375,23765.91796875,23938.515625,0
2025-10-31 10:30:00-04:00,23844.0,23882.28515625,23797.80859375,23803.365234375,1157736000
2025-10-31 11:30:00-04:00,23731.96484375,23858.52734375,23680.876953125,23845.53125,968428000
2025-10-31 12:30:00-04:00,23646.24609375,23762.0390625,23628.880859375,23731.7109375,866570000
2025-10-31 13:30:00-04:00,23750.591796875,23754.525390625,23635.759765625,23646.912109375,695538000
2025-10-31 14:30:00-04:00,23812.103515625,23817.220703125,23704.697265625,23748.08203125,750511000
2025-10-31 15:30:00-04:00,23729.365234375,23835.6640625,23729.365234375,23811.23046875,766095000
2025-11-03 09:30:00-05:00,23787.494140625,23974.349609375,23780.751953125,23950.890625,0
2025-11-03 10:30:00-05:00,23803.625,23848.2734375,23767.3984375,23781.966796875,1240162000
2025-11-03 11:30:00-05:00,23854.8046875,23895.013671875,23799.39453125,23805.11328125,835845000
2025-11-03 12:30:00-05:00,23884.599609375,23906.189453125,23852.9453125,23854.3359375,821147000
2025-11-03 13:30:00-05:00,23831.01953125,23901.869140625,23826.154296875,23885.0234375,737445000
2025-11-03 14:30:00-05:00,23832.6328125,23863.810546875,23809.41796875,23830.927734375,745016000
2025-11-03 15:30:00-05:00,23833.984375,23837.697265625,23805.736328125,23831.712890625,680466000
2025-11-04 09:30:00-05:00,23617.978515625,23644.150390625,23423.580078125,23457.248046875,0
2025-11-04 10:30:00-05:00,23543.16015625,23639.013671875,23514.447265625,23614.40234375,1040801000
2025-11-04 11:30:00-05:00,23481.576171875,23562.958984375,23422.15625,23535.82421875,852058000
2025-11-04 12:30:00-05:00,23401.337890625,23494.65234375,23392.984375,23481.67578125,731955000
2025-11-04 13:30:00-05:00,23436.732421875,23459.869140625,23375.732421875,23399.736328125,728112000
2025-11-04 14:30:00-05:00,23401.69921875,23440.578125,23355.0625,23436.0703125,783475000
2025-11-04 15:30:00-05:00,23355.779296875,23423.384765625,23334.037109375,23403.99609375,708343000
2025-11-05 09:30:00-05:00,23478.783203125,23501.3828125,23288.689453125,23355.294921875,0
2025-11-05 10:30:00-05:00,23534.771484375,23535.27734375,23456.583984375,23476.341796875,1064618000
2025-11-05 11:30:00-05:00,23566.17578125,23577.052734375,23525.19921875,23535.95703125,866600000
2025-11-05 12:30:00-05:00,23597.822265625,23605.8984375,23562.599609375,23566.75,810291000
2025-11-05 13:30:00-05:00,23612.86328125,23636.52734375,23587.634765625,23597.1328125,808658000
2025-11-05 14:30:00-05:00,23586.1015625,23629.056640625,23581.015625,23612.728515625,835102000
2025-11-05 15:30:00-05:00,23497.638671875,23585.837890625,23492.669921875,23585.685546875,734923000
2025-11-06 09:30:00-05:00,23312.583984375,23468.533203125,23231.771484375,23446.818359375,0
2025-11-06 10:30:00-05:00,23139.5078125,23316.794921875,23092.009765625,23316.794921875,1439453000
2025-11-06 11:30:00-05:00,23050.4453125,23135.017578125,23012.162109375,23135.017578125,1159533000
2025-11-06 12:30:00-05:00,23134.07421875,23165.98828125,23041.1015625,23048.443359375,850135000
2025-11-06 13:30:00-05:00,23235.51953125,23241.51953125,23123.744140625,23136.953125,726711000
2025-11-06 14:30:00-05:00,23158.095703125,23242.85546875,23157.23828125,23236.60546875,762682000
2025-11-06 15:30:00-05:00,23054.390625,23170.927734375,23035.5,23158.474609375,746481000
2025-11-07 09:30:00-05:00,22795.029296875,22893.033203125,22700.791015625,22893.033203125,0
2025-11-07 10:30:00-05:00,22634.8046875,22805.9140625,22602.07421875,22792.08984375,1156508000
2025-11-07 11:30:00-05:00,22683.880859375,22712.5546875,22563.568359375,22636.677734375,884877000
2025-11-07 12:30:00-05:00,22774.4296875,22775.06640625,22623.927734375,22683.04296875,714977000
2025-11-07 13:30:00-05:00,22806.09765625,22820.837890625,22722.962890625,22773.974609375,716730000
2025-11-07 14:30:00-05:00,22902.10546875,22967.0234375,22809.955078125,22810.08984375,948287000
2025-11-07 15:30:00-05:00,23006.119140625,23009.279296875,22903.63671875,22903.63671875,732788000
2025-11-10 09:30:00-05:00,23463.240234375,23481.283203125,23356.8984375,23356.8984375,0
2025-11-10 10:30:00-05:00,23315.353515625,23480.134765625,23303.0546875,23463.4140625,1085925000
2025-11-10 11:30:00-05:00,23386.216796875,23403.00390625,23294.529296875,23315.728515625,800485000
2025-11-10 12:30:00-05:00,23458.458984375,23483.1015625,23386.5,23386.5,711625000
2025-11-10 13:30:00-05:00,23516.1171875,23523.646484375,23459.44140625,23459.44140625,678894000
2025-11-10 14:30:00-05:00,23525.798828125,23547.37890625,23505.873046875,23515.580078125,731120000
2025-11-10 15:30:00-05:00,23524.822265625,23569.064453125,23514.607421875,23523.916015625,724376000
2025-11-11 09:30:00-05:00,23369.892578125,23455.162109375,23361.1796875,23409.71484375,1500538586
2025-11-11 10:30:00-05:00,23340.765625,23413.359375,23315.275390625,23371.279296875,879794000
2025-11-11 11:30:00-05:00,23390.80859375,23419.875,23318.427734375,23341.05859375,660509000
2025-11-11 12:30:00-05:00,23461.1796875,23479.05078125,23388.94921875,23391.169921875,591927000
2025-11-11 13:30:00-05:00,23488.138671875,23508.302734375,23431.89453125,23461.142578125,605190000
2025-11-11 14:30:00-05:00,23478.408203125,23499.537109375,23470.078125,23488.40625,657509000
2025-11-11 15:30:00-05:00,23473.1328125,23505.0234375,23451.671875,23476.380859375,679187000
2025-11-12 09:30:00-05:00,23410.5390625,23558.404296875,23378.837890625,23558.404296875,0
2025-11-12 10:30:00-05:00,23364.779296875,23411.693359375,23284.87890625,23407.740234375,1141989000
2025-11-12 11:30:00-05:00,23340.61328125,23386.373046875,23278.92578125,23355.265625,796258000
2025-11-12 12:30:00-05:00,23399.365234375,23418.2734375,23340.009765625,23341.2890625,690782000
2025-11-12 13:30:00-05:00,23375.484375,23430.64453125,23370.525390625,23399.603515625,635783000
2025-11-12 14:30:00-05:00,23399.294921875,23399.572265625,23343.35546875,23378.2109375,729614000
2025-11-12 15:30:00-05:00,23410.033203125,23436.509765625,23380.87109375,23398.259765625,721637000
2025-11-13 09:30:00-05:00,23144.1953125,23257.283203125,23082.8203125,23255.6875,0
2025-11-13 10:30:00-05:00,23006.234375,23143.734375,22965.853515625,23142.21875,1484074000
2025-11-13 11:30:00-05:00,23007.974609375,23037.990234375,22938.708984375,23004.130859375,989044000
2025-11-13 12:30:00-05:00,22851.2421875,23024.671875,22840.845703125,23006.47265625,849761000
2025-11-13 13:30:00-05:00,22903.748046875,22905.875,22798.32421875,22851.23046875,903076000
2025-11-13 14:30:00-05:00,22853.111328125,22912.80859375,22796.6875,22904.59765625,886734000
2025-11-13 15:30:00-05:00,22872.580078125,22915.908203125,22811.8671875,22855.462890625,762757000
2025-11-14 09:30:00-05:00,22820.775390625,22837.23046875,22437.78515625,22539.419921875,0
2025-11-14 10:30:00-05:00,23033.216796875,23056.10546875,22799.552734375,22820.845703125,1237813000
2025-11-14 11:30:00-05:00,23044.46875,23073.181640625,22976.900390625,23035.0546875,806828000
2025-11-14 12:30:00-05:00,22953.68359375,23063.37109375,22916.5703125,23044.228515625,692029000
2025-11-14 13:30:00-05:00,22987.197265625,23000.76171875,22889.083984375,22951.080078125,610294000
2025-11-14 14:30:00-05:00,22936.611328125,23030.484375,22919.173828125,22988.654296875,683334000
2025-11-14 15:30:00-05:00,22899.52734375,22950.255859375,22875.33203125,22931.021484375,676753000
2025-11-17 09:30:00-05:00,22929.94921875,23043.9609375,22773.703125,22786.056640625,0
2025-11-17 10:30:00-05:00,22873.822265625,22942.31640625,22761.29296875,22931.33203125,1062775000
2025-11-17 11:30:00-05:00,22941.021484375,22984.451171875,22871.0234375,22878.26953125,731190000
2025-11-17 12:30:00-05:00,22795.517578125,22955.564453125,22775.953125,22943.4140625,723585000
2025-11-17 13:30:00-05:00,22684.013671875,22852.67578125,22649.201171875,22794.400390625,770667000
2025-11-17 14:30:00-05:00,22614.796875,22698.056640625,22559.5078125,22682.62890625,849806000
2025-11-17 15:30:00-05:00,22711.576171875,22711.576171875,22596.01171875,22625.6015625,695455000
2025-11-18 09:30:00-05:00,22379.970703125,22639.857421875,22268.7109375,22556.2109375,0
2025-11-18 10:30:00-05:00,22488.7578125,22505.005859375,22234.0234375,22377.978515625,875332000
2025-11-18 11:30:00-05:00,22375.9609375,22530.07421875,22371.572265625,22494.072265625,728255000
2025-11-18 12:30:00-05:00,22559.84375,22606.013671875,22342.990234375,22375.19140625,776200000
2025-11-18 13:30:00-05:00,22550.470703125,22622.369140625,22531.603515625,22562.357421875,583791000
2025-11-18 14:30:00-05:00,22533.83984375,22638.181640625,22496.251953125,22552.228515625,668267000
2025-11-18 15:30:00-05:00,22428.654296875,22545.947265625,22428.654296875,22537.0859375,620930000
2025-11-19 09:30:00-05:00,22780.33203125,22818.447265625,22448.662109375,22455.0703125,0
2025-11-19 10:30:00-05:00,22566.271484375,22787.98828125,22532.443359375,22782.615234375,987502000
2025-11-19 11:30:00-05:00,22496.494140625,22579.916015625,22454.3984375,22560.21484375,743222000
2025-11-19 12:30:00-05:00,22463.513671875,22544.080078125,22385.220703125,22495.544921875,648841000
2025-11-19 13:30:00-05:00,22458.927734375,22554.974609375,22447.662109375,22462.12890625,575429000
2025-11-19 14:30:00-05:00,22614.236328125,22644.646484375,22439.15234375,22455.3203125,685731000
2025-11-19 15:30:00-05:00,22568.87890625,22664.666015625,22549.943359375,22618.939453125,643455000
2025-11-20 09:30:00-05:00,23101.01171875,23136.42578125,22998.861328125,23045.705078125,0
2025-11-20 10:30:00-05:00,22779.478515625,23146.615234375,22761.146484375,23105.421875,1104849000
2025-11-20 11:30:00-05:00,22362.625,22786.08203125,22286.033203125,22765.21484375,1127566000
2025-11-20 12:30:00-05:00,22409.673828125,22495.541015625,22233.166015625,22370.9609375,819515000
2025-11-20 13:30:00-05:00,22272.54296875,22423.0,22146.4296875,22409.498046875,700694000
2025-11-20 14:30:00-05:00,22217.6640625,22317.36328125,22177.37890625,22267.494140625,758388000
2025-11-20 15:30:00-05:00,22087.193359375,22229.775390625,22043.203125,22217.62109375,758796000
2025-11-21 09:30:00-05:00,22009.359375,22244.63671875,21996.126953125,22181.978515625,0
2025-11-21 10:30:00-05:00,22154.365234375,22154.365234375,21899.626953125,21995.251953125,1153366000
2025-11-21 11:30:00-05:00,22310.53125,22346.66796875,22128.755859375,22155.31640625,952863000
2025-11-21 12:30:00-05:00,22226.94140625,22365.29296875,22173.8046875,22319.587890625,755172000
2025-11-21 13:30:00-05:00,22519.537109375,22531.67578125,22217.76953125,22226.107421875,733663000
2025-11-21 14:30:00-05:00,22331.90625,22527.576171875,22331.90625,22518.865234375,739594000
2025-11-21 15:30:00-05:00,22274.451171875,22382.3359375,22247.85546875,22313.302734375,707915000
2025-11-24 09:30:00-05:00,22673.50390625,22707.083984375,22483.423828125,22483.423828125,0
2025-11-24 10:30:00-05:00,22789.162109375,22802.984375,22648.724609375,22666.115234375,921197000
2025-11-24 11:30:00-05:00,22811.55859375,22814.41796875,22761.94140625,22789.748046875,727594000
2025-11-24 12:30:00-05:00,22849.470703125,22872.72265625,22810.619140625,22811.90234375,648259000
2025-11-24 13:30:00-05:00,22849.361328125,22879.404296875,22832.783203125,22848.341796875,555398000
2025-11-24 14:30:00-05:00,22857.21484375,22879.177734375,22816.375,22851.57421875,720186000
2025-11-24 15:30:00-05:00,22870.091796875,22913.94140625,22849.400390625,22855.630859375,688708000
2025-11-25 09:30:00-05:00,22750.08984375,22820.5546875,22590.318359375,22792.412109375,0
2025-11-25 10:30:00-05:00,22816.5625,22838.818359375,22735.919921875,22754.8046875,900584000
2025-11-25 11:30:00-05:00,22936.68359375,22959.193359375,22804.724609375,22821.771484375,683836000
2025-11-25 12:30:00-05:00,22973.158203125,22992.23828125,22928.24609375,22936.294921875,629330000
2025-11-25 13:30:00-05:00,22929.439453125,22992.017578125,22905.9609375,22974.52734375,594656000
2025-11-25 14:30:00-05:00,22988.091796875,22992.998046875,22884.1953125,22929.154296875,672641000
2025-11-25 15:30:00-05:00,23026.193359375,23069.958984375,22987.86328125,22988.90625,662268000
2025-11-26 09:30:00-05:00,23117.927734375,23203.380859375,23076.9296875,23155.13671875,0
2025-11-26 10:30:00-05:00,23236.169921875,23247.57421875,23122.228515625,23122.228515625,781527000
2025-11-26 11:30:00-05:00,23241.744140625,23280.578125,23218.53125,23237.193359375,630182000
2025-11-26 12:30:00-05:00,23255.642578125,23269.298828125,23201.990234375,23242.3984375,586107000
2025-11-26 13:30:00-05:00,23255.697265625,23257.451171875,23202.087890625,23255.130859375,548686000
2025-11-26 14:30:00-05:00,23262.16015625,23274.361328125,23228.435546875,23256.876953125,688091000
2025-11-26 15:30:00-05:00,23211.970703125,23266.359375,23211.970703125,23262.244140625,648404000
2025-11-28 09:30:00-05:00,23269.21875,23331.228515625,23251.669921875,23287.2578125,0
2025-11-28 10:30:00-05:00,23283.474609375,23329.3515625,23259.615234375,23267.611328125,752509000
2025-11-28 11:30:00-05:00,23309.640625,23323.443359375,23269.181640625,23282.794921875,647223000
2025-12-01 09:30:00-05:00,23218.185546875,23276.70703125,23111.73828125,23171.140625,0
2025-12-01 10:30:00-05:00,23262.306640625,23298.84765625,23172.212890625,23211.85546875,889205000
2025-12-01 11:30:00-05:00,23326.08203125,23335.2890625,23264.431640625,23266.14453125,706072000
2025-12-01 12:30:00-05:00,23335.423828125,23363.423828125,23319.916015625,23327.80859375,594795000
2025-12-01 13:30:00-05:00,23274.609375,23360.42578125,23272.189453125,23336.501953125,594620000
2025-12-01 14:30:00-05:00,23286.294921875,23293.73828125,23241.638671875,23273.23828125,637568000
2025-12-01 15:30:00-05:00,23282.1640625,23301.607421875,23248.072265625,23286.640625,614187000
2025-12-02 09:30:00-05:00,23433.44140625,23509.919921875,23365.046875,23375.873046875,0
2025-12-02 10:30:00-05:00,23324.814453125,23526.169921875,23311.623046875,23431.453125,935623000
2025-12-02 11:30:00-05:00,23454.6484375,23459.798828125,23287.16796875,23320.154296875,644489000
2025-12-02 12:30:00-05:00,23409.451171875,23468.4453125,23353.390625,23454.025390625,530950000
2025-12-02 13:30:00-05:00,23416.939453125,23439.04296875,23379.515625,23407.095703125,557760000
2025-12-02 14:30:00-05:00,23449.892578125,23462.4921875,23414.9609375,23415.916015625,586195000
2025-12-02 15:30:00-05:00,23412.6015625,23460.380859375,23402.58203125,23448.94140625,646351000
2025-12-03 09:30:00-05:00,23364.51171875,23400.318359375,23274.806640625,23312.712890625,0
2025-12-03 10:30:00-05:00,23400.6171875,23443.12890625,23341.439453125,23358.900390625,893496000
2025-12-03 11:30:00-05:00,23451.703125,23456.513671875,23374.06640625,23398.43359375,670580000
2025-12-03 12:30:00-05:00,23457.51171875,23472.673828125,23434.220703125,23451.81640625,614016000
2025-12-03 13:30:00-05:00,23469.515625,23479.787109375,23451.642578125,23460.33203125,596975000
2025-12-03 14:30:00-05:00,23494.689453125,23499.92578125,23464.197265625,23470.072265625,711627000
2025-12-03 15:30:00-05:00,23454.525390625,23495.0703125,23447.90234375,23493.02734375,662156000
2025-12-04 09:30:00-05:00,23438.30859375,23525.59765625,23373.259765625,23525.59765625,0
2025-12-04 10:30:00-05:00,23450.4453125,23488.8671875,23380.697265625,23438.8125,927684000
2025-12-04 11:30:00-05:00,23471.453125,23508.82421875,23435.6171875,23447.068359375,697278000
2025-12-04 12:30:00-05:00,23492.185546875,23493.853515625,23452.427734375,23471.18359375,566295000
2025-12-04 13:30:00-05:00,23410.8046875,23499.947265625,23376.068359375,23490.087890625,604877000
2025-12-04 14:30:00-05:00,23447.5625,23482.234375,23405.7265625,23407.126953125,649432000
2025-12-04 15:30:00-05:00,23508.869140625,23508.869140625,23445.078125,23447.015625,604751000
2025-12-05 09:30:00-05:00,23654.828125,23677.537109375,23532.400390625,23568.3828125,0
2025-12-05 10:30:00-05:00,23545.322265625,23679.158203125,23532.33203125,23654.888671875,999893000
2025-12-05 11:30:00-05:00,23538.521484375,23592.701171875,23506.0,23542.65234375,726515000
2025-12-05 12:30:00-05:00,23588.330078125,23588.330078125,23512.478515625,23538.052734375,690777000
2025-12-05 13:30:00-05:00,23562.62109375,23597.44140625,23549.837890625,23588.046875,595397000
2025-12-05 14:30:00-05:00,23566.994140625,23582.88671875,23548.384765625,23562.560546875,597584000
2025-12-05 15:30:00-05:00,23574.9453125,23585.17578125,23527.775390625,23566.318359375,608809000
2025-12-08 09:30:00-05:00,23566.544921875,23698.9296875,23532.134765625,23648.701171875,0
2025-12-08 10:30:00-05:00,23544.021484375,23586.921875,23506.27734375,23561.47265625,956044000
2025-12-08 11:30:00-05:00,23498.265625,23547.056640625,23481.59765625,23543.94921875,732401000
2025-12-08 12:30:00-05:00,23519.5078125,23580.634765625,23493.13671875,23498.572265625,681338000
2025-12-08 13:30:00-05:00,23488.537109375,23523.7265625,23455.73046875,23511.625,635271000
2025-12-08 14:30:00-05:00,23506.732421875,23511.546875,23478.458984375,23488.666015625,625892000
2025-12-08 15:30:00-05:00,23548.798828125,23548.798828125,23483.48046875,23506.212890625,592763000
2025-12-09 09:30:00-05:00,23543.060546875,23546.685546875,23450.76171875,23495.931640625,0
2025-12-09 10:30:00-05:00,23570.33203125,23590.693359375,23524.595703125,23537.755859375,903424000
2025-12-09 11:30:00-05:00,23592.126953125,23607.98046875,23555.384765625,23571.9140625,700682000
2025-12-09 12:30:00-05:00,23612.322265625,23615.888671875,23578.853515625,23593.255859375,558481000
2025-12-09 13:30:00-05:00,23595.9296875,23616.455078125,23581.447265625,23612.251953125,543057000
2025-12-09 14:30:00-05:00,23577.099609375,23603.095703125,23573.0625,23596.138671875,605216000
2025-12-09 15:30:00-05:00,23576.11328125,23595.236328125,23565.369140625,23576.060546875,580852000
2025-12-10 09:30:00-05:00,23525.826171875,23557.7265625,23460.6953125,23536.900390625,0
2025-12-10 10:30:00-05:00,23534.91796875,23535.57421875,23436.30078125,23527.068359375,792749000
2025-12-10 11:30:00-05:00,23501.375,23536.890625,23498.802734375,23534.9140625,638790000
2025-12-10 12:30:00-05:00,23483.208984375,23548.935546875,23476.08984375,23500.431640625,542536000
2025-12-10 13:30:00-05:00,23524.9609375,23595.96484375,23471.42578125,23478.41015625,701431000
2025-12-10 14:30:00-05:00,23679.234375,23701.26171875,23489.71484375,23526.87109375,952358000
2025-12-10 15:30:00-05:00,23648.89453125,23703.20703125,23646.365234375,23682.59375,696614000
2025-12-11 09:30:00-05:00,23484.97265625,23515.1953125,23308.951171875,23512.4765625,0
2025-12-11 10:30:00-05:00,23380.037109375,23492.287109375,23363.77734375,23483.052734375,837265000
2025-12-11 11:30:00-05:00,23505.69921875,23527.826171875,23386.76171875,23386.76171875,827003000
2025-12-11 12:30:00-05:00,23516.255859375,23543.013671875,23490.54296875,23507.669921875,679633000
2025-12-11 13:30:00-05:00,23587.80859375,23593.5546875,23505.859375,23515.837890625,620290000
2025-12-11 14:30:00-05:00,23568.34375,23606.701171875,23566.78515625,23590.7890625,664590000
2025-12-11 15:30:00-05:00,23597.26171875,23597.396484375,23551.10546875,23567.6328125,628047000
2025-12-12 09:30:00-05:00,23298.306640625,23554.888671875,23297.375,23493.51953125,0
2025-12-12 10:30:00-05:00,23185.533203125,23368.12890625,23113.271484375,23280.203125,1100098000
2025-12-12 11:30:00-05:00,23196.568359375,23260.94921875,23095.142578125,23182.9140625,797263000
2025-12-12 12:30:00-05:00,23305.0078125,23331.244140625,23177.328125,23201.947265625,623747000
2025-12-12 13:30:00-05:00,23209.69140625,23310.439453125,23202.19921875,23305.44140625,590501000
2025-12-12 14:30:00-05:00,23197.8515625,23244.556640625,23191.6171875,23210.54296875,661436000
2025-12-12 15:30:00-05:00,23193.654296875,23203.73828125,23140.080078125,23200.876953125,714306000
2025-12-15 09:30:00-05:00,23036.5234375,23344.853515625,23012.666015625,23329.728515625,0
2025-12-15 10:30:00-05:00,23196.85546875,23206.33203125,23031.876953125,23036.3984375,891814000
2025-12-15 11:30:00-05:00,23102.42578125,23201.388671875,23081.4921875,23198.232421875,674104000
2025-12-15 12:30:00-05:00,23064.259765625,23134.865234375,23050.2578125,23101.373046875,589841000
2025-12-15 13:30:00-05:00,23096.23828125,23133.181640625,23053.54296875,23063.068359375,555930000
2025-12-15 14:30:00-05:00,23077.60546875,23108.708984375,23064.98828125,23095.689453125,670347000
2025-12-15 15:30:00-05:00,23056.435546875,23093.076171875,23050.919921875,23079.455078125,693687000
2025-12-16 09:30:00-05:00,22989.15234375,23125.716796875,22937.35546875,22997.03515625,0
2025-12-16 10:30:00-05:00,22975.751953125,23066.740234375,22954.068359375,22998.970703125,885283000
2025-12-16 11:30:00-05:00,23001.869140625,23065.890625,22959.267578125,22975.056640625,650621000
2025-12-16 12:30:00-05:00,22940.375,23040.18359375,22920.66015625,23000.482421875,549230000
2025-12-16 13:30:00-05:00,23011.486328125,23064.775390625,22942.94140625,22942.970703125,585135000
2025-12-16 14:30:00-05:00,23100.66015625,23100.865234375,23008.228515625,23010.3125,618990000
2025-12-16 15:30:00-05:00,23104.63671875,23162.470703125,23101.265625,23101.265625,638944000
2025-12-17 09:30:00-05:00,23068.26171875,23159.1953125,22999.453125,23129.6875,1449969657
2025-12-17 10:30:00-05:00,22864.59765625,23079.974609375,22813.09765625,23069.5625,1009218000
2025-12-17 11:30:00-05:00,22853.322265625,22879.705078125,22793.8515625,22861.763671875,698287000
2025-12-17 12:30:00-05:00,22831.294921875,22885.935546875,22809.666015625,22853.322265625,543259000
2025-12-17 13:30:00-05:00,22757.966796875,22830.998046875,22754.296875,22828.400390625,583990000
2025-12-17 14:30:00-05:00,22757.595703125,22791.6171875,22741.84765625,22756.619140625,653316000
2025-12-17 15:30:00-05:00,22695.494140625,22774.263671875,22692.42578125,22762.1796875,655054000
2025-12-18 09:30:00-05:00,23064.3046875,23076.396484375,22906.970703125,23005.705078125,0
2025-12-18 10:30:00-05:00,23101.5234375,23142.330078125,23054.85546875,23062.08984375,863993000
2025-12-18 11:30:00-05:00,22986.283203125,23149.30859375,22950.205078125,23099.189453125,694930000
2025-12-18 12:30:00-05:00,23097.103515625,23106.658203125,22981.15234375,22983.751953125,608367000
2025-12-18 13:30:00-05:00,23024.783203125,23128.298828125,23008.119140625,23097.7890625,608229000
2025-12-18 14:30:00-05:00,23041.388671875,23046.84375,22946.322265625,23024.48046875,649342000
2025-12-18 15:30:00-05:00,23004.919921875,23077.712890625,23003.6640625,23039.83984375,617359000
2025-12-19 09:30:00-05:00,23208.232421875,23280.025390625,23109.38671875,23109.38671875,0
2025-12-19 10:30:00-05:00,23252.04296875,23259.302734375,23180.060546875,23196.916015625,1135876000
2025-12-19 11:30:00-05:00,23276.564453125,23286.626953125,23220.1640625,23251.056640625,862863000
2025-12-19 12:30:00-05:00,23276.3671875,23296.05078125,23265.0703125,23277.765625,681867000
2025-12-19 13:30:00-05:00,23282.55078125,23287.166015625,23252.271484375,23276.54296875,670352000
2025-12-19 14:30:00-05:00,23279.181640625,23293.078125,23271.45703125,23282.75390625,743163000
2025-12-19 15:30:00-05:00,23307.798828125,23307.798828125,23251.998046875,23275.830078125,811049000
2025-12-22 09:30:00-05:00,23414.189453125,23475.1796875,23387.78125,23453.150390625,0
2025-12-22 10:30:00-05:00,23446.2890625,23457.724609375,23363.46875,23413.40625,857178000
2025-12-22 11:30:00-05:00,23440.75,23457.357421875,23432.09765625,23443.556640625,662581000
2025-12-22 12:30:00-05:00,23429.775390625,23455.638671875,23415.375,23440.15625,515937000
2025-12-22 13:30:00-05:00,23432.87890625,23437.3359375,23414.3671875,23429.5625,476196000
2025-12-22 14:30:00-05:00,23423.447265625,23446.806640625,23418.548828125,23433.06640625,533535000
2025-12-22 15:30:00-05:00,23426.224609375,23435.75390625,23414.341796875,23423.234375,574607000
2025-12-23 09:30:00-05:00,23421.765625,23490.40625,23378.47265625,23401.201171875,0
2025-12-23 10:30:00-05:00,23494.662109375,23502.615234375,23423.92578125,23423.92578125,795576000
2025-12-23 11:30:00-05:00,23521.1640625,23531.203125,23485.123046875,23494.986328125,701561000
2025-12-23 12:30:00-05:00,23525.109375,23529.7890625,23503.7890625,23520.619140625,612960000
2025-12-23 13:30:00-05:00,23541.134765625,23543.37109375,23524.162109375,23525.462890625,530247000
2025-12-23 14:30:00-05:00,23553.263671875,23560.03515625,23535.595703125,23540.333984375,574098000
2025-12-23 15:30:00-05:00,23558.04296875,23563.150390625,23543.111328125,23550.888671875,591769000
2025-12-24 09:30:00-05:00,23551.654296875,23574.720703125,23529.1875,23553.619140625,0
2025-12-24 10:30:00-05:00,23591.787109375,23593.171875,23548.9765625,23553.666015625,579441000
2025-12-24 11:30:00-05:00,23614.576171875,23620.73046875,23590.966796875,23592.19921875,550340000
2025-12-26 09:30:00-05:00,23616.34375,23664.490234375,23567.85546875,23638.419921875,0
2025-12-26 10:30:00-05:00,23618.083984375,23642.681640625,23599.16796875,23613.7109375,628619000
2025-12-26 11:30:00-05:00,23614.986328125,23626.431640625,23590.00390625,23618.36328125,393924000
2025-12-26 12:30:00-05:00,23609.998046875,23619.796875,23596.392578125,23615.359375,402599000
2025-12-26 13:30:00-05:00,23625.3203125,23642.009765625,23609.255859375,23609.255859375,375093000
2025-12-26 14:30:00-05:00,23613.34765625,23631.34765625,23610.091796875,23625.580078125,413489000
2025-12-26 15:30:00-05:00,23592.794921875,23617.771484375,23588.935546875,23613.33203125,443841000
2025-12-29 09:30:00-05:00,23476.30859375,23531.021484375,23402.01171875,23415.740234375,0
2025-12-29 10:30:00-05:00,23442.490234375,23496.02734375,23420.279296875,23476.431640625,816229000
2025-12-29 11:30:00-05:00,23402.908203125,23454.044921875,23398.75390625,23441.322265625,639781000
2025-12-29 12:30:00-05:00,23443.083984375,23451.14453125,23402.318359375,23402.8671875,553908000
2025-12-29 13:30:00-05:00,23448.71875,23465.185546875,23428.615234375,23443.1171875,468811000
2025-12-29 14:30:00-05:00,23484.560546875,23499.5859375,23448.64453125,23448.64453125,507106000
2025-12-29 15:30:00-05:00,23476.59375,23490.076171875,23465.029296875,23484.55859375,492221000
2025-12-30 09:30:00-05:00,23438.642578125,23506.4375,23427.9765625,23462.998046875,0
2025-12-30 10:30:00-05:00,23501.712890625,23520.88671875,23427.115234375,23439.615234375,872134000
2025-12-30 11:30:00-05:00,23461.240234375,23506.146484375,23448.9453125,23501.63671875,632737000
2025-12-30 12:30:00-05:00,23470.052734375,23473.26953125,23449.47265625,23461.27734375,475354000
2025-12-30 13:30:00-05:00,23471.236328125,23476.380859375,23453.556640625,23469.623046875,450928000
2025-12-30 14:30:00-05:00,23444.279296875,23474.953125,23427.9921875,23471.232421875,511020000
2025-12-30 15:30:00-05:00,23420.775390625,23452.51171875,23415.857421875,23443.349609375,542051000
2025-12-31 09:30:00-05:00,23372.576171875,23443.30859375,23347.716796875,23412.33984375,0
2025-12-31 10:30:00-05:00,23365.796875,23376.248046875,23323.919921875,23373.619140625,641026000
2025-12-31 11:30:00-05:00,23362.888671875,23375.4921875,23346.29296875,23366.185546875,518061000
2025-12-31 12:30:00-05:00,23375.2109375,23376.35546875,23350.12890625,23363.314453125,433360000
2025-12-31 13:30:00-05:00,23356.5859375,23401.779296875,23355.716796875,23375.591796875,406159000
2025-12-31 14:30:00-05:00,23264.9296875,23358.79296875,23262.265625,23356.099609375,493401000
2025-12-31 15:30:00-05:00,23248.966796875,23296.515625,23237.783203125,23263.66015625,563347000
2026-01-02 09:30:00-05:00,23297.431640625,23585.76953125,23269.10546875,23481.46484375,0
2026-01-02 10:30:00-05:00,23206.1328125,23389.900390625,23135.765625,23293.62109375,925134000
2026-01-02 11:30:00-05:00,23225.626953125,23242.390625,23149.892578125,23204.6015625,685773000
2026-01-02 12:30:00-05:00,23179.30078125,23238.90234375,23164.82421875,23226.548828125,524676000
2026-01-02 13:30:00-05:00,23232.87109375,23241.8515625,23119.578125,23179.076171875,557141000
2026-01-02 14:30:00-05:00,23255.2734375,23274.73046875,23221.029296875,23233.935546875,555433000
2026-01-02 15:30:00-05:00,23236.361328125,23258.279296875,23203.03125,23257.0625,579918000
2026-01-05 09:30:00-05:00,23459.533203125,23465.080078125,23333.65625,23444.806640625,0
2026-01-05 10:30:00-05:00,23458.837890625,23470.41796875,23419.337890625,23464.111328125,1010605000
2026-01-05 11:30:00-05:00,23411.875,23476.39453125,23400.041015625,23458.125,780275000
2026-01-05 12:30:00-05:00,23407.5234375,23424.955078125,23369.28125,23407.546875,639008000
2026-01-05 13:30:00-05:00,23390.712890625,23421.61328125,23387.90625,23408.23046875,621749000
2026-01-05 14:30:00-05:00,23402.861328125,23406.49609375,23359.09375,23389.533203125,698298000
2026-01-05 15:30:00-05:00,23397.2890625,23414.1953125,23375.28125,23401.068359375,651571000
2026-01-06 09:30:00-05:00,23511.546875,23518.271484375,23390.220703125,23466.287109375,0
2026-01-06 10:30:00-05:00,23424.61328125,23515.498046875,23395.505859375,23513.00390625,0
2026-01-06 11:30:00-05:00,23485.890625,23485.890625,23418.75,23419.068359375,4114722000
2026-01-06 12:30:00-05:00,23497.37109375,23516.9296875,23487.693359375,23497.12890625,0
2026-01-06 13:30:00-05:00,23542.197265625,23546.291015625,23499.248046875,23500.41796875,5445136000
2026-01-06 14:30:00-05:00,23531.2578125,23549.6875,23531.10546875,23541.029296875,801352000
2026-01-06 15:30:00-05:00,23548.578125,23556.580078125,23528.7890625,23528.7890625,573781000
2026-01-07 09:30:00-05:00,23613.869140625,23624.759765625,23509.185546875,23550.6015625,0
2026-01-07 10:30:00-05:00,23636.830078125,23669.505859375,23582.072265625,23614.05859375,911204000
2026-01-07 11:30:00-05:00,23715.470703125,23720.025390625,23637.4375,23640.8125,762189000
2026-01-07 12:30:00-05:00,23674.24609375,23723.3359375,23671.58984375,23715.48828125,611428000
2026-01-07 13:30:00-05:00,23645.296875,23716.78515625,23638.216796875,23674.244140625,591707000
2026-01-07 14:30:00-05:00,23617.82421875,23666.560546875,23613.203125,23645.443359375,752383000
2026-01-07 15:30:00-05:00,23586.869140625,23617.861328125,23571.537109375,23617.861328125,625222000
2026-01-08 09:30:00-05:00,23477.0546875,23543.787109375,23353.4609375,23543.787109375,0
2026-01-08 10:30:00-05:00,23422.404296875,23484.62109375,23404.1015625,23474.947265625,940036000
2026-01-08 11:30:00-05:00,23439.0703125,23474.44921875,23390.8671875,23419.109375,720954000
2026-01-08 12:30:00-05:00,23460.41796875,23494.94921875,23426.38671875,23438.3828125,567991000
2026-01-08 13:30:00-05:00,23426.87109375,23470.421875,23400.751953125,23460.841796875,598423000
2026-01-08 14:30:00-05:00,23466.80078125,23473.103515625,23415.509765625,23426.85546875,618682000
2026-01-08 15:30:00-05:00,23480.873046875,23487.974609375,23457.0234375,23470.68359375,604155000
2026-01-09 09:30:00-05:00,23621.6484375,23623.185546875,23426.478515625,23498.373046875,0
2026-01-09 10:30:00-05:00,23632.447265625,23654.82421875,23550.697265625,23623.794921875,998501000
2026-01-09 11:30:00-05:00,23665.525390625,23676.333984375,23618.703125,23629.4609375,737702000
2026-01-09 12:30:00-05:00,23656.552734375,23674.58984375,23635.259765625,23665.359375,652444000
2026-01-09 13:30:00-05:00,23700.412109375,23707.5703125,23656.7421875,23656.7421875,579481000
2026-01-09 14:30:00-05:00,23707.119140625,23721.064453125,23690.2109375,23700.3203125,662944000
2026-01-09 15:30:00-05:00,23668.041015625,23711.833984375,23668.041015625,23705.55859375,622721000
2026-01-12 09:30:00-05:00,23688.640625,23703.25390625,23570.578125,23570.578125,0
2026-01-12 10:30:00-05:00,23721.146484375,23733.701171875,23638.28125,23689.193359375,1010984000
2026-01-12 11:30:00-05:00,23749.376953125,23761.265625,23714.162109375,23721.431640625,830315000
2026-01-12 12:30:00-05:00,23770.314453125,23771.361328125,23728.779296875,23748.8046875,634751000
2026-01-12 13:30:00-05:00,23786.12109375,23787.3671875,23752.580078125,23771.259765625,658285000
2026-01-12 14:30:00-05:00,23775.15625,23803.787109375,23770.345703125,23786.47265625,729183000
2026-01-12 15:30:00-05:00,23733.939453125,23775.154296875,23733.744140625,23771.56640625,688519000
2026-01-13 09:30:00-05:00,23633.833984375,23812.65234375,23608.771484375,23727.84765625,0
2026-01-13 10:30:00-05:00,23695.517578125,23715.048828125,23620.333984375,23629.58203125,1003984000
2026-01-13 11:30:00-05:00,23766.1171875,23810.287109375,23689.796875,23690.916015625,829272000
2026-01-13 12:30:00-05:00,23687.96484375,23774.357421875,23666.74609375,23768.951171875,771251000
2026-01-13 13:30:00-05:00,23662.115234375,23707.677734375,23625.56640625,23688.193359375,764951000
2026-01-13 14:30:00-05:00,23638.044921875,23681.384765625,23636.05078125,23661.1015625,840480000
2026-01-13 15:30:00-05:00,23711.201171875,23711.201171875,23616.20703125,23635.30859375,770392000
2026-01-14 09:30:00-05:00,23445.447265625,23586.349609375,23381.013671875,23564.59375,1985907000
2026-01-14 10:30:00-05:00,23430.955078125,23459.845703125,23331.6328125,23442.177734375,1936015000
2026-01-14 11:30:00-05:00,23361.623046875,23441.21484375,23315.107421875,23428.708984375,1104891000
2026-01-14 12:30:00-05:00,23370.505859375,23376.62109375,23322.021484375,23359.634765625,838061000
2026-01-14 13:30:00-05:00,23377.0,23389.587890625,23306.673828125,23372.048828125,777975000
2026-01-14 14:30:00-05:00,23422.30859375,23442.458984375,23335.25,23377.6484375,887090000
2026-01-14 15:30:00-05:00,23476.26171875,23481.013671875,23410.921875,23423.1796875,846766000
2026-01-15 09:30:00-05:00,23639.931640625,23707.44921875,23624.173828125,23686.6484375,0
2026-01-15 10:30:00-05:00,23682.814453125,23698.69140625,23602.345703125,23640.76953125,1041115000
2026-01-15 11:30:00-05:00,23673.76171875,23721.04296875,23668.1875,23679.943359375,802064000
2026-01-15 12:30:00-05:00,23688.798828125,23688.798828125,23643.056640625,23674.2421875,642396000
2026-01-15 13:30:00-05:00,23609.591796875,23695.9921875,23604.068359375,23688.146484375,686380000
2026-01-15 14:30:00-05:00,23533.560546875,23610.646484375,23510.79296875,23606.248046875,806309000
2026-01-15 15:30:00-05:00,23528.8671875,23542.703125,23502.17578125,23533.41015625,690248000
2026-01-16 09:30:00-05:00,23517.25390625,23663.31640625,23517.25390625,23634.044921875,0
2026-01-16 10:30:00-05:00,23549.955078125,23551.32421875,23447.31640625,23518.240234375,1025218000
2026-01-16 11:30:00-05:00,23538.603515625,23581.34375,23534.3359375,23551.24609375,775354000
2026-01-16 12:30:00-05:00,23560.7109375,23567.3359375,23503.908203125,23537.65625,647762000
2026-01-16 13:30:00-05:00,23520.873046875,23583.267578125,23515.658203125,23560.2578125,590243000
2026-01-16 14:30:00-05:00,23541.68359375,23560.533203125,23519.525390625,23519.525390625,671418000
2026-01-16 15:30:00-05:00,23514.41796875,23551.125,23513.9140625,23532.26171875,666976000
2026-01-20 09:30:00-05:00,23179.734375,23181.119140625,23077.55078125,23149.810546875,0
2026-01-20 10:30:00-05:00,23213.013671875,23235.3125,23157.693359375,23178.232421875,1043649000
2026-01-20 11:30:00-05:00,23153.634765625,23229.39453125,23147.201171875,23209.02734375,791219000
2026-01-20 12:30:00-05:00,23072.453125,23153.453125,23070.53125,23153.453125,660231000
2026-01-20 13:30:00-05:00,22986.580078125,23075.400390625,22979.369140625,23070.611328125,647255000
2026-01-20 14:30:00-05:00,22948.244140625,23000.140625,22944.2890625,22986.396484375,775734000
2026-01-20 15:30:00-05:00,22955.943359375,22959.419921875,22916.83203125,22953.599609375,631420000
2026-01-21 09:30:00-05:00,23148.96875,23159.21484375,22953.091796875,23007.357421875,0
2026-01-21 10:30:00-05:00,23221.419921875,23260.150390625,23148.896484375,23148.896484375,938201000
2026-01-21 11:30:00-05:00,22984.720703125,23217.640625,22927.880859375,23217.640625,914347000
2026-01-21 12:30:00-05:00,22997.986328125,23027.9375,22934.33203125,22981.373046875,694109000
2026-01-21 13:30:00-05:00,23182.376953125,23195.205078125,22973.58203125,22999.97265625,609675000
2026-01-21 14:30:00-05:00,23233.125,23382.40234375,23181.990234375,23191.466796875,972591000
2026-01-21 15:30:00-05:00,23221.623046875,23261.0703125,23198.35546875,23227.328125,644001000
2026-01-22 09:30:00-05:00,23389.283203125,23465.9296875,23335.70703125,23438.095703125,0
2026-01-22 10:30:00-05:00,23458.423828125,23469.279296875,23375.826171875,23389.19140625,1034057000
2026-01-22 11:30:00-05:00,23459.318359375,23478.748046875,23440.279296875,23458.1484375,811796000
2026-01-22 12:30:00-05:00,23484.671875,23502.83203125,23460.7578125,23461.376953125,743119000
2026-01-22 13:30:00-05:00,23486.61328125,23493.51171875,23455.630859375,23482.642578125,686112000
2026-01-22 14:30:00-05:00,23398.958984375,23489.205078125,23398.4140625,23486.806640625,747602000
2026-01-22 15:30:00-05:00,23432.3203125,23435.9453125,23376.166015625,23393.333984375,712348000
2026-01-23 09:30:00-05:00,23521.41015625,23530.630859375,23376.056640625,23436.919921875,0
2026-01-23 10:30:00-05:00,23556.87109375,23609.861328125,23519.697265625,23519.943359375,884434000
2026-01-23 11:30:00-05:00,23569.87109375,23585.8515625,23529.154296875,23555.63671875,852038000
2026-01-23 12:30:00-05:00,23531.462890625,23570.513671875,23473.861328125,23569.37890625,690370000
2026-01-23 13:30:00-05:00,23530.505859375,23552.31640625,23498.79296875,23531.357421875,576136000
2026-01-23 14:30:00-05:00,23487.494140625,23541.384765625,23474.8203125,23529.255859375,654083000
2026-01-23 15:30:00-05:00,23498.52734375,23516.1171875,23475.15625,23487.453125,629543000
2026-01-26 09:30:00-05:00,23611.615234375,23646.470703125,23488.091796875,23508.47265625,0
2026-01-26 10:30:00-05:00,23655.181640625,23656.310546875,23599.16796875,23614.458984375,983653000
2026-01-26 11:30:00-05:00,23672.17578125,23688.939453125,23647.5546875,23655.185546875,618106000
2026-01-26 12:30:00-05:00,23662.296875,23672.859375,23631.69140625,23671.234375,561844000
2026-01-26 13:30:00-05:00,23663.615234375,23679.310546875,23646.947265625,23661.55078125,565219000
2026-01-26 14:30:00-05:00,23637.328125,23666.41015625,23626.375,23663.34765625,628204000
2026-01-26 15:30:00-05:00,23601.708984375,23647.87109375,23596.853515625,23637.6484375,578601000
2026-01-27 09:30:00-05:00,23793.830078125,23814.783203125,23695.998046875,23728.650390625,0
2026-01-27 10:30:00-05:00,23836.083984375,23849.94140625,23792.921875,23792.921875,942158000
2026-01-27 11:30:00-05:00,23833.361328125,23846.02734375,23805.75,23838.173828125,700038000
2026-01-27 12:30:00-05:00,23828.99609375,23840.982421875,23795.04296875,23832.970703125,586580000
2026-01-27 13:30:00-05:00,23842.759765625,23846.80859375,23826.396484375,23829.337890625,588169000
2026-01-27 14:30:00-05:00,23850.2265625,23865.259765625,23831.357421875,23843.98828125,705585000
2026-01-27 15:30:00-05:00,23817.275390625,23848.712890625,23815.5859375,23847.626953125,655216000
2026-01-28 09:30:00-05:00,23904.59375,23986.90234375,23901.564453125,23955.181640625,0
2026-01-28 10:30:00-05:00,23854.8515625,23913.580078125,23832.283203125,23904.744140625,893143000
2026-01-28 11:30:00-05:00,23807.443359375,23847.8203125,23775.6171875,23847.8203125,691964000
2026-01-28 12:30:00-05:00,23850.115234375,23856.103515625,23793.466796875,23807.255859375,576277000
2026-01-28 13:30:00-05:00,23820.509765625,23880.6796875,23816.8203125,23851.23828125,568444000
2026-01-28 14:30:00-05:00,23873.134765625,23905.162109375,23815.822265625,23815.822265625,862810000
2026-01-28 15:30:00-05:00,23848.501953125,23885.318359375,23840.68359375,23871.859375,620988000
2026-01-29 09:30:00-05:00,23427.66015625,23832.208984375,23418.951171875,23825.3984375,0
2026-01-29 10:30:00-05:00,23371.84765625,23431.451171875,23235.943359375,23424.431640625,1047629000
2026-01-29 11:30:00-05:00,23526.56640625,23533.685546875,23361.486328125,23375.357421875,700697000
2026-01-29 12:30:00-05:00,23530.75,23556.84765625,23450.712890625,23527.6640625,564100000
2026-01-29 13:30:00-05:00,23559.548828125,23572.447265625,23506.79296875,23529.158203125,589793000
2026-01-29 14:30:00-05:00,23537.0234375,23563.0703125,23516.173828125,23562.755859375,690660000
2026-01-29 15:30:00-05:00,23677.875,23695.015625,23531.568359375,23537.126953125,694007000
2026-01-30 09:30:00-05:00,23533.068359375,23654.591796875,23532.474609375,23581.83984375,0
2026-01-30 10:30:00-05:00,23537.53515625,23539.64453125,23513.234375,23524.783203125,83852000
2026-02-02 13:30:00-05:00,23670.923828125,23686.796875,23668.345703125,23677.373046875,3164586000
2026-02-02 14:30:00-05:00,23597.93359375,23669.474609375,23574.1484375,23669.474609375,796915000
2026-02-02 15:30:00-05:00,23591.876953125,23601.513671875,23569.220703125,23595.693359375,616741000
2026-02-03 09:30:00-05:00,23347.31640625,23691.6015625,23279.5,23672.744140625,0
2026-02-03 10:30:00-05:00,23282.287109375,23415.25,23282.287109375,23351.322265625,1217546000
2026-02-03 11:30:00-05:00,23206.857421875,23312.28515625,23202.3984375,23287.931640625,886432000
2026-02-03 12:30:00-05:00,23127.376953125,23209.765625,23109.892578125,23209.765625,884416000
2026-02-03 13:30:00-05:00,23101.1015625,23158.791015625,23027.28515625,23124.544921875,845354000
2026-02-03 14:30:00-05:00,23140.658203125,23151.119140625,23046.220703125,23102.169921875,884917000
2026-02-03 15:30:00-05:00,23258.85546875,23262.05859375,23146.41015625,23146.4921875,687447000
2026-02-04 09:30:00-05:00,23134.50390625,23268.212890625,23009.89453125,23224.408203125,1977937201
2026-02-04 10:30:00-05:00,23019.80859375,23145.267578125,22943.509765625,23131.48828125,1210108000
2026-02-04 11:30:00-05:00,22789.015625,23016.15234375,22782.107421875,23015.3515625,960403000
2026-02-04 12:30:00-05:00,22848.365234375,22851.32421875,22685.005859375,22781.548828125,878874000
2026-02-04 13:30:00-05:00,22860.130859375,22862.69921875,22754.236328125,22847.7890625,712270000
2026-02-04 14:30:00-05:00,22964.23828125,23008.80859375,22863.560546875,22863.560546875,880126000
2026-02-04 15:30:00-05:00,22903.12890625,22998.546875,22893.125,22964.953125,678938000
2026-02-05 09:30:00-05:00,22490.216796875,22838.025390625,22461.138671875,22604.095703125,0
2026-02-05 10:30:00-05:00,22676.2265625,22679.421875,22469.517578125,22503.171875,1187227000
2026-02-05 11:30:00-05:00,22736.419921875,22754.248046875,22636.3984375,22693.2578125,785345000
2026-02-05 12:30:00-05:00,22630.955078125,22781.3203125,22613.814453125,22736.78125,685276000
2026-02-05 13:30:00-05:00,22659.025390625,22725.54296875,22564.751953125,22634.375,664392000
2026-02-05 14:30:00-05:00,22533.375,22686.55078125,22528.154296875,22658.193359375,826227000
2026-02-05 15:30:00-05:00,22544.24609375,22560.765625,22471.478515625,22532.396484375,771119000
2026-02-06 09:30:00-05:00,22779.23828125,22852.294921875,22591.7109375,22627.525390625,0
2026-02-06 10:30:00-05:00,22872.931640625,22890.505859375,22753.2265625,22778.369140625,982762000
2026-02-06 11:30:00-05:00,22949.205078125,22952.50390625,22857.33984375,22877.392578125,770421000
2026-02-06 12:30:00-05:00,22965.447265625,23011.37890625,22929.32421875,22949.1640625,634912000
2026-02-06 13:30:00-05:00,22973.5,22983.654296875,22940.978515625,22965.98828125,552393000
2026-02-06 14:30:00-05:00,22985.125,23000.115234375,22935.859375,22974.455078125,693639000
2026-02-06 15:30:00-05:00,23028.5859375,23088.3984375,22977.48828125,22978.048828125,695817000
2026-02-09 09:30:00-05:00,23094.783203125,23161.046875,22878.369140625,22950.89453125,0
2026-02-09 10:30:00-05:00,23255.177734375,23256.9296875,23104.11328125,23104.11328125,826862000
2026-02-09 11:30:00-05:00,23273.333984375,23314.248046875,23244.01953125,23254.966796875,710197000
2026-02-09 12:30:00-05:00,23230.552734375,23289.509765625,23213.087890625,23274.8828125,611476000
2026-02-09 13:30:00-05:00,23295.486328125,23298.509765625,23222.78125,23231.203125,518377000
2026-02-09 14:30:00-05:00,23241.34765625,23302.654296875,23235.509765625,23295.16015625,592502000
2026-02-09 15:30:00-05:00,23232.701171875,23266.837890625,23219.84765625,23237.560546875,599960000
2026-02-10 09:30:00-05:00,23277.017578125,23308.568359375,23136.25390625,23256.447265625,0
2026-02-10 10:30:00-05:00,23230.263671875,23309.833984375,23216.978515625,23269.970703125,948056000
2026-02-10 11:30:00-05:00,23251.283203125,23267.98046875,23204.294921875,23227.216796875,771456000
2026-02-10 12:30:00-05:00,23177.685546875,23276.6640625,23177.685546875,23251.640625,677758000
2026-02-10 13:30:00-05:00,23181.455078125,23199.712890625,23159.0859375,23178.76171875,614085000
2026-02-10 14:30:00-05:00,23150.39453125,23194.435546875,23139.4765625,23181.66015625,741927000
2026-02-10 15:30:00-05:00,23099.56640625,23161.150390625,23089.1015625,23147.9765625,640606000
2026-02-11 09:30:00-05:00,22935.55859375,23317.466796875,22903.25,23277.294921875,1912684000
2026-02-11 10:30:00-05:00,23023.755859375,23093.13671875,22925.216796875,22925.216796875,1055136000
2026-02-11 11:30:00-05:00,23094.177734375,23100.216796875,22974.357421875,23018.767578125,849617000
2026-02-11 12:30:00-05:00,23077.119140625,23116.44140625,23013.677734375,23097.43359375,726928000
2026-02-11 13:30:00-05:00,23147.560546875,23153.07421875,23062.06640625,23077.732421875,760971000
2026-02-11 14:30:00-05:00,23066.71875,23148.84765625,23066.71875,23146.96484375,760291000
2026-02-11 15:30:00-05:00,23060.966796875,23097.43359375,23056.341796875,23064.66796875,658195000
2026-02-12 09:30:00-05:00,23031.32421875,23159.5390625,22961.236328125,23155.0234375,0
2026-02-12 10:30:00-05:00,22639.10546875,23044.732421875,22636.55078125,23032.37890625,1091930000
2026-02-12 11:30:00-05:00,22709.052734375,22750.666015625,22631.654296875,22638.689453125,839013000
2026-02-12 12:30:00-05:00,22668.89453125,22765.18359375,22635.083984375,22712.08203125,639086000
2026-02-12 13:30:00-05:00,22677.212890625,22740.701171875,22653.173828125,22666.28515625,608031000
2026-02-12 14:30:00-05:00,22614.78515625,22737.986328125,22614.78515625,22677.1796875,673479000
2026-02-12 15:30:00-05:00,22600.853515625,22645.24609375,22548.873046875,22616.05859375,675869000
2026-02-13 09:30:00-05:00,22634.921875,22645.458984375,22404.70703125,22578.552734375,0
2026-02-13 10:30:00-05:00,22611.583984375,22698.017578125,22503.830078125,22634.21484375,858992000
2026-02-13 11:30:00-05:00,22712.916015625,22726.693359375,22592.18359375,22620.16015625,629817000
2026-02-13 12:30:00-05:00,22697.642578125,22741.904296875,22655.001953125,22710.443359375,520356000
2026-02-13 13:30:00-05:00,22657.62890625,22733.779296875,22651.017578125,22693.056640625,541981000
2026-02-13 14:30:00-05:00,22516.244140625,22683.248046875,22507.53125,22656.06640625,657720000
2026-02-13 15:30:00-05:00,22550.568359375,22557.314453125,22487.517578125,22515.251953125,615704000
2026-02-17 09:30:00-05:00,22319.1796875,22558.03515625,22266.455078125,22407.548828125,0
2026-02-17 10:30:00-05:00,22516.505859375,22574.07421875,22256.759765625,22323.365234375,842029000
2026-02-17 11:30:00-05:00,22537.744140625,22568.884765625,22470.484375,22515.798828125,625783000
2026-02-17 12:30:00-05:00,22568.6328125,22576.890625,22423.875,22537.806640625,544671000
2026-02-17 13:30:00-05:00,22639.388671875,22669.927734375,22557.583984375,22568.99609375,555555000
2026-02-17 14:30:00-05:00,22585.748046875,22690.3203125,22581.654296875,22643.05078125,580462000
2026-02-17 15:30:00-05:00,22586.32421875,22605.40234375,22551.5703125,22582.123046875,576030000
2026-02-18 09:30:00-05:00,22843.232421875,22856.671875,22600.193359375,22612.107421875,0
2026-02-18 10:30:00-05:00,22869.689453125,22894.798828125,22815.76953125,22841.685546875,841635000
2026-02-18 11:30:00-05:00,22856.951171875,22892.150390625,22831.87109375,22869.205078125,686367000
2026-02-18 12:30:00-05:00,22835.025390625,22893.677734375,22830.712890625,22856.37890625,547256000
2026-02-18 13:30:00-05:00,22778.421875,22847.671875,22771.91796875,22835.65625,557770000
2026-02-18 14:30:00-05:00,22673.650390625,22784.146484375,22657.064453125,22784.146484375,665759000
2026-02-18 15:30:00-05:00,22745.333984375,22788.6640625,22670.0703125,22670.0703125,604575000
2026-02-19 09:30:00-05:00,22674.283203125,22756.73046875,22586.494140625,22633.111328125,0
2026-02-19 10:30:00-05:00,22707.9140625,22767.126953125,22671.748046875,22673.8828125,703428000
2026-02-19 11:30:00-05:00,22681.595703125,22738.73046875,22638.408203125,22710.78515625,556948000
2026-02-19 12:30:00-05:00,22620.287109375,22689.525390625,22590.453125,22679.10546875,517701000
2026-02-19 13:30:00-05:00,22630.802734375,22671.365234375,22603.23046875,22620.1015625,513501000
2026-02-19 14:30:00-05:00,22616.1953125,22644.74609375,22585.435546875,22629.90625,590554000
2026-02-19 15:30:00-05:00,22681.3515625,22682.15625,22614.63671875,22614.63671875,593345000
2026-02-20 09:30:00-05:00,22786.080078125,22876.640625,22544.65625,22544.65625,0
2026-02-20 10:30:00-05:00,22809.076171875,22948.123046875,22743.177734375,22784.814453125,836013000
2026-02-20 11:30:00-05:00,22748.18359375,22936.994140625,22710.580078125,22802.91796875,700581000
2026-02-20 12:30:00-05:00,22797.0390625,22857.2109375,22742.806640625,22745.712890625,596855000
2026-02-20 13:30:00-05:00,22864.810546875,22931.904296875,22770.4453125,22796.677734375,593623000
2026-02-20 14:30:00-05:00,22837.91796875,22885.6796875,22833.244140625,22864.716796875,598947000
2026-02-20 15:30:00-05:00,22887.259765625,22887.73828125,22837.251953125,22837.251953125,579995000
2026-02-23 09:30:00-05:00,22728.5859375,22893.220703125,22707.91015625,22860.07421875,0
2026-02-23 10:30:00-05:00,22639.88671875,22753.1015625,22547.70703125,22729.6015625,925761000
2026-02-23 11:30:00-05:00,22612.671875,22651.255859375,22600.58984375,22633.501953125,687861000
2026-02-23 12:30:00-05:00,22684.982421875,22692.357421875,22555.40625,22613.072265625,601648000
2026-02-23 13:30:00-05:00,22588.9609375,22694.265625,22587.505859375,22685.5625,513301000
2026-02-23 14:30:00-05:00,22579.080078125,22602.955078125,22550.384765625,22590.41015625,636226000
2026-02-23 15:30:00-05:00,22634.60546875,22634.60546875,22578.97265625,22581.40625,611536000
2026-02-24 09:30:00-05:00,22834.748046875,22834.748046875,22532.87890625,22637.74609375,0
2026-02-24 10:30:00-05:00,22830.576171875,22866.998046875,22801.0234375,22833.6953125,860241000
2026-02-24 11:30:00-05:00,22875.154296875,22887.630859375,22795.8046875,22828.078125,642724000
2026-02-24 12:30:00-05:00,22840.318359375,22893.556640625,22838.32421875,22873.91015625,527228000
2026-02-24 13:30:00-05:00,22837.34765625,22869.474609375,22824.04296875,22840.162109375,588813000
2026-02-24 14:30:00-05:00,22830.908203125,22879.56640625,22830.7890625,22837.197265625,614136000
2026-02-24 15:30:00-05:00,22863.79296875,22895.37109375,22830.56640625,22832.005859375,628072000
2026-02-25 09:30:00-05:00,23107.6484375,23139.7890625,23009.80859375,23009.80859375,1596763994
2026-02-25 10:30:00-05:00,23086.474609375,23115.568359375,23052.203125,23107.931640625,909457000
2026-02-25 11:30:00-05:00,23106.134765625,23132.048828125,23084.578125,23085.4453125,760961000
2026-02-25 12:30:00-05:00,23122.458984375,23136.537109375,23101.529296875,23105.337890625,593901000
2026-02-25 13:30:00-05:00,23152.08203125,23161.978515625,23119.576171875,23122.0546875,568489000
2026-02-25 14:30:00-05:00,23152.888671875,23160.861328125,23146.447265625,23151.873046875,665175000
2026-02-25 15:30:00-05:00,23156.642578125,23169.68359375,23140.9453125,23152.361328125,659706000
2026-02-26 09:30:00-05:00,22742.626953125,23107.537109375,22702.048828125,23107.537109375,0
2026-02-26 10:30:00-05:00,22867.0390625,22882.189453125,22672.251953125,22736.53125,965520000
2026-02-26 11:30:00-05:00,22773.90625,22871.392578125,22750.369140625,22867.51953125,722847000
2026-02-26 12:30:00-05:00,22711.833984375,22804.90625,22683.787109375,22771.828125,621321000
2026-02-26 13:30:00-05:00,22841.388671875,22874.05078125,22707.775390625,22711.294921875,631471000
2026-02-26 14:30:00-05:00,22833.669921875,22892.869140625,22832.193359375,22841.513671875,716024000
2026-02-26 15:30:00-05:00,22878.716796875,22878.912109375,22835.748046875,22835.748046875,662054000
2026-02-27 09:30:00-05:00,22693.388671875,22724.3515625,22538.7265625,22613.748046875,0
2026-02-27 10:30:00-05:00,22681.22265625,22734.400390625,22654.42578125,22695.517578125,961835000
2026-02-27 11:30:00-05:00,22644.07421875,22723.87890625,22599.052734375,22681.513671875,767334000
2026-02-27 12:30:00-05:00,22590.298828125,22675.46484375,22562.037109375,22648.814453125,625633000
2026-02-27 13:30:00-05:00,22590.326171875,22638.82421875,22573.970703125,22586.7421875,583021000
2026-02-27 14:30:00-05:00,22652.11328125,22672.84375,22561.47265625,22590.501953125,694228000
2026-02-27 15:30:00-05:00,22667.025390625,22682.86328125,22599.01171875,22649.26953125,705152000
2026-03-02 09:30:00-05:00,22590.513671875,22655.857421875,22309.16015625,22315.236328125,0
2026-03-02 10:30:00-05:00,22594.5,22693.43359375,22566.00390625,22598.216796875,898544000
2026-03-02 11:30:00-05:00,22759.970703125,22787.22265625,22590.9765625,22595.3515625,654837000
2026-03-02 12:30:00-05:00,22746.912109375,22779.849609375,22730.697265625,22758.265625,508543000
2026-03-02 13:30:00-05:00,22784.97265625,22793.16015625,22692.33984375,22747.376953125,509736000
2026-03-02 14:30:00-05:00,22689.58203125,22802.568359375,22673.0234375,22785.423828125,630802000
2026-03-02 15:30:00-05:00,22740.607421875,22777.9609375,22686.888671875,22686.935546875,584329000
2026-03-03 09:30:00-05:00,22126.05859375,22398.572265625,22125.919921875,22295.1015625,0
2026-03-03 10:30:00-05:00,22375.1171875,22393.568359375,22134.94140625,22154.12109375,1046623000
2026-03-03 11:30:00-05:00,22453.517578125,22471.275390625,22330.4453125,22367.68359375,912842000
2026-03-03 12:30:00-05:00,22500.427734375,22521.609375,22359.365234375,22451.8125,650628000
2026-03-03 13:30:00-05:00,22514.23828125,22583.83984375,22495.609375,22500.869140625,697887000
2026-03-03 14:30:00-05:00,22530.33984375,22601.58984375,22475.416015625,22514.513671875,780751000
2026-03-03 15:30:00-05:00,22515.64453125,22553.482421875,22476.255859375,22531.05859375,647310000
2026-03-04 09:30:00-05:00,22838.724609375,22845.158203125,22570.666015625,22619.6484375,0
2026-03-04 10:30:00-05:00,22801.619140625,22851.66015625,22752.521484375,22851.66015625,1281406000
2026-03-04 11:30:00-05:00,22817.337890625,22852.91015625,22797.169921875,22797.6953125,1034282000
2026-03-04 12:30:00-05:00,22840.505859375,22854.9765625,22791.220703125,22816.962890625,824426000
2026-03-04 13:30:00-05:00,22873.349609375,22891.80078125,22840.228515625,22840.228515625,752351000
2026-03-04 14:30:00-05:00,22833.63671875,22879.5390625,22806.724609375,22872.259765625,727272000
2026-03-04 15:30:00-05:00,22803.51953125,22845.8828125,22800.0,22832.67578125,733268000
2026-03-05 09:30:00-05:00,22685.87890625,22876.609375,22679.048828125,22703.7109375,0
2026-03-05 10:30:00-05:00,22672.798828125,22782.626953125,22625.58984375,22691.0859375,1082266000
2026-03-05 11:30:00-05:00,22644.716796875,22802.27734375,22644.716796875,22678.892578125,749768000
2026-03-05 12:30:00-05:00,22513.4453125,22641.955078125,22505.974609375,22640.400390625,764851000
2026-03-05 13:30:00-05:00,22556.15625,22587.044921875,22500.8515625,22512.947265625,620887000
2026-03-05 14:30:00-05:00,22654.876953125,22689.30078125,22514.490234375,22551.953125,718125000
2026-03-05 15:30:00-05:00,22750.0625,22751.900390625,22646.751953125,22657.541015625,624261000
2026-03-06 09:30:00-05:00,22529.591796875,22546.380859375,22354.435546875,22428.037109375,0
2026-03-06 10:30:00-05:00,22547.033203125,22598.1796875,22469.794921875,22538.486328125,1046905000
2026-03-06 11:30:00-05:00,22519.494140625,22613.90625,22502.736328125,22546.599609375,780949000
2026-03-06 12:30:00-05:00,22533.427734375,22585.734375,22452.84765625,22520.259765625,693812000
2026-03-06 13:30:00-05:00,22517.388671875,22557.763671875,22492.5,22533.93359375,615958000
2026-03-06 14:30:00-05:00,22365.59765625,22540.318359375,22360.1953125,22514.8984375,716371000
2026-03-06 15:30:00-05:00,22382.04296875,22413.005859375,22328.134765625,22358.52734375,707338000
2026-03-09 09:30:00-04:00,22149.794921875,22226.716796875,22063.20703125,22193.1328125,0
2026-03-09 10:30:00-04:00,22364.375,22365.8359375,22149.994140625,22149.994140625,1000928000
2026-03-09 11:30:00-04:00,22408.37890625,22435.109375,22324.263671875,22363.103515625,863276000
2026-03-09 12:30:00-04:00,22332.564453125,22454.658203125,22328.513671875,22409.3828125,756820000
2026-03-09 13:30:00-04:00,22371.572265625,22398.31640625,22298.62109375,22332.4765625,578519000
2026-03-09 14:30:00-04:00,22653.501953125,22654.544921875,22363.955078125,22369.501953125,778259000
2026-03-09 15:30:00-04:00,22696.8125,22739.150390625,22604.07421875,22650.921875,758604000
2026-03-10 09:30:00-04:00,22707.46484375,22761.416015625,22608.234375,22727.001953125,0
2026-03-10 10:30:00-04:00,22836.8515625,22866.171875,22713.595703125,22713.595703125,1015975000
2026-03-10 11:30:00-04:00,22829.2890625,22861.75390625,22780.55078125,22837.49609375,722065000
2026-03-10 12:30:00-04:00,22902.64453125,22906.53125,22816.90234375,22833.30859375,624037000
2026-03-10 13:30:00-04:00,22765.5,22902.0546875,22694.6953125,22901.810546875,709437000
2026-03-10 14:30:00-04:00,22698.1328125,22799.134765625,22698.1328125,22772.326171875,658610000
2026-03-10 15:30:00-04:00,22698.185546875,22729.0078125,22652.8203125,22697.443359375,633011000
2026-03-11 09:30:00-04:00,22753.0,22877.255859375,22713.353515625,22765.263671875,0
2026-03-11 10:30:00-04:00,22675.55859375,22803.205078125,22674.255859375,22751.3828125,973178000
2026-03-11 11:30:00-04:00,22669.416015625,22679.15234375,22625.40234375,22662.41015625,751332000
2026-03-11 12:30:00-04:00,22718.23828125,22731.865234375,22672.697265625,22672.72265625,579872000
2026-03-11 13:30:00-04:00,22662.865234375,22724.333984375,22602.328125,22720.9296875,563530000
2026-03-11 14:30:00-04:00,22662.099609375,22688.142578125,22643.81640625,22662.689453125,573040000
2026-03-11 15:30:00-04:00,22712.998046875,22726.900390625,22658.767578125,22666.564453125,595948000
2026-03-12 09:30:00-04:00,22364.068359375,22550.74609375,22364.068359375,22513.455078125,0
2026-03-12 10:30:00-04:00,22350.33203125,22429.017578125,22290.6015625,22360.9765625,915062000
2026-03-12 11:30:00-04:00,22391.3984375,22466.21875,22318.107421875,22342.880859375,799932000
2026-03-12 12:30:00-04:00,22396.6640625,22460.130859375,22376.18359375,22389.890625,628241000
2026-03-12 13:30:00-04:00,22382.728515625,22432.44140625,22343.03125,22398.802734375,660281000
2026-03-12 14:30:00-04:00,22368.828125,22390.787109375,22329.1796875,22384.3984375,619779000
2026-03-12 15:30:00-04:00,22319.287109375,22392.22265625,22304.494140625,22370.8984375,617925000
2026-03-13 09:30:00-04:00,22404.470703125,22521.376953125,22360.478515625,22411.078125,0
2026-03-13 10:30:00-04:00,22202.802734375,22450.16796875,22202.802734375,22407.64453125,886938000
2026-03-13 11:30:00-04:00,22161.953125,22222.85546875,22127.525390625,22206.275390625,711165000
2026-03-13 12:30:00-04:00,22162.900390625,22199.697265625,22110.99609375,22162.96484375,602272000
2026-03-13 13:30:00-04:00,22123.18359375,22167.14453125,22075.427734375,22164.849609375,542220000
2026-03-13 14:30:00-04:00,22091.955078125,22173.5234375,22086.568359375,22122.228515625,566959000
2026-03-13 15:30:00-04:00,22102.90234375,22112.375,22069.537109375,22095.931640625,604354000
2026-03-16 09:30:00-04:00,22419.1953125,22449.2421875,22320.630859375,22334.013671875,0
2026-03-16 10:30:00-04:00,22413.94140625,22429.53515625,22326.95703125,22414.34765625,944790000
2026-03-16 11:30:00-04:00,22329.333984375,22433.92578125,22323.806640625,22415.298828125,728496000
2026-03-16 12:30:00-04:00,22396.181640625,22415.2109375,22320.064453125,22332.0625,657234000
2026-03-16 13:30:00-04:00,22420.77734375,22428.12109375,22357.62109375,22397.080078125,558783000
2026-03-16 14:30:00-04:00,22376.76171875,22519.634765625,22359.607421875,22421.314453125,703075000
2026-03-16 15:30:00-04:00,22374.76171875,22389.28515625,22347.025390625,22376.638671875,609542000
2026-03-17 09:30:00-04:00,22514.91796875,22569.640625,22445.625,22445.625,0
2026-03-17 10:30:00-04:00,22463.47265625,22538.970703125,22463.47265625,22511.853515625,916518000
2026-03-17 11:30:00-04:00,22465.73046875,22478.529296875,22409.421875,22462.125,707602000
2026-03-17 12:30:00-04:00,22471.2734375,22485.912109375,22447.48828125,22466.740234375,595023000
2026-03-17 13:30:00-04:00,22470.345703125,22516.82421875,22465.462890625,22471.90234375,619399000
2026-03-17 14:30:00-04:00,22474.412109375,22488.123046875,22449.12109375,22469.994140625,686149000
2026-03-17 15:30:00-04:00,22486.857421875,22498.2578125,22467.193359375,22476.314453125,631672000
2026-03-18 09:30:00-04:00,22317.40234375,22461.65234375,22306.697265625,22420.64453125,0
2026-03-18 10:30:00-04:00,22364.142578125,22398.845703125,22310.935546875,22311.845703125,1002717000
2026-03-18 11:30:00-04:00,22352.025390625,22382.513671875,22338.912109375,22363.546875,688957000
2026-03-18 12:30:00-04:00,22304.326171875,22354.234375,22278.21484375,22346.9296875,586717000
2026-03-18 13:30:00-04:00,22323.302734375,22377.765625,22289.701171875,22304.380859375,601289000
2026-03-18 14:30:00-04:00,22207.53515625,22328.15625,22196.853515625,22320.134765625,737408000
2026-03-18 15:30:00-04:00,22150.24609375,22219.087890625,22144.939453125,22208.142578125,630481000
2026-03-19 09:30:00-04:00,21937.546875,22048.11328125,21854.46875,21869.837890625,0
2026-03-19 10:30:00-04:00,21992.39453125,22077.103515625,21939.134765625,21939.134765625,913946000
2026-03-19 11:30:00-04:00,22003.693359375,22040.048828125,21938.833984375,21986.453125,642101000
2026-03-19 12:30:00-04:00,21975.41796875,22020.7265625,21918.349609375,22003.078125,533883000
2026-03-19 13:30:00-04:00,21992.837890625,22029.814453125,21941.056640625,21975.263671875,495007000
2026-03-19 14:30:00-04:00,22098.521484375,22186.9921875,21950.169921875,21991.740234375,734098000
2026-03-19 15:30:00-04:00,22090.224609375,22108.95703125,22055.4140625,22097.935546875,583355000
2026-03-20 09:30:00-04:00,21816.216796875,21986.76953125,21786.361328125,21986.76953125,0
2026-03-20 10:30:00-04:00,21799.25,21858.115234375,21782.970703125,21818.302734375,838688000
2026-03-20 11:30:00-04:00,21844.212890625,21883.337890625,21795.15234375,21800.111328125,580486000
2026-03-20 12:30:00-04:00,21775.060546875,21843.8203125,21772.259765625,21843.8125,524602000
2026-03-20 13:30:00-04:00,21690.693359375,21780.01171875,21671.18359375,21777.03515625,553155000
2026-03-20 14:30:00-04:00,21606.1328125,21697.15625,21599.24609375,21692.4921875,691934000
2026-03-20 15:30:00-04:00,21650.212890625,21650.212890625,21523.34375,21609.6328125,749041000
2026-03-23 09:30:00-04:00,22138.234375,22180.177734375,21953.044921875,21978.419921875,0
2026-03-23 10:30:00-04:00,22129.396484375,22188.1328125,22086.2578125,22134.060546875,952158000
2026-03-23 11:30:00-04:00,21868.06640625,22142.529296875,21865.9140625,22139.060546875,793463000
2026-03-23 12:30:00-04:00,21904.85546875,21961.1484375,21867.01953125,21868.01171875,534941000
2026-03-23 13:30:00-04:00,21977.60546875,22012.029296875,21902.552734375,21904.896484375,549402000
2026-03-23 14:30:00-04:00,22007.005859375,22056.61328125,21977.796875,21977.796875,608244000
2026-03-23 15:30:00-04:00,21956.78515625,22043.46484375,21941.359375,22005.27734375,554582000
2026-03-24 09:30:00-04:00,21760.0625,21858.107421875,21714.296875,21785.759765625,0
2026-03-24 10:30:00-04:00,21878.607421875,21915.787109375,21746.376953125,21757.08984375,1109759000
2026-03-24 11:30:00-04:00,21865.2265625,21909.29296875,21805.619140625,21883.02734375,704913000
2026-03-24 12:30:00-04:00,21752.59375,21870.951171875,21725.939453125,21866.44140625,642036000
2026-03-24 13:30:00-04:00,21805.091796875,21816.958984375,21724.638671875,21752.640625,607194000
2026-03-24 14:30:00-04:00,21810.765625,21882.142578125,21800.498046875,21806.0078125,702310000
2026-03-24 15:30:00-04:00,21766.529296875,21819.89453125,21746.693359375,21809.47265625,600077000
2026-03-25 09:30:00-04:00,22024.806640625,22093.1796875,21914.900390625,22013.34765625,0
2026-03-25 10:30:00-04:00,21983.64453125,22066.451171875,21867.45703125,22031.09765625,985941000
2026-03-25 11:30:00-04:00,21966.111328125,21996.77734375,21906.220703125,21987.185546875,674725000
2026-03-25 12:30:00-04:00,21982.9375,21998.046875,21943.876953125,21970.927734375,579294000
2026-03-25 13:30:00-04:00,21957.322265625,22031.09765625,21953.251953125,21982.46484375,507810000
2026-03-25 14:30:00-04:00,21912.265625,21963.85546875,21869.1484375,21960.744140625,627512000
2026-03-25 15:30:00-04:00,21929.595703125,21940.51171875,21885.943359375,21911.212890625,571527000
2026-03-26 09:30:00-04:00,21773.76171875,21821.125,21658.46875,21684.240234375,0
2026-03-26 10:30:00-04:00,21689.255859375,21817.12109375,21655.38671875,21774.595703125,851224000
2026-03-26 11:30:00-04:00,21613.240234375,21723.49609375,21609.44921875,21688.357421875,648289000
2026-03-26 12:30:00-04:00,21563.201171875,21621.193359375,21547.697265625,21615.509765625,558523000
2026-03-26 13:30:00-04:00,21461.873046875,21578.580078125,21457.701171875,21564.0078125,560324000
2026-03-26 14:30:00-04:00,21460.755859375,21508.83203125,21443.515625,21462.09765625,607780000
2026-03-26 15:30:00-04:00,21416.265625,21463.009765625,21396.845703125,21461.61328125,611251000
2026-03-27 09:30:00-04:00,21116.470703125,21291.671875,21111.037109375,21291.103515625,0
2026-03-27 10:30:00-04:00,21175.912109375,21183.2734375,21090.2109375,21116.48046875,940209000
2026-03-27 11:30:00-04:00,21101.927734375,21225.212890625,21100.939453125,21179.025390625,709545000
2026-03-27 12:30:00-04:00,21010.9609375,21138.337890625,21010.9609375,21107.619140625,612883000
2026-03-27 13:30:00-04:00,20994.263671875,21031.859375,20958.55859375,21014.587890625,673322000
2026-03-27 14:30:00-04:00,20964.357421875,21019.810546875,20943.638671875,20996.111328125,635763000
2026-03-27 15:30:00-04:00,20947.1953125,20977.685546875,20909.93359375,20967.26953125,623521000
2026-03-30 09:30:00-04:00,20951.3125,21139.509765625,20917.80859375,21093.783203125,0
2026-03-30 10:30:00-04:00,20957.529296875,21041.40625,20893.453125,20950.666015625,957319000
2026-03-30 11:30:00-04:00,20911.1640625,21049.5625,20910.087890625,20960.357421875,645394000
2026-03-30 12:30:00-04:00,20833.404296875,20941.095703125,20827.974609375,20908.2265625,669138000
2026-03-30 13:30:00-04:00,20797.076171875,20873.732421875,20797.0625,20834.81640625,629528000
2026-03-30 14:30:00-04:00,20700.162109375,20833.185546875,20690.482421875,20797.30078125,665611000
2026-03-30 15:30:00-04:00,20792.837890625,20816.46484375,20694.2109375,20700.5703125,649751000
2026-03-31 09:30:00-04:00,21245.228515625,21250.6484375,21068.6484375,21069.205078125,0
2026-03-31 10:30:00-04:00,21183.90625,21256.453125,21079.24609375,21244.646484375,1040527000
2026-03-31 11:30:00-04:00,21243.32421875,21252.556640625,21133.802734375,21179.71875,699620000
2026-03-31 12:30:00-04:00,21491.078125,21553.279296875,21226.640625,21242.806640625,977474000
2026-03-31 13:30:00-04:00,21509.7109375,21547.591796875,21438.619140625,21494.548828125,641451000
2026-03-31 14:30:00-04:00,21561.404296875,21582.51171875,21493.79296875,21507.408203125,672786000
2026-03-31 15:30:00-04:00,21592.46875,21637.296875,21557.67578125,21562.115234375,712501000
2026-04-01 09:30:00-04:00,21840.748046875,21856.515625,21726.283203125,21743.431640625,0
2026-04-01 10:30:00-04:00,21890.658203125,21920.8671875,21790.0390625,21841.994140625,915691000
2026-04-01 11:30:00-04:00,21940.12890625,21967.431640625,21872.087890625,21887.376953125,656434000
2026-04-01 12:30:00-04:00,21965.482421875,21982.53515625,21929.748046875,21941.21875,527410000
2026-04-01 13:30:00-04:00,21794.318359375,21971.390625,21782.517578125,21965.359375,576841000
2026-04-01 14:30:00-04:00,21874.857421875,21882.03515625,21766.310546875,21794.970703125,589715000
2026-04-01 15:30:00-04:00,21842.59375,21886.330078125,21826.720703125,21874.43359375,583941000
2026-04-02 09:30:00-04:00,21615.5546875,21660.7890625,21371.8984375,21475.39453125,0
2026-04-02 10:30:00-04:00,21835.12109375,21904.775390625,21609.86328125,21612.23046875,1143743000
2026-04-02 11:30:00-04:00,21750.642578125,21856.337890625,21728.37890625,21840.24609375,703893000
2026-04-02 12:30:00-04:00,21822.71875,21834.423828125,21739.130859375,21749.6015625,574633000
2026-04-02 13:30:00-04:00,21774.802734375,21826.037109375,21741.2109375,21823.576171875,506776000
2026-04-02 14:30:00-04:00,21811.984375,21842.421875,21773.802734375,21774.986328125,556878000
2026-04-02 15:30:00-04:00,21874.193359375,21883.154296875,21806.1953125,21812.28515625,598359000
2026-04-06 09:30:00-04:00,21998.009765625,22047.765625,21899.6171875,21937.916015625,0
2026-04-06 10:30:00-04:00,21938.18359375,22018.42578125,21916.63671875,21998.587890625,727935000
2026-04-06 11:30:00-04:00,21967.29296875,21979.826171875,21916.03125,21937.39453125,758463000
2026-04-06 12:30:00-04:00,21948.923828125,21991.22265625,21864.71875,21967.7890625,696354000
2026-04-06 13:30:00-04:00,21983.34765625,21998.765625,21899.220703125,21948.84765625,503328000
2026-04-06 14:30:00-04:00,21975.111328125,21993.013671875,21968.71484375,21983.560546875,639223000
2026-04-06 15:30:00-04:00,21993.470703125,22001.40625,21965.423828125,21973.5546875,639422000
2026-04-07 09:30:00-04:00,21759.75,21911.169921875,21668.1484375,21911.169921875,0
2026-04-07 10:30:00-04:00,21725.232421875,21780.28515625,21614.138671875,21757.9921875,1187238000
2026-04-07 11:30:00-04:00,21849.099609375,21876.5390625,21707.791015625,21726.0234375,902358000
2026-04-07 12:30:00-04:00,21851.056640625,21889.66796875,21836.0859375,21846.1796875,744892000
2026-04-07 13:30:00-04:00,21858.470703125,21946.521484375,21849.92578125,21851.38671875,625324000
2026-04-07 14:30:00-04:00,21881.173828125,21941.59765625,21755.041015625,21859.00390625,789936000
2026-04-07 15:30:00-04:00,22024.796875,22024.796875,21859.345703125,21877.673828125,660531000
2026-04-08 09:30:00-04:00,22621.6015625,22793.849609375,22607.021484375,22793.849609375,0
2026-04-08 10:30:00-04:00,22576.755859375,22629.990234375,22503.435546875,22626.42578125,1186986000
2026-04-08 11:30:00-04:00,22657.212890625,22670.626953125,22572.08203125,22576.171875,881195000
2026-04-08 12:30:00-04:00,22645.32421875,22717.0234375,22638.150390625,22659.6484375,640638000
2026-04-08 13:30:00-04:00,22621.5,22693.517578125,22613.69140625,22645.8515625,669887000
2026-04-08 14:30:00-04:00,22541.40234375,22635.953125,22526.107421875,22623.93359375,750856000
2026-04-08 15:30:00-04:00,22637.896484375,22637.896484375,22540.32421875,22540.32421875,635219000
2026-04-09 09:30:00-04:00,22536.26953125,22660.732421875,22529.23046875,22645.865234375,0
2026-04-09 10:30:00-04:00,22641.1640625,22677.861328125,22530.015625,22538.96875,918077000
2026-04-09 11:30:00-04:00,22801.3828125,22834.77734375,22633.830078125,22637.453125,769197000
2026-04-09 12:30:00-04:00,22808.41796875,22835.46484375,22755.890625,22801.599609375,635011000
2026-04-09 13:30:00-04:00,22748.2734375,22836.748046875,22737.990234375,22808.830078125,626484000
2026-04-09 14:30:00-04:00,22795.001953125,22804.3125,22736.734375,22748.123046875,592750000
2026-04-09 15:30:00-04:00,22819.296875,22835.765625,22795.375,22795.375,624773000
2026-04-10 09:30:00-04:00,22967.01171875,22975.037109375,22894.92578125,22916.810546875,0
2026-04-10 10:30:00-04:00,22973.431640625,23011.76953125,22944.279296875,22966.25,1050684000
2026-04-10 11:30:00-04:00,22891.232421875,22979.0,22868.818359375,22973.859375,825226000
2026-04-10 12:30:00-04:00,22856.86328125,22896.32421875,22845.3359375,22891.23828125,623577000
2026-04-10 13:30:00-04:00,22889.22265625,22902.107421875,22848.388671875,22853.193359375,552626000
2026-04-10 14:30:00-04:00,22916.810546875,22924.765625,22869.490234375,22889.673828125,608677000
2026-04-10 15:30:00-04:00,22901.060546875,22917.171875,22881.466796875,22917.171875,600117000
2026-04-13 09:30:00-04:00,22948.044921875,22970.25390625,22797.2265625,22846.91796875,0
2026-04-13 10:30:00-04:00,22966.6640625,23009.158203125,22931.90234375,22947.54296875,889332000
2026-04-13 11:30:00-04:00,23030.689453125,23034.041015625,22932.033203125,22961.546875,678900000
2026-04-13 12:30:00-04:00,23066.3359375,23072.744140625,22996.24609375,23029.0,620900000
2026-04-13 13:30:00-04:00,23050.06640625,23072.978515625,23040.58984375,23066.34375,548666000
2026-04-13 14:30:00-04:00,23103.85546875,23107.0390625,23048.91015625,23048.955078125,596549000
2026-04-13 15:30:00-04:00,23182.783203125,23187.265625,23098.46875,23103.287109375,644224000
2026-04-14 09:30:00-04:00,23464.609375,23465.62109375,23345.88671875,23345.88671875,0
2026-04-14 10:30:00-04:00,23503.474609375,23516.033203125,23435.787109375,23464.275390625,1093278000
2026-04-14 11:30:00-04:00,23592.642578125,23596.509765625,23505.3125,23505.3125,823222000
2026-04-14 12:30:00-04:00,23601.90625,23618.958984375,23574.8984375,23592.60546875,624193000
2026-04-14 13:30:00-04:00,23553.640625,23623.568359375,23536.599609375,23602.15234375,619569000
2026-04-14 14:30:00-04:00,23620.607421875,23621.13671875,23545.201171875,23554.11328125,660535000
2026-04-14 15:30:00-04:00,23634.107421875,23635.55078125,23592.396484375,23618.564453125,617176000
2026-04-15 09:30:00-04:00,23823.26171875,23828.78515625,23673.923828125,23685.236328125,0
2026-04-15 10:30:00-04:00,23874.984375,23880.71484375,23799.201171875,23824.525390625,1077269000
2026-04-15 11:30:00-04:00,23906.94921875,23936.150390625,23853.546875,23871.359375,1031269000
2026-04-15 12:30:00-04:00,23868.419921875,23907.83984375,23788.357421875,23907.83984375,991138000
2026-04-15 13:30:00-04:00,23916.951171875,23925.49609375,23847.841796875,23868.185546875,743588000
2026-04-15 14:30:00-04:00,23985.048828125,23985.361328125,23918.01171875,23918.01171875,707749000
2026-04-15 15:30:00-04:00,24010.78125,24026.5625,23980.037109375,23982.58203125,700029000
2026-04-16 09:30:00-04:00,23962.05859375,24058.0390625,23895.576171875,24058.0390625,0
2026-04-16 10:30:00-04:00,24064.416015625,24100.1796875,23958.7578125,23960.56640625,1150307000
2026-04-16 11:30:00-04:00,24114.869140625,24155.84375,24053.11328125,24053.11328125,834123000
2026-04-16 12:30:00-04:00,24073.505859375,24117.076171875,24035.470703125,24115.04296875,665025000
2026-04-16 13:30:00-04:00,23995.998046875,24104.57421875,23982.107421875,24072.990234375,570616000
2026-04-16 14:30:00-04:00,24057.16796875,24075.3671875,23996.5703125,23996.5703125,637673000
2026-04-16 15:30:00-04:00,24097.0,24108.68359375,24052.904296875,24056.025390625,651368000
2026-04-17 09:30:00-04:00,24386.669921875,24411.5703125,24288.306640625,24344.662109375,0
2026-04-17 10:30:00-04:00,24485.310546875,24493.3515625,24389.0703125,24389.0703125,1176879000
2026-04-17 11:30:00-04:00,24497.63671875,24518.392578125,24445.076171875,24486.431640625,787028000
2026-04-17 12:30:00-04:00,24420.091796875,24518.859375,24393.009765625,24498.26953125,727450000
2026-04-17 13:30:00-04:00,24424.0703125,24467.134765625,24397.958984375,24418.85546875,651573000
2026-04-17 14:30:00-04:00,24420.162109375,24452.1875,24399.35546875,24425.53515625,689044000
2026-04-17 15:30:00-04:00,24466.5546875,24471.03515625,24420.2734375,24420.2734375,682200000
2026-04-20 09:30:00-04:00,24369.8828125,24434.365234375,24345.216796875,24413.6875,0
2026-04-20 10:30:00-04:00,24335.376953125,24379.34375,24221.734375,24367.849609375,1033671000
2026-04-20 11:30:00-04:00,24331.029296875,24350.142578125,24299.033203125,24350.142578125,726000000
2026-04-20 12:30:00-04:00,24348.541015625,24369.505859375,24318.5234375,24331.779296875,579706000
2026-04-20 13:30:00-04:00,24386.7265625,24393.931640625,24337.09375,24348.42578125,536996000
2026-04-20 14:30:00-04:00,24382.654296875,24399.23828125,24368.34765625,24387.955078125,693055000
2026-04-20 15:30:00-04:00,24407.99609375,24407.99609375,24373.140625,24382.21484375,702295000
2026-04-21 09:30:00-04:00,24500.1328125,24535.447265625,24397.6640625,24469.35546875,0
2026-04-21 10:30:00-04:00,24377.798828125,24510.845703125,24324.673828125,24499.650390625,1172818000
2026-04-21 11:30:00-04:00,24335.85546875,24406.080078125,24334.234375,24378.43359375,862952000
2026-04-21 12:30:00-04:00,24263.53125,24373.072265625,24237.25390625,24334.81640625,811388000
2026-04-21 13:30:00-04:00,24301.341796875,24378.23828125,24263.568359375,24263.568359375,611281000
2026-04-21 14:30:00-04:00,24399.259765625,24401.2734375,24299.724609375,24301.56640625,658198000
2026-04-21 15:30:00-04:00,24260.310546875,24406.234375,24199.05078125,24399.451171875,714946000
2026-04-22 09:30:00-04:00,24556.91015625,24558.203125,24422.26953125,24456.71875,0
2026-04-22 10:30:00-04:00,24576.486328125,24583.98046875,24523.015625,24563.869140625,909652000
2026-04-22 11:30:00-04:00,24551.43359375,24585.57421875,24541.943359375,24574.828125,731142000
2026-04-22 12:30:00-04:00,24587.216796875,24607.60546875,24526.8046875,24551.142578125,596011000
2026-04-22 13:30:00-04:00,24573.744140625,24613.59765625,24571.275390625,24587.474609375,531613000
2026-04-22 14:30:00-04:00,24610.3046875,24618.642578125,24555.259765625,24573.3359375,610817000
2026-04-22 15:30:00-04:00,24656.025390625,24659.400390625,24605.609375,24609.224609375,619921000
2026-04-23 09:30:00-04:00,24533.275390625,24629.767578125,24507.453125,24534.640625,0
2026-04-23 10:30:00-04:00,24638.765625,24664.8671875,24537.42578125,24537.42578125,835288000
2026-04-23 11:30:00-04:00,24578.810546875,24659.8203125,24548.169921875,24637.7421875,632800000
2026-04-23 12:30:00-04:00,24376.162109375,24601.708984375,24370.6953125,24578.8046875,657734000
2026-04-23 13:30:00-04:00,24443.484375,24444.8203125,24211.712890625,24375.4765625,725962000
2026-04-23 14:30:00-04:00,24430.11328125,24483.25,24368.33203125,24443.623046875,540433000
2026-04-23 15:30:00-04:00,24437.083984375,24448.85546875,24368.619140625,24429.287109375,558722000
2026-04-24 09:30:00-04:00,24583.107421875,24643.826171875,24524.369140625,24603.650390625,0
2026-04-24 10:30:00-04:00,24716.716796875,24722.099609375,24563.986328125,24588.115234375,1182935000
2026-04-24 11:30:00-04:00,24795.11328125,24814.9375,24710.3515625,24717.439453125,1041984000
2026-04-24 12:30:00-04:00,24782.19140625,24823.951171875,24767.87109375,24796.353515625,745815000
2026-04-24 13:30:00-04:00,24789.05078125,24844.0859375,24769.107421875,24780.103515625,643687000
2026-04-24 14:30:00-04:00,24823.60546875,24854.033203125,24787.84375,24789.919921875,646206000
2026-04-24 15:30:00-04:00,24832.533203125,24843.369140625,24806.287109375,24821.51171875,627959000
2026-04-27 09:30:00-04:00,24774.0234375,24799.51953125,24694.82421875,24792.599609375,0
2026-04-27 10:30:00-04:00,24752.0625,24799.884765625,24722.779296875,24769.6796875,886229000
2026-04-27 11:30:00-04:00,24798.328125,24805.125,24747.56640625,24753.640625,607377000
2026-04-27 12:30:00-04:00,24855.37890625,24858.0234375,24799.1015625,24799.1015625,544130000
2026-04-27 13:30:00-04:00,24880.09375,24888.625,24855.125,24855.125,522009000
2026-04-27 14:30:00-04:00,24869.72265625,24886.85546875,24847.083984375,24879.90625,627242000
2026-04-27 15:30:00-04:00,24884.5859375,24899.365234375,24862.376953125,24871.212890625,599510000
2026-04-28 09:30:00-04:00,24671.134765625,24722.724609375,24571.802734375,24593.75,0
2026-04-28 10:30:00-04:00,24556.306640625,24685.64453125,24529.99609375,24670.91015625,935292000
2026-04-28 11:30:00-04:00,24573.640625,24586.1953125,24524.259765625,24553.751953125,600182000
2026-04-28 12:30:00-04:00,24582.287109375,24598.111328125,24543.08984375,24572.1953125,500640000
2026-04-28 13:30:00-04:00,24662.560546875,24664.0234375,24582.9921875,24582.9921875,473756000
2026-04-28 14:30:00-04:00,24677.29296875,24710.0,24641.576171875,24662.78125,563597000
2026-04-28 15:30:00-04:00,24664.7265625,24685.181640625,24655.736328125,24678.728515625,571185000
2026-04-29 09:30:00-04:00,24684.564453125,24688.599609375,24539.7578125,24601.779296875,0
2026-04-29 10:30:00-04:00,24665.8203125,24723.796875,24618.994140625,24677.33203125,895046000
2026-04-29 11:30:00-04:00,24577.24609375,24682.48046875,24576.958984375,24664.796875,605325000
2026-04-29 12:30:00-04:00,24590.7109375,24599.435546875,24533.01171875,24572.94140625,526018000
2026-04-29 13:30:00-04:00,24578.6015625,24628.021484375,24536.673828125,24595.412109375,538651000
2026-04-29 14:30:00-04:00,24671.580078125,24689.1484375,24553.953125,24578.775390625,682828000
2026-04-29 15:30:00-04:00,24679.060546875,24679.060546875,24630.64453125,24671.017578125,624012000
2026-04-30 09:30:00-04:00,24553.6328125,24843.41796875,24503.681640625,24843.41796875,0
2026-04-30 10:30:00-04:00,24711.82421875,24732.5,24492.02734375,24541.984375,909180000
2026-04-30 11:30:00-04:00,24721.193359375,24745.28515625,24643.005859375,24712.35546875,653522000
2026-04-30 12:30:00-04:00,24782.119140625,24782.119140625,24668.5,24722.35546875,543297000
2026-04-30 13:30:00-04:00,24880.017578125,24893.13671875,24782.140625,24782.140625,553676000
2026-04-30 14:30:00-04:00,24914.115234375,24924.259765625,24872.634765625,24878.361328125,664689000
2026-04-30 15:30:00-04:00,24897.5234375,24935.384765625,24886.68359375,24911.650390625,636289000
2026-05-01 09:30:00-04:00,25167.67578125,25197.005859375,24967.671875,24967.671875,0
2026-05-01 10:30:00-04:00,25164.279296875,25168.16796875,25053.189453125,25166.8203125,853878000
2026-05-01 11:30:00-04:00,25137.884765625,25223.1171875,25124.298828125,25163.896484375,644091000
2026-05-01 12:30:00-04:00,25186.455078125,25187.62890625,25103.365234375,25135.05078125,536635000
2026-05-01 13:30:00-04:00,25161.439453125,25188.560546875,25131.970703125,25187.09375,534048000
2026-05-01 14:30:00-04:00,25174.6015625,25175.302734375,25093.080078125,25160.091796875,610162000
2026-05-01 15:30:00-04:00,25109.98046875,25177.7109375,25107.943359375,25174.84375,592000000
2026-05-04 09:30:00-04:00,25131.103515625,25166.701171875,25088.3046875,25126.466796875,0
2026-05-04 10:30:00-04:00,25051.130859375,25209.892578125,24996.77734375,25127.73046875,966611000
2026-05-04 11:30:00-04:00,24998.083984375,25058.296875,24916.623046875,25055.173828125,719008000
2026-05-04 12:30:00-04:00,25076.22265625,25087.427734375,24986.349609375,24998.01171875,525058000
2026-05-04 13:30:00-04:00,25072.587890625,25112.31640625,25040.69140625,25076.5078125,505679000
2026-05-04 14:30:00-04:00,25073.36328125,25080.72265625,25021.2734375,25072.296875,577870000
2026-05-04 15:30:00-04:00,25070.2109375,25089.35546875,25046.509765625,25074.5078125,560034000
2026-05-05 09:30:00-04:00,25314.318359375,25334.8046875,25217.16015625,25263.37109375,2365995000
2026-05-05 10:30:00-04:00,25310.744140625,25328.89453125,25267.271484375,25317.486328125,887197000
2026-05-05 11:30:00-04:00,25303.005859375,25329.078125,25285.619140625,25312.328125,678573000
2026-05-05 12:30:00-04:00,25315.181640625,25315.8203125,25281.578125,25301.64453125,536271000
2026-05-05 13:30:00-04:00,25347.294921875,25357.80859375,25304.28515625,25315.34765625,546228000
2026-05-05 14:30:00-04:00,25347.095703125,25360.8515625,25324.00390625,25347.275390625,649770000
2026-05-05 15:30:00-04:00,25327.5,25349.76953125,25307.318359375,25346.3828125,599694000
2026-05-06 09:30:00-04:00,25591.94140625,25634.076171875,25468.693359375,25492.150390625,1702113057
2026-05-06 10:30:00-04:00,25697.875,25708.779296875,25592.390625,25594.955078125,939673000
2026-05-06 11:30:00-04:00,25722.23046875,25732.416015625,25664.79296875,25700.447265625,778102000
2026-05-06 12:30:00-04:00,25728.705078125,25741.13671875,25665.576171875,25722.43359375,648795000
2026-05-06 13:30:00-04:00,25772.857421875,25777.125,25726.119140625,25726.806640625,627629000
2026-05-06 14:30:00-04:00,25808.900390625,25814.494140625,25766.37890625,25772.970703125,757476000
2026-05-06 15:30:00-04:00,25834.880859375,25850.060546875,25791.333984375,25806.7890625,710996000
2026-05-07 09:30:00-04:00,25989.384765625,26000.03125,25850.453125,25876.29296875,0
2026-05-07 10:30:00-04:00,25953.8203125,26036.25,25942.37890625,25983.6328125,1062125000
2026-05-07 11:30:00-04:00,25872.919921875,25994.447265625,25782.26171875,25958.921875,857372000
2026-05-07 12:30:00-04:00,25756.5078125,25899.50390625,25715.298828125,25873.1171875,716722000
2026-05-07 13:30:00-04:00,25797.55078125,25846.40234375,25742.33203125,25760.1015625,646705000
2026-05-07 14:30:00-04:00,25753.486328125,25830.70703125,25731.4765625,25798.07421875,699190000
2026-05-07 15:30:00-04:00,25806.640625,25825.79296875,25751.041015625,25755.04296875,685632000
2026-05-08 09:30:00-04:00,26097.66796875,26155.435546875,25944.9609375,25959.685546875,0
2026-05-08 10:30:00-04:00,26143.685546875,26157.8984375,26067.443359375,26101.369140625,1116009000
2026-05-08 11:30:00-04:00,26180.400390625,26187.794921875,26122.92578125,26148.36328125,858315000
2026-05-08 12:30:00-04:00,26209.31640625,26217.419921875,26145.037109375,26181.4375,820542000
2026-05-08 13:30:00-04:00,26212.427734375,26218.46484375,26171.3671875,26209.46875,725926000
2026-05-08 14:30:00-04:00,26184.26953125,26215.6796875,26160.14453125,26212.23046875,779378000
2026-05-08 15:30:00-04:00,26239.748046875,26248.6171875,26180.771484375,26182.12890625,690370000
2026-05-11 09:30:00-04:00,26192.421875,26293.701171875,26129.828125,26129.828125,0
2026-05-11 10:30:00-04:00,26336.451171875,26336.451171875,26160.341796875,26189.80078125,1338960000
2026-05-11 11:30:00-04:00,26349.6640625,26356.609375,26315.13671875,26335.08203125,1099311000
2026-05-11 12:30:00-04:00,26307.888671875,26359.2265625,26256.85546875,26349.439453125,831997000
2026-05-11 13:30:00-04:00,26333.84765625,26344.439453125,26305.24609375,26306.439453125,735884000
2026-05-11 14:30:00-04:00,26245.697265625,26334.119140625,26235.255859375,26334.119140625,844231000
2026-05-11 15:30:00-04:00,26272.955078125,26272.955078125,26241.099609375,26245.9375,736631000
2026-05-12 09:30:00-04:00,26016.63671875,26186.546875,26016.3828125,26080.630859375,0
2026-05-12 10:30:00-04:00,25835.3515625,26036.451171875,25814.005859375,26015.216796875,1062037000
2026-05-12 11:30:00-04:00,25823.078125,25903.275390625,25807.955078125,25846.6328125,730315000
2026-05-12 12:30:00-04:00,25869.74609375,25900.525390625,25739.224609375,25825.43359375,681840000
2026-05-12 13:30:00-04:00,25954.490234375,25965.763671875,25866.896484375,25869.42578125,609240000
2026-05-12 14:30:00-04:00,26010.49609375,26014.94921875,25923.22265625,25954.236328125,700486000
2026-05-12 15:30:00-04:00,26090.302734375,26112.30859375,26010.65234375,26010.65234375,659190000
2026-05-13 09:30:00-04:00,26165.9609375,26192.34765625,25992.7109375,26143.208984375,0
2026-05-13 10:30:00-04:00,26265.033203125,26276.751953125,26154.611328125,26167.455078125,1041337000
2026-05-13 11:30:00-04:00,26377.34375,26385.240234375,26242.16796875,26265.634765625,816720000
2026-05-13 12:30:00-04:00,26411.24609375,26423.0078125,26361.634765625,26375.8203125,705346000
2026-05-13 13:30:00-04:00,26462.05859375,26473.529296875,26375.416015625,26411.505859375,666134000
2026-05-13 14:30:00-04:00,26440.716796875,26463.787109375,26397.703125,26461.98828125,862424000
2026-05-13 15:30:00-04:00,26404.744140625,26449.03125,26382.7265625,26441.32421875,766640000
2026-05-14 09:30:00-04:00,26537.259765625,26579.615234375,26424.509765625,26435.4765625,0
2026-05-14 10:30:00-04:00,26670.5078125,26679.23046875,26532.6796875,26543.6015625,1160602000
2026-05-14 11:30:00-04:00,26645.775390625,26706.873046875,26638.69140625,26665.142578125,939621000
2026-05-14 12:30:00-04:00,26591.908203125,26669.67578125,26549.8046875,26644.849609375,856416000
2026-05-14 13:30:00-04:00,26619.876953125,26673.15625,26586.51953125,26590.744140625,834099000
2026-05-14 14:30:00-04:00,26643.6015625,26678.017578125,26606.3359375,26619.8125,862491000
2026-05-14 15:30:00-04:00,26634.103515625,26669.765625,26627.767578125,26642.275390625,731893000
2026-05-15 09:30:00-04:00,26269.009765625,26363.21875,26098.115234375,26270.45703125,0
2026-05-15 10:30:00-04:00,26311.69921875,26345.2890625,26246.123046875,26283.619140625,1023667000
2026-05-15 11:30:00-04:00,26323.24609375,26354.568359375,26219.8046875,26326.375,867669000
2026-05-15 12:30:00-04:00,26400.625,26406.501953125,26280.3203125,26325.44921875,672625000
2026-05-15 13:30:00-04:00,26369.94921875,26460.7578125,26361.908203125,26400.953125,645650000
2026-05-15 14:30:00-04:00,26281.66796875,26381.115234375,26277.265625,26370.267578125,797466000
2026-05-15 15:30:00-04:00,26221.521484375,26321.5,26208.150390625,26280.044921875,656813000
2026-05-18 09:30:00-04:00,26175.62890625,26307.98828125,26142.1796875,26263.091796875,0
2026-05-18 10:30:00-04:00,26002.927734375,26196.935546875,26002.927734375,26183.34375,1222163000
2026-05-18 11:30:00-04:00,25931.53125,26104.568359375,25923.318359375,26003.142578125,965665000
2026-05-18 12:30:00-04:00,26051.482421875,26073.7265625,25905.333984375,25931.615234375,769805000
2026-05-18 13:30:00-04:00,25937.810546875,26061.84765625,25896.212890625,26049.6875,673773000
2026-05-18 14:30:00-04:00,25962.6796875,26077.7109375,25868.765625,25941.833984375,823803000
2026-05-18 15:30:00-04:00,26090.63671875,26104.63671875,25955.861328125,25962.82421875,630030000
2026-05-19 09:30:00-04:00,25740.376953125,26024.822265625,25701.904296875,25920.556640625,0
2026-05-19 10:30:00-04:00,25769.369140625,25846.55078125,25703.359375,25747.609375,996099000
2026-05-19 11:30:00-04:00,25859.36328125,25868.302734375,25759.861328125,25765.748046875,752398000
2026-05-19 12:30:00-04:00,26013.033203125,26050.111328125,25854.0859375,25856.22265625,680922000
2026-05-19 13:30:00-04:00,25963.630859375,26038.78125,25949.423828125,26011.404296875,647410000
2026-05-19 14:30:00-04:00,25921.568359375,25990.34375,25882.734375,25964.02734375,716228000
2026-05-19 15:30:00-04:00,25874.17578125,25942.021484375,25825.720703125,25921.65234375,600058000
2026-05-20 09:30:00-04:00,26089.16015625,26117.75,25928.677734375,25992.05078125,1666417000
2026-05-20 10:30:00-04:00,26175.927734375,26263.94921875,26081.197265625,26097.7265625,1078578000
2026-05-20 11:30:00-04:00,26150.697265625,26235.423828125,26132.029296875,26175.490234375,783653000
2026-05-20 12:30:00-04:00,26198.201171875,26202.115234375,26135.513671875,26152.23046875,636276000
2026-05-20 13:30:00-04:00,26210.6796875,26224.701171875,26182.806640625,26198.71875,583063000
2026-05-20 14:30:00-04:00,26224.830078125,26238.40625,26186.99609375,26211.810546875,677992000
2026-05-20 15:30:00-04:00,26269.388671875,26273.59765625,26213.904296875,26225.150390625,606350000
2026-05-21 09:30:00-04:00,26085.2734375,26217.603515625,26041.150390625,26136.458984375,0
2026-05-21 10:30:00-04:00,26141.712890625,26155.548828125,26055.5234375,26086.953125,925954000
2026-05-21 11:30:00-04:00,26145.111328125,26199.54296875,26095.30078125,26138.35546875,697027000
2026-05-21 12:30:00-04:00,26285.02734375,26325.837890625,26110.08984375,26142.8203125,659380000
2026-05-21 13:30:00-04:00,26323.173828125,26403.076171875,26283.982421875,26283.982421875,654876000
2026-05-21 14:30:00-04:00,26291.66796875,26330.525390625,26190.06640625,26322.96484375,704294000
2026-05-21 15:30:00-04:00,26296.181640625,26304.69921875,26258.751953125,26290.203125,619705000
2026-05-22 09:30:00-04:00,26360.306640625,26502.515625,26309.80078125,26389.158203125,0
2026-05-22 10:30:00-04:00,26478.58984375,26480.009765625,26353.876953125,26363.189453125,1183347000
2026-05-22 11:30:00-04:00,26439.3515625,26481.34375,26422.408203125,26480.2265625,849409000
2026-05-22 12:30:00-04:00,26493.86328125,26493.86328125,26411.158203125,26440.14453125,708570000
2026-05-22 13:30:00-04:00,26417.123046875,26499.3984375,26397.71484375,26498.58984375,627673000
2026-05-22 14:30:00-04:00,26328.423828125,26427.482421875,26324.720703125,26417.7578125,717514000
2026-05-22 15:30:00-04:00,26346.2734375,26365.59765625,26313.759765625,26326.806640625,609726000
2026-05-26 09:30:00-04:00,26706.392578125,26714.466796875,26537.736328125,26590.19921875,0
2026-05-26 10:30:00-04:00,26614.6953125,26724.783203125,26613.001953125,26716.396484375,1099526000
2026-05-26 11:30:00-04:00,26600.150390625,26620.267578125,26520.298828125,26614.171875,773655000
2026-05-26 12:30:00-04:00,26561.9140625,26617.7578125,26554.34375,26600.748046875,639009000
2026-05-26 13:30:00-04:00,26618.703125,26631.84765625,26553.28125,26561.224609375,601038000
2026-05-26 14:30:00-04:00,26616.421875,26627.7109375,26573.783203125,26618.619140625,748905000
2026-05-26 15:30:00-04:00,26652.78515625,26675.345703125,26615.20703125,26615.20703125,644996000
2026-05-27 09:30:00-04:00,26575.234375,26711.359375,26557.35546875,26691.94921875,0
2026-05-27 10:30:00-04:00,26599.9375,26655.423828125,26553.287109375,26578.740234375,1036539000
2026-05-27 11:30:00-04:00,26626.82421875,26636.013671875,26538.630859375,26601.6328125,821806000
2026-05-27 12:30:00-04:00,26607.841796875,26683.322265625,26560.798828125,26625.84375,680133000
2026-05-27 13:30:00-04:00,26689.072265625,26690.09765625,26599.806640625,26607.734375,639888000
2026-05-27 14:30:00-04:00,26661.59765625,26692.26171875,26648.328125,26689.99609375,742418000
2026-05-27 15:30:00-04:00,26676.603515625,26693.892578125,26658.736328125,26662.25390625,624497000
2026-05-28 09:30:00-04:00,26757.099609375,26804.2734375,26589.712890625,26694.142578125,0
2026-05-28 10:30:00-04:00,26843.86328125,26852.890625,26714.783203125,26760.193359375,997936000
2026-05-28 11:30:00-04:00,26870.140625,26887.9765625,26827.181640625,26841.25390625,793577000
2026-05-28 12:30:00-04:00,26877.033203125,26897.681640625,26846.078125,26870.265625,674112000
2026-05-28 13:30:00-04:00,26918.103515625,26931.431640625,26872.7421875,26878.296875,691933000
2026-05-28 14:30:00-04:00,26915.576171875,26924.228515625,26892.19140625,26916.0078125,713909000
2026-05-28 15:30:00-04:00,26916.9140625,26934.705078125,26898.939453125,26915.443359375,690502000
2026-05-29 09:30:00-04:00,26967.97265625,27093.24609375,26914.375,26950.240234375,0
2026-05-29 10:30:00-04:00,26989.72265625,27019.9921875,26861.3515625,26969.48046875,1362904000
2026-05-29 11:30:00-04:00,26992.951171875,27032.39453125,26956.03125,26987.61328125,947793000
2026-05-29 12:30:00-04:00,26975.044921875,27038.373046875,26963.1875,26992.47265625,807196000
2026-05-29 13:30:00-04:00,26975.271484375,26979.400390625,26910.443359375,26974.263671875,696801000
2026-05-29 14:30:00-04:00,26980.201171875,26992.306640625,26917.4765625,26975.783203125,733700000
2026-05-29 15:30:00-04:00,26976.353515625,27019.8125,26974.69921875,26980.072265625,694953000
2026-06-01 09:30:00-04:00,26968.474609375,27032.46484375,26921.302734375,26938.404296875,0
2026-06-01 10:30:00-04:00,27015.3359375,27025.51171875,26960.439453125,26968.712890625,1155554000
2026-06-01 11:30:00-04:00,27042.609375,27078.171875,26994.56640625,27014.052734375,894273000
2026-06-01 12:30:00-04:00,27107.875,27107.875,27037.79296875,27044.03515625,766725000
2026-06-01 13:30:00-04:00,27168.0625,27189.681640625,27086.6875,27109.05859375,1002966000
2026-06-01 14:30:00-04:00,27154.849609375,27172.72265625,27144.662109375,27167.9921875,819695000
2026-06-01 15:30:00-04:00,27083.673828125,27153.634765625,27077.42578125,27152.994140625,680612000
2026-06-02 09:30:00-04:00,27084.46875,27144.6796875,26934.345703125,27017.888671875,0
2026-06-02 10:30:00-04:00,27153.818359375,27171.244140625,27084.150390625,27086.671875,1180528000
2026-06-02 11:30:00-04:00,27124.662109375,27161.828125,27114.93359375,27150.640625,900251000
2026-06-02 12:30:00-04:00,27095.947265625,27153.521484375,27088.53125,27124.865234375,732830000
2026-06-02 13:30:00-04:00,27064.30859375,27102.658203125,27058.486328125,27095.373046875,693774000
2026-06-02 14:30:00-04:00,27072.509765625,27096.43359375,27038.365234375,27064.4375,793063000
2026-06-02 15:30:00-04:00,27093.955078125,27100.443359375,27073.314453125,27074.654296875,679342000
2026-06-03 09:30:00-04:00,26994.447265625,27130.875,26850.9296875,27088.04296875,0
2026-06-03 10:30:00-04:00,26921.541015625,27002.3046875,26883.0078125,27002.3046875,1027904000
2026-06-03 11:30:00-04:00,26812.1171875,26942.25390625,26799.599609375,26921.494140625,783366000
2026-06-03 12:30:00-04:00,26831.03515625,26859.337890625,26769.15625,26812.18359375,614249000
2026-06-03 13:30:00-04:00,26913.19921875,26916.400390625,26809.744140625,26830.720703125,602474000
2026-06-03 14:30:00-04:00,26870.0078125,26920.10546875,26853.142578125,26914.3515625,725652000
2026-06-03 15:30:00-04:00,26862.9296875,26906.84765625,26847.91796875,26869.03125,653565000
2026-06-04 09:30:00-04:00,26690.62109375,26701.6171875,26560.17578125,26569.3828125,0
2026-06-04 10:30:00-04:00,26800.271484375,26811.33984375,26668.259765625,26693.021484375,1002831000
2026-06-04 11:30:00-04:00,26804.3203125,26818.76953125,26727.8515625,26801.076171875,717009000
2026-06-04 12:30:00-04:00,26863.3203125,26869.23828125,26776.357421875,26804.69140625,668556000
2026-06-04 13:30:00-04:00,26917.732421875,26923.701171875,26859.75390625,26863.01953125,608442000
2026-06-04 14:30:00-04:00,26911.013671875,26918.337890625,26875.525390625,26917.482421875,683876000
2026-06-04 15:30:00-04:00,26835.20703125,26917.25,26835.20703125,26910.875,597826000
2026-06-05 09:30:00-04:00,26339.333984375,26572.130859375,26309.603515625,26521.77734375,0
2026-06-05 10:30:00-04:00,26246.017578125,26412.708984375,26222.439453125,26339.0234375,1212278000
2026-06-05 11:30:00-04:00,26108.79296875,26258.642578125,26103.369140625,26242.396484375,1251079000
2026-06-05 12:30:00-04:00,26045.599609375,26109.763671875,25984.138671875,26108.033203125,930598000
2026-06-05 13:30:00-04:00,25866.896484375,26103.6328125,25853.21484375,26046.2265625,836225000
2026-06-05 14:30:00-04:00,25794.91796875,25872.7109375,25652.41015625,25865.326171875,1001653000
2026-06-05 15:30:00-04:00,25713.67578125,25837.748046875,25713.67578125,25793.3359375,775122000
2026-06-08 09:30:00-04:00,26017.0390625,26109.49609375,25901.84765625,26064.462890625,0
2026-06-08 10:30:00-04:00,26092.326171875,26176.4609375,26017.6484375,26017.6484375,1211073000
2026-06-08 11:30:00-04:00,26063.18359375,26149.859375,26037.666015625,26091.7890625,824391000
2026-06-08 12:30:00-04:00,26075.294921875,26094.287109375,25982.85546875,26063.798828125,661346000
2026-06-08 13:30:00-04:00,26035.810546875,26091.357421875,25987.1171875,26071.439453125,799229000
2026-06-08 14:30:00-04:00,25915.107421875,26054.578125,25872.744140625,26035.775390625,1046254000
2026-06-08 15:30:00-04:00,25931.560546875,25955.8359375,25906.775390625,25915.302734375,700476000
2026-06-09 09:30:00-04:00,25919.32421875,26259.0859375,25859.072265625,26111.9375,0
2026-06-09 10:30:00-04:00,25439.005859375,25953.685546875,25432.310546875,25915.78125,1356300000
2026-06-09 11:30:00-04:00,25206.330078125,25518.07421875,25112.806640625,25449.01953125,1276763000
2026-06-09 12:30:00-04:00,25393.130859375,25416.29296875,24980.376953125,25202.90625,989218000
2026-06-09 13:30:00-04:00,25588.1875,25592.62890625,25368.11328125,25391.474609375,693735000
2026-06-09 14:30:00-04:00,25568.453125,25709.05859375,25499.140625,25589.802734375,731608000
2026-06-09 15:30:00-04:00,25675.19140625,25687.51171875,25482.77734375,25570.396484375,652401000
2026-06-10 09:30:00-04:00,25680.357421875,25725.619140625,25406.796875,25522.865234375,0
2026-06-10 10:30:00-04:00,25388.958984375,25721.15625,25288.623046875,25681.509765625,1130273000
2026-06-10 11:30:00-04:00,25353.359375,25459.9453125,25270.283203125,25387.046875,831994000
2026-06-10 12:30:00-04:00,25313.009765625,25433.947265625,25274.416015625,25350.1640625,598540000
2026-06-10 13:30:00-04:00,25337.58203125,25421.51953125,25258.71484375,25316.041015625,690683000
2026-06-10 14:30:00-04:00,25180.7109375,25336.15234375,25145.54296875,25336.15234375,735916000
2026-06-10 15:30:00-04:00,25167.123046875,25266.228515625,25164.8125,25177.84375,701469000
2026-06-11 09:30:00-04:00,25327.548828125,25462.7890625,25190.634765625,25303.7109375,0
2026-06-11 10:30:00-04:00,25262.146484375,25382.25390625,25113.59765625,25327.8515625,1006395000
2026-06-11 11:30:00-04:00,25308.35546875,25402.744140625,25241.435546875,25253.875,900745000
2026-06-11 12:30:00-04:00,25494.205078125,25494.205078125,25179.736328125,25308.697265625,753584000
2026-06-11 13:30:00-04:00,25575.31640625,25677.177734375,25491.896484375,25541.953125,959502000
2026-06-11 14:30:00-04:00,25750.521484375,25762.41015625,25564.216796875,25577.818359375,767576000
2026-06-11 15:30:00-04:00,25801.46484375,25845.56640625,25747.96875,25752.30859375,742164000
2026-06-12 09:30:00-04:00,25809.185546875,25871.685546875,25602.296875,25797.56640625,1658619000
2026-06-12 10:30:00-04:00,25992.43359375,26010.15625,25673.494140625,25812.1953125,1106214000
2026-06-12 11:30:00-04:00,25841.505859375,25991.8359375,25711.23828125,25990.2890625,1057359000
2026-06-12 12:30:00-04:00,25928.197265625,25949.181640625,25827.443359375,25839.62109375,699018000
2026-06-12 13:30:00-04:00,25867.19921875,25926.494140625,25830.2734375,25925.638671875,599545000
2026-06-12 14:30:00-04:00,25878.455078125,25910.787109375,25858.615234375,25866.58984375,655049000
2026-06-12 15:30:00-04:00,25889.744140625,25897.80078125,25819.974609375,25879.7265625,602804000
2026-06-15 09:30:00-04:00,26504.94921875,26557.9921875,26452.009765625,26452.009765625,0
2026-06-15 10:30:00-04:00,26600.111328125,26604.75,26478.35546875,26511.337890625,1156443000
2026-06-15 11:30:00-04:00,26680.26953125,26681.98828125,26581.90625,26599.21484375,903825000
2026-06-15 12:30:00-04:00,26676.044921875,26687.4765625,26629.279296875,26681.548828125,783390000
2026-06-15 13:30:00-04:00,26645.44140625,26685.408203125,26633.943359375,26676.466796875,765476000
2026-06-15 14:30:00-04:00,26619.2265625,26675.953125,26612.990234375,26647.173828125,809910000
2026-06-15 15:30:00-04:00,26686.63671875,26686.63671875,26612.126953125,26617.16796875,712240000
2026-06-16 09:30:00-04:00,26595.640625,26786.89453125,26594.642578125,26646.978515625,0
2026-06-16 10:30:00-04:00,26562.1796875,26641.20703125,26534.1953125,26590.6875,1313225000
2026-06-16 11:30:00-04:00,26581.63671875,26605.8125,26472.880859375,26565.3203125,934706000
2026-06-16 12:30:00-04:00,26528.845703125,26582.15234375,26508.66015625,26581.98046875,768731000
2026-06-16 13:30:00-04:00,26538.806640625,26554.318359375,26477.5859375,26528.0234375,733215000
2026-06-16 14:30:00-04:00,26473.6484375,26542.3984375,26404.66796875,26539.44921875,879006000
2026-06-16 15:30:00-04:00,26380.849609375,26485.18359375,26371.111328125,26479.52734375,788500000
2026-06-17 09:30:00-04:00,26451.283203125,26509.400390625,26329.970703125,26493.212890625,0
2026-06-17 10:30:00-04:00,26328.57421875,26447.19921875,26261.38671875,26444.509765625,1406918000
2026-06-17 11:30:00-04:00,26416.236328125,26423.330078125,26322.14453125,26330.322265625,1082418000
2026-06-17 12:30:00-04:00,26386.56640625,26420.044921875,26320.9140625,26415.626953125,796559000
2026-06-17 13:30:00-04:00,26245.39453125,26429.3671875,26117.3359375,26384.56640625,903268000
2026-06-17 14:30:00-04:00,26106.759765625,26437.54296875,26098.3671875,26243.9140625,1120618000
2026-06-17 15:30:00-04:00,26027.205078125,26122.626953125,25961.681640625,26106.96484375,884951000
2026-06-18 09:30:00-04:00,26301.373046875,26428.369140625,26190.150390625,26420.6875,0
2026-06-18 10:30:00-04:00,26321.3828125,26404.46875,26271.3046875,26295.576171875,1485478000
2026-06-18 11:30:00-04:00,26391.572265625,26403.09375,26264.62109375,26326.34765625,1119969000
2026-06-18 12:30:00-04:00,26448.205078125,26471.361328125,26375.70703125,26391.587890625,941680000
2026-06-18 13:30:00-04:00,26427.75,26471.431640625,26422.08203125,26450.146484375,934943000
2026-06-18 14:30:00-04:00,26441.125,26451.744140625,26393.76953125,26427.5234375,977517000
2026-06-18 15:30:00-04:00,26508.8984375,26559.4921875,26421.89453125,26440.318359375,853029000
2026-06-22 09:30:00-04:00,26345.19921875,26557.951171875,26341.451171875,26486.021484375,0
2026-06-22 10:30:00-04:00,26220.59375,26337.703125,26156.45703125,26337.703125,1301094000
2026-06-22 11:30:00-04:00,26208.828125,26300.068359375,26164.796875,26223.220703125,980124000
2026-06-22 12:30:00-04:00,26207.947265625,26229.04296875,26166.783203125,26207.45703125,761751000
2026-06-22 13:30:00-04:00,26240.390625,26267.265625,26175.46484375,26207.8984375,712017000
2026-06-22 14:30:00-04:00,26156.158203125,26257.6328125,26151.37890625,26240.90625,1114710000
2026-06-22 15:30:00-04:00,26174.712890625,26183.01171875,26126.169921875,26154.109375,700503000
2026-06-23 09:30:00-04:00,25844.798828125,25881.435546875,25521.298828125,25549.38671875,1987453000
2026-06-23 10:30:00-04:00,25652.328125,25872.318359375,25646.953125,25851.5390625,1273540000
2026-06-23 11:30:00-04:00,25795.7109375,25805.251953125,25635.09375,25653.0625,2150575000
2026-06-23 12:30:00-04:00,25803.39453125,25816.51953125,25746.8203125,25795.259765625,1830957000
2026-06-23 13:30:00-04:00,25687.70703125,25822.9765625,25681.724609375,25802.48046875,1265737000
2026-06-23 14:30:00-04:00,25657.546875,25691.037109375,25576.236328125,25687.986328125,1206416000
2026-06-23 15:30:00-04:00,25589.01171875,25674.7578125,25589.01171875,25656.607421875,797927000
2026-06-24 09:30:00-04:00,25680.87109375,25743.48046875,25546.810546875,25591.765625,2496278000
2026-06-24 10:30:00-04:00,25797.78515625,25840.01953125,25678.08984375,25693.8359375,1325987000
2026-06-24 11:30:00-04:00,25754.931640625,25816.720703125,25729.4140625,25798.654296875,2500937000
2026-06-24 12:30:00-04:00,25489.197265625,25751.6015625,25485.58984375,25751.6015625,1653680000
2026-06-24 13:30:00-04:00,25548.8828125,25570.701171875,25448.17578125,25489.24609375,1224117000
2026-06-24 14:30:00-04:00,25425.98046875,25556.91015625,25355.455078125,25551.140625,1145035000
2026-06-24 15:30:00-04:00,25484.75390625,25484.75390625,25391.095703125,25428.81640625,790455000
2026-06-25 09:30:00-04:00,25363.404296875,25723.046875,25123.42578125,25713.873046875,0
2026-06-25 10:30:00-04:00,25336.833984375,25483.189453125,25235.8515625,25358.556640625,1114117000
2026-06-25 11:30:00-04:00,25375.869140625,25466.66796875,25342.46875,25342.46875,776050000
2026-06-25 12:30:00-04:00,25370.21484375,25408.345703125,25258.818359375,25376.107421875,661054000
2026-06-25 13:30:00-04:00,25480.255859375,25484.96484375,25294.87890625,25371.08203125,651434000
2026-06-25 14:30:00-04:00,25322.607421875,25480.212890625,25292.056640625,25480.212890625,732626000
2026-06-25 15:30:00-04:00,25356.56640625,25356.56640625,25280.005859375,25320.03515625,676915000
2026-06-26 09:30:00-04:00,25328.75,25368.232421875,25015.38671875,25088.400390625,0
2026-06-26 10:30:00-04:00,25401.1640625,25401.1640625,25248.99609375,25333.91015625,1167833000
2026-06-26 11:30:00-04:00,25363.20703125,25490.279296875,25327.447265625,25408.294921875,924888000
2026-06-26 12:30:00-04:00,25423.53515625,25470.189453125,25365.85546875,25365.85546875,763306000
2026-06-26 13:30:00-04:00,25310.125,25448.89453125,25303.3359375,25425.51953125,720667000
2026-06-26 14:30:00-04:00,25281.873046875,25345.4375,25246.75390625,25310.16015625,856494000
2026-06-26 15:30:00-04:00,25206.568359375,25384.986328125,25206.568359375,25281.876953125,806298000
2026-06-29 09:30:00-04:00,25502.517578125,25693.31640625,25289.763671875,25497.01171875,0
2026-06-29 10:30:00-04:00,25625.453125,25625.98828125,25492.025390625,25497.541015625,1018377000
2026-06-29 11:30:00-04:00,25634.537109375,25677.78125,25601.552734375,25631.28125,797854000
2026-06-29 12:30:00-04:00,25759.6328125,25760.384765625,25614.998046875,25638.751953125,688592000
2026-06-29 13:30:00-04:00,25743.50390625,25782.865234375,25743.15234375,25759.880859375,657262000
2026-06-29 14:30:00-04:00,25800.951171875,25824.970703125,25745.216796875,25745.216796875,766733000
2026-06-29 15:30:00-04:00,25815.138671875,25830.80078125,25782.943359375,25800.9296875,689641000
2026-06-30 09:30:00-04:00,26065.466796875,26073.224609375,25814.27734375,25821.71875,0
2026-06-30 10:30:00-04:00,26101.294921875,26102.34375,25985.521484375,26063.43359375,1045530000
2026-06-30 11:30:00-04:00,26143.15234375,26158.91796875,26082.04296875,26100.01171875,805293000
2026-06-30 12:30:00-04:00,26159.12109375,26193.900390625,26139.548828125,26142.986328125,733028000
2026-06-30 13:30:00-04:00,26170.822265625,26194.697265625,26150.1484375,26161.484375,674060000
2026-06-30 14:30:00-04:00,26218.826171875,26231.19140625,26158.986328125,26171.39453125,783890000
2026-06-30 15:30:00-04:00,26203.181640625,26252.125,26184.71875,26219.134765625,710231000
2026-07-01 09:30:00-04:00,26129.908203125,26145.337890625,25956.220703125,26040.66015625,0
2026-07-01 10:30:00-04:00,26235.375,26236.318359375,26044.966796875,26131.72265625,1059374000
2026-07-01 11:30:00-04:00,26150.173828125,26235.109375,26127.224609375,26235.109375,782317000
2026-07-01 12:30:00-04:00,26159.140625,26182.32421875,26100.705078125,26150.4765625,652396000
2026-07-01 13:30:00-04:00,26119.908203125,26167.736328125,26107.158203125,26157.7109375,683710000
2026-07-01 14:30:00-04:00,26124.62890625,26155.02734375,26072.927734375,26117.908203125,717171000
2026-07-01 15:30:00-04:00,26049.15625,26150.880859375,26022.146484375,26127.001953125,698639000
2026-07-02 09:30:00-04:00,26060.0078125,26260.421875,26028.79296875,26047.083984375,1566840262
2026-07-02 10:30:00-04:00,25853.21484375,26103.681640625,25822.189453125,26051.193359375,1170084000
2026-07-02 11:30:00-04:00,25778.3828125,25953.162109375,25775.228515625,25850.400390625,770177000
2026-07-02 12:30:00-04:00,25701.24609375,25780.515625,25651.9453125,25778.337890625,712741000
2026-07-02 13:30:00-04:00,25749.94140625,25761.95703125,25631.638671875,25700.736328125,676427000
2026-07-02 14:30:00-04:00,25715.65234375,25775.4453125,25668.6328125,25747.625,724380000
2026-07-02 15:30:00-04:00,25818.466796875,25846.798828125,25712.619140625,25713.20703125,627089000
2026-07-06 09:30:00-04:00,26124.052734375,26129.515625,25963.66015625,26011.912109375,0
2026-07-06 10:30:00-04:00,26163.193359375,26163.193359375,26089.65625,26121.85546875,786325000
2026-07-06 11:30:00-04:00,26165.37890625,26209.267578125,26154.458984375,26164.78515625,634817000
2026-07-06 12:30:00-04:00,26128.8515625,26183.20703125,26126.00390625,26165.478515625,580801000
2026-07-06 13:30:00-04:00,26126.05859375,26141.78125,26054.314453125,26127.787109375,529438000
2026-07-06 14:30:00-04:00,26177.6953125,26186.35546875,26116.03125,26126.00390625,567466000
2026-07-06 15:30:00-04:00,26125.30859375,26181.26953125,26116.12109375,26177.837890625,593661000
2026-07-07 09:30:00-04:00,25748.44921875,26007.205078125,25714.171875,25965.521484375,0
2026-07-07 10:30:00-04:00,25764.498046875,25783.208984375,25686.06640625,25756.359375,895766000
2026-07-07 11:30:00-04:00,25940.564453125,25945.625,25722.681640625,25768.9765625,718819000
2026-07-07 12:30:00-04:00,25940.796875,25972.2421875,25911.7265625,25939.947265625,574211000
2026-07-07 13:30:00-04:00,25937.10546875,25972.982421875,25934.404296875,25943.646484375,520174000
2026-07-07 14:30:00-04:00,25782.05078125,25942.1484375,25752.08984375,25938.30078125,726051000
2026-07-07 15:30:00-04:00,25819.58984375,25819.58984375,25760.439453125,25784.6015625,635748000
2026-07-08 09:30:00-04:00,25704.318359375,25791.19140625,25674.876953125,25706.23046875,0
2026-07-08 10:30:00-04:00,25548.04296875,25719.7109375,25531.69921875,25710.771484375,841105000
2026-07-08 11:30:00-04:00,25708.654296875,25717.419921875,25526.806640625,25553.8671875,698901000
2026-07-08 12:30:00-04:00,25845.796875,25847.4375,25679.4921875,25703.623046875,568821000
2026-07-08 13:30:00-04:00,25778.994140625,25856.791015625,25748.71484375,25846.70703125,574460000
2026-07-08 14:30:00-04:00,25828.68359375,25836.73828125,25763.607421875,25778.244140625,635070000
2026-07-08 15:30:00-04:00,25868.28515625,25895.91796875,25796.67578125,25830.677734375,623395000
2026-07-09 09:30:00-04:00,25948.986328125,26063.078125,25826.666015625,25920.697265625,0
2026-07-09 10:30:00-04:00,26070.228515625,26079.64453125,25904.109375,25950.564453125,767951000
2026-07-09 11:30:00-04:00,26094.53125,26109.5859375,26052.96875,26071.255859375,611907000
2026-07-09 12:30:00-04:00,26183.845703125,26184.607421875,26080.857421875,26097.041015625,492696000
2026-07-09 13:30:00-04:00,26186.505859375,26201.96484375,26169.40625,26183.40234375,527727000
2026-07-09 14:30:00-04:00,26189.755859375,26208.169921875,26161.427734375,26187.994140625,601223000
2026-07-09 15:30:00-04:00,26203.48046875,26215.732421875,26177.0625,26190.12890625,606462000
2026-07-10 09:30:00-04:00,26184.65234375,26258.171875,26142.111328125,26174.240234375,0
2026-07-10 10:30:00-04:00,26221.099609375,26227.943359375,26012.0546875,26181.4921875,833115000
2026-07-10 11:30:00-04:00,26251.314453125,26265.13671875,26130.99609375,26224.876953125,578168000
2026-07-10 12:30:00-04:00,26269.529296875,26282.96484375,26238.837890625,26253.54296875,467334000
2026-07-10 13:30:00-04:00,26284.6171875,26291.681640625,26261.52734375,26271.8984375,422242000
2026-07-10 14:30:00-04:00,26285.3203125,26298.826171875,26268.6640625,26284.947265625,500740000
2026-07-10 15:30:00-04:00,26278.69921875,26301.150390625,26273.046875,26286.5390625,509928000
2026-07-13 09:30:00-04:00,26076.41796875,26136.560546875,25938.81640625,26094.5546875,0
2026-07-13 10:30:00-04:00,26069.94140625,26104.240234375,25995.08984375,26079.072265625,673501000
2026-07-13 11:30:00-04:00,25966.943359375,26077.3984375,25953.908203125,26069.103515625,744302000
2026-07-13 12:30:00-04:00,25920.599609375,25970.90625,25892.033203125,25958.640625,627293000
2026-07-13 13:30:00-04:00,25887.00390625,25929.6875,25878.16796875,25923.697265625,589511000
2026-07-13 14:30:00-04:00,25838.111328125,25924.900390625,25834.314453125,25885.20703125,619903000
2026-07-13 15:30:00-04:00,25878.7890625,25893.931640625,25822.126953125,25839.388671875,597714000
2026-07-14 09:30:00-04:00,26002.142578125,26062.42578125,25914.388671875,26011.802734375,0
2026-07-14 10:30:00-04:00,26156.841796875,26158.296875,25987.71875,26001.2890625,758553000
2026-07-14 11:30:00-04:00,26083.845703125,26160.787109375,26032.6171875,26156.966796875,567412000
2026-07-14 12:30:00-04:00,26146.279296875,26153.64453125,26068.013671875,26083.9375,573845000
2026-07-14 13:30:00-04:00,26155.4296875,26168.5078125,26128.2421875,26147.806640625,535326000
2026-07-14 14:30:00-04:00,26126.494140625,26168.8046875,26115.544921875,26155.658203125,601877000
2026-07-14 15:30:00-04:00,26106.806640625,26141.775390625,26104.255859375,26112.37890625,556476000
2026-07-15 09:30:00-04:00,26240.1796875,26315.39453125,26172.68359375,26261.470703125,0
2026-07-15 10:30:00-04:00,26211.05859375,26250.138671875,26132.0,26242.59765625,798030000
2026-07-15 11:30:00-04:00,26095.623046875,26225.13671875,26071.73046875,26210.91796875,695109000
2026-07-15 12:30:00-04:00,26182.6640625,26183.21875,26045.02734375,26099.08984375,603460000
2026-07-15 13:30:00-04:00,26270.681640625,26287.4453125,26182.58203125,26182.58203125,546421000
2026-07-15 14:30:00-04:00,26206.951171875,26279.048828125,26179.53515625,26271.517578125,612269000
2026-07-15 15:30:00-04:00,26263.046875,26273.748046875,26191.796875,26212.380859375,554404000
2026-07-16 09:30:00-04:00,26152.787109375,26158.1484375,25970.482421875,26147.001953125,0
2026-07-16 10:30:00-04:00,26087.537109375,26162.2734375,26032.42578125,26147.78125,843142000
2026-07-16 11:30:00-04:00,26014.068359375,26128.3984375,25982.546875,26086.94140625,785747000
2026-07-16 12:30:00-04:00,26046.533203125,26060.708984375,25994.759765625,26020.51953125,716481000
2026-07-16 13:30:00-04:00,25946.025390625,26052.056640625,25923.41796875,26047.123046875,674174000
2026-07-16 14:30:00-04:00,25843.029296875,25944.970703125,25820.94921875,25944.970703125,705252000
2026-07-16 15:30:00-04:00,25889.14453125,25889.14453125,25765.453125,25840.146484375,682818000
2026-07-17 09:30:00-04:00,25551.59375,25601.236328125,25250.62890625,25415.193359375,0
2026-07-17 10:30:00-04:00,25515.90625,25600.375,25443.265625,25556.875,736526000
2026-07-17 11:30:00-04:00,25606.34765625,25627.31640625,25482.9140625,25508.505859375,729882000
2026-07-17 12:30:00-04:00,25698.056640625,25702.48046875,25583.85546875,25603.439453125,608189000
2026-07-17 13:30:00-04:00,25554.603515625,25702.8203125,25537.15234375,25698.388671875,560543000
2026-07-17 14:30:00-04:00,25521.646484375,25590.23828125,25465.447265625,25555.64453125,617305000
2026-07-17 15:30:00-04:00,25519.482421875,25577.25,25491.20703125,25530.875,602059000
2026-07-20 09:30:00-04:00,25679.65625,25815.599609375,25600.318359375,25725.896484375,0
2026-07-20 10:30:00-04:00,25690.19921875,25697.642578125,25581.46875,25683.642578125,705326000
2026-07-20 11:30:00-04:00,25738.845703125,25762.189453125,25661.236328125,25692.50390625,623533000
2026-07-20 12:30:00-04:00,25629.208984375,25751.45703125,25593.046875,25740.193359375,556794000
2026-07-20 13:30:00-04:00,25635.654296875,25681.1328125,25595.25,25629.876953125,542625000
2026-07-20 14:30:00-04:00,25565.759765625,25634.41015625,25522.802734375,25634.41015625,615562000
2026-07-20 15:30:00-04:00,25510.265625,25592.369140625,25502.599609375,25565.587890625,608823000
2026-07-21 09:30:00-04:00,25781.923828125,25791.634765625,25672.828125,25771.22265625,0
2026-07-21 10:30:00-04:00,25844.607421875,25854.859375,25745.345703125,25782.953125,782840000
2026-07-21 11:30:00-04:00,25838.775390625,25856.658203125,25815.853515625,25845.091796875,715101000
2026-07-21 12:30:00-04:00,25855.20703125,25874.24609375,25830.623046875,25837.9609375,671161000
2026-07-21 13:30:00-04:00,25847.33203125,25880.34375,25842.23828125,25855.45703125,641200000
2026-07-21 14:30:00-04:00,25823.57421875,25868.66015625,25823.57421875,25848.408203125,704902000
2026-07-21 15:30:00-04:00,25829.607421875,25856.68359375,25824.6328125,25825.169921875,632415000
2026-07-22 09:30:00-04:00,25711.056640625,25801.80078125,25681.32421875,25692.11328125,0
2026-07-22 10:30:00-04:00,25829.548828125,25840.38671875,25689.35546875,25718.591796875,769813000
2026-07-22 11:30:00-04:00,25821.541015625,25840.86328125,25793.65625,25831.900390625,844434000
2026-07-22 12:30:00-04:00,25799.517578125,25835.59765625,25791.65625,25821.455078125,648477000
2026-07-22 13:30:00-04:00,25750.791015625,25811.857421875,25737.166015625,25798.431640625,616226000
2026-07-22 14:30:00-04:00,25751.31640625,25764.185546875,25729.189453125,25750.201171875,611932000
2026-07-22 15:30:00-04:00,25694.271484375,25752.013671875,25694.271484375,25749.26171875,605240000
2026-07-23 09:30:00-04:00,25201.453125,25356.333984375,25168.65625,25240.646484375,0
2026-07-23 10:30:00-04:00,24978.416015625,25226.46484375,24966.9609375,25205.3125,871757000
2026-07-23 11:30:00-04:00,25190.587890625,25197.990234375,24957.013671875,24980.96875,682101000
2026-07-23 12:30:00-04:00,25170.21484375,25201.47265625,25121.5859375,25192.66015625,524109000
2026-07-23 13:30:00-04:00,25101.28125,25169.185546875,25081.62890625,25168.43359375,476576000
2026-07-23 14:30:00-04:00,25092.984375,25115.966796875,25045.158203125,25102.193359375,541794000
2026-07-23 15:30:00-04:00,25138.5703125,25147.349609375,25031.029296875,25094.5390625,616613000
2026-07-24 09:30:00-04:00,25022.892578125,25161.37890625,24959.998046875,25101.0234375,0
2026-07-24 10:30:00-04:00,25137.1328125,25164.77734375,24920.2578125,25011.595703125,821949000
2026-07-24 11:30:00-04:00,25186.931640625,25221.6484375,25125.865234375,25137.517578125,662624000
2026-07-24 12:30:00-04:00,25138.6875,25185.810546875,25073.673828125,25185.810546875,578747000
2026-07-24 13:30:00-04:00,25008.69921875,25161.326171875,25008.65625,25140.490234375,502378000
2026-07-24 14:30:00-04:00,24940.232421875,25013.748046875,24922.111328125,25009.3203125,678264000
2026-07-24 15:30:00-04:00,24981.705078125,24981.705078125,24930.091796875,24944.67578125,618956000
2026-07-27 09:30:00-04:00,24885.9140625,25260.26953125,24885.9140625,25239.263671875,0
2026-07-27 10:30:00-04:00,24905.85546875,24990.248046875,24775.81640625,24898.240234375,913510000
2026-07-27 11:30:00-04:00,24931.46484375,24962.6796875,24819.84375,24902.4453125,718583000
2026-07-27 12:30:00-04:00,24808.453125,24962.28125,24797.78125,24931.322265625,564846000
2026-07-27 13:30:00-04:00,24860.64453125,24890.146484375,24807.095703125,24807.095703125,470373000
2026-07-27 14:30:00-04:00,24974.2421875,24974.2421875,24817.115234375,24860.056640625,586707000
2026-07-27 15:30:00-04:00,24926.109375,24986.31640625,24917.439453125,24973.837890625,567136000
2026-07-28 09:30:00-04:00,24656.646484375,24828.044921875,24582.060546875,24828.044921875,0
2026-07-28 10:30:00-04:00,24904.875,24934.80859375,24635.263671875,24659.951171875,987255000
2026-07-28 11:30:00-04:00,24920.89453125,24977.63671875,24894.451171875,24903.955078125,762190000
2026-07-28 12:30:00-04:00,24930.580078125,24984.318359375,24891.484375,24914.60546875,600903000
2026-07-28 13:30:00-04:00,24878.412109375,24957.171875,24869.0703125,24929.431640625,554684000
2026-07-28 14:30:00-04:00,24933.94921875,24945.9375,24872.87109375,24879.1875,670865000
2026-07-28 15:30:00-04:00,24874.451171875,24938.419921875,24874.451171875,24934.939453125,650714000
