Date,Open,High,Low,Close,Volume
2024-08-28 00:00:00-04:00,2544.800048828125,2552.89990234375,2537.89990234375,2550.89990234375,22977
2024-08-28 04:00:00-04:00,2536.0,2546.0,2535.199951171875,2544.800048828125,23022
2024-08-28 08:00:00-04:00,2540.800048828125,2545.5,2527.800048828125,2536.199951171875,59820
2024-08-28 12:00:00-04:00,2542.0,2544.0,2530.800048828125,2540.800048828125,26484
2024-08-28 16:00:00-04:00,2541.300048828125,2543.10009765625,2537.300048828125,2542.10009765625,3977
2024-08-28 20:00:00-04:00,2549.89990234375,2549.89990234375,2541.199951171875,2541.300048828125,10428
2024-08-29 00:00:00-04:00,2552.199951171875,2554.5,2546.89990234375,2549.699951171875,18405
2024-08-29 04:00:00-04:00,2553.300048828125,2557.800048828125,2548.199951171875,2552.300048828125,24981
2024-08-29 08:00:00-04:00,2556.10009765625,2559.10009765625,2536.5,2553.199951171875,65190
2024-08-29 12:00:00-04:00,2554.39990234375,2562.199951171875,2550.60009765625,2556.10009765625,29900
2024-08-29 16:00:00-04:00,2552.60009765625,2555.60009765625,2551.89990234375,2554.5,2906
2024-08-29 20:00:00-04:00,2547.10009765625,2553.60009765625,2545.800048828125,2552.60009765625,13687
2024-08-30 00:00:00-04:00,2552.5,2557.60009765625,2545.699951171875,2546.89990234375,24016
2024-08-30 04:00:00-04:00,2552.699951171875,2560.10009765625,2548.10009765625,2552.5,23613
2024-08-30 08:00:00-04:00,2535.300048828125,2558.10009765625,2533.0,2552.60009765625,63009
2024-08-30 12:00:00-04:00,2534.699951171875,2538.800048828125,2526.60009765625,2535.199951171875,38767
2024-08-30 16:00:00-04:00,2535.89990234375,2536.10009765625,2534.39990234375,2534.800048828125,2276
2024-09-01 16:00:00-04:00,2535.10009765625,2536.800048828125,2531.60009765625,2536.0,3349
2024-09-01 20:00:00-04:00,2528.39990234375,2537.199951171875,2522.10009765625,2535.10009765625,13782
2024-09-03 00:00:00-04:00,2532.89990234375,2534.0,2524.39990234375,2526.39990234375,18699
2024-09-03 04:00:00-04:00,2521.5,2538.5,2516.300048828125,2533.0,40452
2024-09-03 08:00:00-04:00,2520.0,2534.199951171875,2504.39990234375,2521.199951171875,99747
2024-09-03 12:00:00-04:00,2523.60009765625,2525.89990234375,2515.300048828125,2520.10009765625,19474
2024-09-03 16:00:00-04:00,2524.699951171875,2526.199951171875,2522.89990234375,2523.5,2521
2024-09-03 20:00:00-04:00,2526.60009765625,2528.39990234375,2522.39990234375,2524.699951171875,9728
2024-09-04 00:00:00-04:00,2513.199951171875,2528.0,2512.800048828125,2526.39990234375,17141
2024-09-04 04:00:00-04:00,2520.199951171875,2522.300048828125,2502.699951171875,2513.10009765625,37793
2024-09-04 08:00:00-04:00,2525.199951171875,2531.5,2512.800048828125,2520.199951171875,69864
2024-09-04 12:00:00-04:00,2524.300048828125,2529.300048828125,2522.5,2525.10009765625,20934
2024-09-04 16:00:00-04:00,2526.0,2528.0,2523.800048828125,2524.199951171875,3393
2024-09-04 20:00:00-04:00,2524.800048828125,2529.60009765625,2524.5,2526.0,7799
2024-09-05 00:00:00-04:00,2536.5,2537.39990234375,2523.699951171875,2524.699951171875,19079
2024-09-05 04:00:00-04:00,2545.39990234375,2548.699951171875,2536.10009765625,2536.5,28886
2024-09-05 08:00:00-04:00,2537.39990234375,2554.0,2533.699951171875,2545.5,69619
2024-09-05 12:00:00-04:00,2545.199951171875,2547.39990234375,2536.300048828125,2537.39990234375,17004
2024-09-05 16:00:00-04:00,2547.199951171875,2547.89990234375,2545.10009765625,2545.300048828125,2904
2024-09-05 20:00:00-04:00,2547.699951171875,2548.199951171875,2542.800048828125,2547.300048828125,7019
2024-09-06 00:00:00-04:00,2546.5,2551.89990234375,2546.39990234375,2547.89990234375,13801
2024-09-06 04:00:00-04:00,2546.199951171875,2550.300048828125,2544.60009765625,2546.5,13051
2024-09-06 08:00:00-04:00,2534.89990234375,2559.800048828125,2529.89990234375,2546.10009765625,125293
2024-09-06 12:00:00-04:00,2525.39990234375,2535.39990234375,2513.89990234375,2534.800048828125,56037
2024-09-06 16:00:00-04:00,2526.800048828125,2527.300048828125,2524.199951171875,2525.199951171875,2026
2024-09-08 16:00:00-04:00,2526.0,2527.5,2524.60009765625,2526.5,4649
2024-09-08 20:00:00-04:00,2528.199951171875,2529.5,2523.699951171875,2526.10009765625,11324
2024-09-09 00:00:00-04:00,2523.5,2528.5,2514.199951171875,2528.10009765625,25671
2024-09-09 04:00:00-04:00,2526.39990234375,2528.300048828125,2519.199951171875,2523.5,23139
2024-09-09 08:00:00-04:00,2528.300048828125,2534.699951171875,2522.199951171875,2526.5,45380
2024-09-09 12:00:00-04:00,2535.10009765625,2535.800048828125,2528.39990234375,2529.0,24353
2024-09-09 16:00:00-04:00,2535.60009765625,2536.5,2534.39990234375,2535.10009765625,3680
2024-09-09 20:00:00-04:00,2531.300048828125,2536.300048828125,2530.39990234375,2535.699951171875,7729
2024-09-10 00:00:00-04:00,2531.800048828125,2536.199951171875,2529.60009765625,2531.39990234375,14129
2024-09-10 04:00:00-04:00,2533.5,2538.699951171875,2528.89990234375,2531.699951171875,30489
2024-09-10 08:00:00-04:00,2541.60009765625,2547.5,2529.699951171875,2533.5,62469
2024-09-10 12:00:00-04:00,2546.300048828125,2546.5,2539.60009765625,2541.699951171875,31471
2024-09-10 16:00:00-04:00,2547.60009765625,2547.800048828125,2544.89990234375,2546.39990234375,3361
2024-09-10 20:00:00-04:00,2548.199951171875,2552.0,2543.60009765625,2547.5,13729
2024-09-11 00:00:00-04:00,2550.60009765625,2558.0,2547.300048828125,2548.300048828125,24518
2024-09-11 04:00:00-04:00,2551.0,2556.199951171875,2548.800048828125,2550.60009765625,23103
2024-09-11 08:00:00-04:00,2543.60009765625,2553.5,2530.699951171875,2551.0,89781
2024-09-11 12:00:00-04:00,2541.5,2549.0,2538.300048828125,2543.5,33743
2024-09-11 16:00:00-04:00,2539.60009765625,2542.39990234375,2539.5,2541.60009765625,2629
2024-09-11 20:00:00-04:00,2543.60009765625,2543.89990234375,2538.699951171875,2539.60009765625,5959
2024-09-12 00:00:00-04:00,2543.800048828125,2550.0,2542.199951171875,2543.800048828125,13408
2024-09-12 04:00:00-04:00,2547.39990234375,2549.0,2540.89990234375,2543.800048828125,27415
2024-09-12 08:00:00-04:00,2581.699951171875,2583.60009765625,2546.5,2547.60009765625,127938
2024-09-12 12:00:00-04:00,2586.199951171875,2587.699951171875,2573.39990234375,2581.800048828125,42038
2024-09-12 16:00:00-04:00,2586.800048828125,2588.5,2585.0,2586.199951171875,5523
2024-09-12 20:00:00-04:00,2595.800048828125,2598.300048828125,2585.10009765625,2586.800048828125,18168
2024-09-13 00:00:00-04:00,2597.699951171875,2599.199951171875,2591.39990234375,2596.10009765625,20321
2024-09-13 04:00:00-04:00,2595.0,2601.0,2591.39990234375,2597.800048828125,23997
2024-09-13 08:00:00-04:00,2610.300048828125,2611.699951171875,2593.800048828125,2595.199951171875,64620
2024-09-13 12:00:00-04:00,2611.0,2614.39990234375,2606.800048828125,2610.39990234375,29096
2024-09-13 16:00:00-04:00,2606.199951171875,2611.199951171875,2605.699951171875,2610.800048828125,3150
2024-09-15 16:00:00-04:00,2607.0,2608.699951171875,2605.5,2608.0,4651
2024-09-15 20:00:00-04:00,2614.199951171875,2616.60009765625,2606.800048828125,2606.89990234375,9480
2024-09-16 00:00:00-04:00,2609.800048828125,2617.39990234375,2607.199951171875,2614.199951171875,17396
2024-09-16 04:00:00-04:00,2610.5,2616.199951171875,2602.5,2609.89990234375,23916
2024-09-16 08:00:00-04:00,2607.39990234375,2616.800048828125,2603.699951171875,2610.60009765625,46074
2024-09-16 12:00:00-04:00,2609.89990234375,2611.699951171875,2607.10009765625,2607.5,15145
2024-09-16 16:00:00-04:00,2610.800048828125,2611.0,2609.199951171875,2609.89990234375,2297
2024-09-16 20:00:00-04:00,2604.199951171875,2613.39990234375,2604.10009765625,2610.699951171875,11649
2024-09-17 00:00:00-04:00,2610.699951171875,2613.699951171875,2601.199951171875,2604.39990234375,16453
2024-09-17 04:00:00-04:00,2606.89990234375,2611.0,2596.89990234375,2610.699951171875,33211
2024-09-17 08:00:00-04:00,2592.39990234375,2609.5,2588.39990234375,2607.10009765625,62349
2024-09-17 12:00:00-04:00,2595.39990234375,2598.39990234375,2587.300048828125,2590.39990234375,25800
2024-09-17 16:00:00-04:00,2600.300048828125,2600.60009765625,2594.89990234375,2595.39990234375,3184
2024-09-17 20:00:00-04:00,2602.0,2602.89990234375,2596.39990234375,2600.199951171875,12870
2024-09-18 00:00:00-04:00,2597.800048828125,2602.800048828125,2591.89990234375,2602.199951171875,15377
2024-09-18 04:00:00-04:00,2604.0,2607.300048828125,2594.300048828125,2597.89990234375,20636
2024-09-18 08:00:00-04:00,2596.5,2605.39990234375,2594.5,2604.10009765625,33909
2024-09-18 12:00:00-04:00,2575.0,2627.199951171875,2572.5,2597.10009765625,134492
2024-09-18 16:00:00-04:00,2584.10009765625,2586.699951171875,2574.199951171875,2574.800048828125,9223
2024-09-18 20:00:00-04:00,2588.89990234375,2591.199951171875,2575.300048828125,2584.199951171875,21376
2024-09-19 00:00:00-04:00,2609.800048828125,2610.0,2584.0,2588.800048828125,32514
2024-09-19 04:00:00-04:00,2614.699951171875,2620.5,2606.39990234375,2609.89990234375,35607
2024-09-19 08:00:00-04:00,2614.60009765625,2616.5,2594.300048828125,2614.60009765625,73601
2024-09-19 12:00:00-04:00,2613.300048828125,2618.199951171875,2610.800048828125,2614.800048828125,26268
2024-09-19 16:00:00-04:00,2611.800048828125,2614.60009765625,2610.89990234375,2613.89990234375,3535
2024-09-19 20:00:00-04:00,2616.89990234375,2618.699951171875,2608.699951171875,2611.800048828125,12703
2024-09-20 00:00:00-04:00,2632.300048828125,2635.10009765625,2616.5,2616.5,30922
2024-09-20 04:00:00-04:00,2639.10009765625,2640.699951171875,2627.39990234375,2632.300048828125,29678
2024-09-20 08:00:00-04:00,2648.300048828125,2648.60009765625,2627.5,2639.0,85258
2024-09-20 12:00:00-04:00,2646.10009765625,2651.0,2642.89990234375,2648.300048828125,34821
2024-09-20 16:00:00-04:00,2647.10009765625,2647.699951171875,2644.0,2646.10009765625,2659
2024-09-22 16:00:00-04:00,2644.800048828125,2647.800048828125,2643.10009765625,2646.199951171875,2498
2024-09-22 20:00:00-04:00,2653.0,2655.89990234375,2640.699951171875,2644.60009765625,17226
2024-09-23 00:00:00-04:00,2640.0,2656.10009765625,2638.60009765625,2653.10009765625,21509
2024-09-23 04:00:00-04:00,2649.0,2650.5,2639.5,2639.89990234375,24387
2024-09-23 08:00:00-04:00,2654.10009765625,2659.800048828125,2644.5,2648.89990234375,66240
2024-09-23 12:00:00-04:00,2651.0,2655.699951171875,2650.39990234375,2654.0,26642
2024-09-23 16:00:00-04:00,2651.10009765625,2653.800048828125,2650.5,2651.10009765625,2368
2024-09-23 20:00:00-04:00,2659.10009765625,2660.89990234375,2648.5,2651.0,15247
2024-09-24 00:00:00-04:00,2653.60009765625,2664.60009765625,2647.10009765625,2658.800048828125,32196
2024-09-24 04:00:00-04:00,2651.10009765625,2661.0,2647.89990234375,2653.5,29114
2024-09-24 08:00:00-04:00,2667.800048828125,2673.699951171875,2648.0,2651.10009765625,75455
2024-09-24 12:00:00-04:00,2687.699951171875,2689.39990234375,2667.10009765625,2667.89990234375,48064
2024-09-24 16:00:00-04:00,2682.89990234375,2688.800048828125,2681.300048828125,2687.699951171875,7058
2024-09-24 20:00:00-04:00,2685.5,2694.89990234375,2679.800048828125,2682.89990234375,22985
2024-09-25 00:00:00-04:00,2681.10009765625,2686.199951171875,2674.199951171875,2685.89990234375,22321
2024-09-25 04:00:00-04:00,2681.699951171875,2682.89990234375,2677.0,2681.199951171875,19504
2024-09-25 08:00:00-04:00,2682.10009765625,2691.89990234375,2678.0,2681.5,67384
2024-09-25 12:00:00-04:00,2683.800048828125,2687.300048828125,2673.39990234375,2682.199951171875,43259
2024-09-25 16:00:00-04:00,2679.800048828125,2684.300048828125,2679.60009765625,2683.89990234375,4845
2024-09-25 20:00:00-04:00,2685.300048828125,2685.699951171875,2678.5,2679.89990234375,12602
2024-09-26 00:00:00-04:00,2687.60009765625,2690.0,2681.10009765625,2685.699951171875,17432
2024-09-26 04:00:00-04:00,2705.89990234375,2708.699951171875,2687.60009765625,2687.699951171875,41769
2024-09-26 08:00:00-04:00,2694.199951171875,2707.300048828125,2677.5,2706.0,102366
2024-09-26 12:00:00-04:00,2696.60009765625,2700.89990234375,2685.89990234375,2694.199951171875,29262
2024-09-26 16:00:00-04:00,2694.89990234375,2696.89990234375,2693.699951171875,2696.60009765625,2351
2024-09-26 20:00:00-04:00,2696.10009765625,2696.39990234375,2688.5,2694.89990234375,11851
2024-09-27 00:00:00-04:00,2687.10009765625,2696.300048828125,2683.199951171875,2696.199951171875,22142
2024-09-27 04:00:00-04:00,2688.39990234375,2691.60009765625,2680.60009765625,2687.0,21580
2024-09-27 08:00:00-04:00,2672.0,2696.5,2666.300048828125,2688.39990234375,86801
2024-09-27 12:00:00-04:00,2674.5,2678.5,2665.300048828125,2672.0,37318
2024-09-27 16:00:00-04:00,2680.800048828125,2682.699951171875,2673.60009765625,2674.300048828125,3759
2024-09-29 16:00:00-04:00,2685.300048828125,2686.800048828125,2679.300048828125,2680.5,5591
2024-09-29 20:00:00-04:00,2675.0,2687.699951171875,2668.800048828125,2685.39990234375,17020
2024-09-30 00:00:00-04:00,2672.60009765625,2682.39990234375,2672.300048828125,2675.0,16499
2024-09-30 04:00:00-04:00,2663.199951171875,2678.39990234375,2655.800048828125,2672.60009765625,30733
2024-09-30 08:00:00-04:00,2655.800048828125,2666.0,2650.199951171875,2663.39990234375,50026
2024-09-30 12:00:00-04:00,2652.800048828125,2663.39990234375,2646.199951171875,2656.10009765625,34799
2024-09-30 16:00:00-04:00,2657.199951171875,2657.800048828125,2652.60009765625,2652.89990234375,3339
2024-09-30 20:00:00-04:00,2659.300048828125,2661.5,2655.39990234375,2657.300048828125,7584
2024-10-01 00:00:00-04:00,2667.0,2668.89990234375,2658.699951171875,2659.199951171875,15977
2024-10-01 04:00:00-04:00,2671.800048828125,2673.60009765625,2663.800048828125,2667.10009765625,18959
2024-10-01 08:00:00-04:00,2685.10009765625,2694.0,2669.5,2671.800048828125,97876
2024-10-01 12:00:00-04:00,2679.89990234375,2694.699951171875,2678.89990234375,2685.0,50038
2024-10-01 16:00:00-04:00,2681.199951171875,2685.300048828125,2679.199951171875,2679.89990234375,3472
2024-10-01 20:00:00-04:00,2676.5,2683.199951171875,2676.0,2681.199951171875,9380
2024-10-02 00:00:00-04:00,2676.5,2677.5,2665.39990234375,2676.199951171875,18026
2024-10-02 04:00:00-04:00,2670.60009765625,2676.89990234375,2669.10009765625,2676.60009765625,16724
2024-10-02 08:00:00-04:00,2671.300048828125,2684.800048828125,2662.10009765625,2670.699951171875,58395
2024-10-02 12:00:00-04:00,2679.800048828125,2680.10009765625,2668.39990234375,2671.199951171875,18565
2024-10-02 16:00:00-04:00,2680.300048828125,2681.39990234375,2678.800048828125,2679.800048828125,3137
2024-10-02 20:00:00-04:00,2676.60009765625,2683.39990234375,2673.699951171875,2680.39990234375,9267
2024-10-03 00:00:00-04:00,2665.5,2677.89990234375,2663.699951171875,2676.199951171875,14591
2024-10-03 04:00:00-04:00,2668.300048828125,2669.300048828125,2660.800048828125,2665.39990234375,19334
2024-10-03 08:00:00-04:00,2668.89990234375,2675.89990234375,2657.800048828125,2668.300048828125,61578
2024-10-03 12:00:00-04:00,2677.89990234375,2682.39990234375,2668.699951171875,2669.199951171875,25743
2024-10-03 16:00:00-04:00,2675.39990234375,2678.0,2673.89990234375,2677.89990234375,2195
2024-10-03 20:00:00-04:00,2680.89990234375,2683.60009765625,2675.10009765625,2675.5,6993
2024-10-04 00:00:00-04:00,2681.0,2687.699951171875,2678.60009765625,2680.800048828125,11786
2024-10-04 04:00:00-04:00,2681.39990234375,2682.60009765625,2676.60009765625,2681.10009765625,12284
2024-10-04 08:00:00-04:00,2673.39990234375,2690.60009765625,2651.60009765625,2681.300048828125,127647
2024-10-04 12:00:00-04:00,2671.60009765625,2673.89990234375,2661.800048828125,2673.39990234375,25756
2024-10-04 16:00:00-04:00,2673.199951171875,2673.800048828125,2669.699951171875,2671.5,2441
2024-10-06 16:00:00-04:00,2669.60009765625,2672.60009765625,2667.89990234375,2671.699951171875,2691
2024-10-06 20:00:00-04:00,2666.300048828125,2671.5,2663.0,2669.699951171875,9074
2024-10-07 00:00:00-04:00,2671.800048828125,2672.5,2659.0,2666.800048828125,14840
2024-10-07 04:00:00-04:00,2676.60009765625,2679.199951171875,2670.0,2671.60009765625,19637
2024-10-07 08:00:00-04:00,2665.199951171875,2679.10009765625,2657.300048828125,2676.60009765625,59877
2024-10-07 12:00:00-04:00,2662.5,2668.300048828125,2658.800048828125,2665.199951171875,18858
2024-10-07 16:00:00-04:00,2662.10009765625,2668.199951171875,2660.89990234375,2662.800048828125,3172
2024-10-07 20:00:00-04:00,2661.800048828125,2667.300048828125,2652.699951171875,2662.10009765625,23018
2024-10-08 00:00:00-04:00,2652.89990234375,2665.89990234375,2649.60009765625,2662.0,19641
2024-10-08 04:00:00-04:00,2670.0,2672.39990234375,2647.300048828125,2652.89990234375,31321
2024-10-08 08:00:00-04:00,2632.0,2672.39990234375,2623.39990234375,2670.0,104678
2024-10-08 12:00:00-04:00,2641.89990234375,2642.89990234375,2624.0,2632.0,39236
2024-10-08 16:00:00-04:00,2640.699951171875,2642.5,2637.89990234375,2641.89990234375,4055
2024-10-08 20:00:00-04:00,2635.800048828125,2642.89990234375,2633.39990234375,2640.60009765625,13923
2024-10-09 00:00:00-04:00,2630.0,2642.800048828125,2627.60009765625,2635.699951171875,18228
2024-10-09 04:00:00-04:00,2637.5,2641.0,2628.89990234375,2630.0,22775
2024-10-09 08:00:00-04:00,2633.199951171875,2640.89990234375,2622.800048828125,2637.39990234375,57337
2024-10-09 12:00:00-04:00,2627.5,2634.199951171875,2623.300048828125,2633.300048828125,22591
2024-10-09 16:00:00-04:00,2625.39990234375,2627.89990234375,2624.800048828125,2627.60009765625,2482
2024-10-09 20:00:00-04:00,2628.89990234375,2633.800048828125,2623.10009765625,2625.60009765625,14226
2024-10-10 00:00:00-04:00,2633.89990234375,2634.300048828125,2627.39990234375,2628.89990234375,11272
2024-10-10 04:00:00-04:00,2630.0,2635.89990234375,2628.0,2633.800048828125,15344
2024-10-10 08:00:00-04:00,2640.699951171875,2647.199951171875,2618.800048828125,2630.10009765625,101464
2024-10-10 12:00:00-04:00,2646.5,2648.800048828125,2633.199951171875,2640.800048828125,43502
2024-10-10 16:00:00-04:00,2650.60009765625,2653.199951171875,2645.300048828125,2646.60009765625,7126
2024-10-10 20:00:00-04:00,2662.5,2663.10009765625,2649.5,2650.5,23509
2024-10-11 00:00:00-04:00,2662.60009765625,2664.89990234375,2655.199951171875,2662.800048828125,19932
2024-10-11 04:00:00-04:00,2661.699951171875,2663.300048828125,2653.199951171875,2662.39990234375,19507
2024-10-11 08:00:00-04:00,2676.300048828125,2676.800048828125,2657.699951171875,2661.60009765625,58436
2024-10-11 12:00:00-04:00,2672.89990234375,2679.0,2672.10009765625,2676.39990234375,33570
2024-10-11 16:00:00-04:00,2674.199951171875,2674.5,2671.5,2673.10009765625,1920
2024-10-13 16:00:00-04:00,2664.699951171875,2673.800048828125,2660.89990234375,2673.10009765625,5962
2024-10-13 20:00:00-04:00,2672.60009765625,2674.39990234375,2660.0,2664.800048828125,16793
2024-10-14 00:00:00-04:00,2677.39990234375,2684.199951171875,2672.10009765625,2672.5,18554
2024-10-14 04:00:00-04:00,2669.199951171875,2680.0,2668.0,2677.39990234375,17976
2024-10-14 08:00:00-04:00,2663.5,2678.300048828125,2660.60009765625,2669.0,44847
2024-10-14 12:00:00-04:00,2669.300048828125,2669.5,2662.60009765625,2663.5,13736
2024-10-14 16:00:00-04:00,2665.800048828125,2670.199951171875,2662.699951171875,2669.300048828125,4342
2024-10-14 20:00:00-04:00,2661.800048828125,2669.300048828125,2660.800048828125,2665.800048828125,12044
2024-10-15 00:00:00-04:00,2667.39990234375,2670.60009765625,2654.39990234375,2662.0,22548
2024-10-15 04:00:00-04:00,2664.5,2673.300048828125,2662.300048828125,2667.39990234375,19208
2024-10-15 08:00:00-04:00,2681.300048828125,2682.0,2662.800048828125,2664.5,68694
2024-10-15 12:00:00-04:00,2678.300048828125,2685.89990234375,2675.60009765625,2681.39990234375,27939
2024-10-15 16:00:00-04:00,2676.800048828125,2679.89990234375,2676.699951171875,2678.39990234375,2823
2024-10-15 20:00:00-04:00,2683.39990234375,2686.39990234375,2674.89990234375,2676.699951171875,12736
2024-10-16 00:00:00-04:00,2692.5,2694.199951171875,2682.0,2683.60009765625,20985
2024-10-16 04:00:00-04:00,2694.800048828125,2699.39990234375,2689.699951171875,2692.60009765625,26169
2024-10-16 08:00:00-04:00,2686.300048828125,2702.5,2684.60009765625,2694.699951171875,70705
2024-10-16 12:00:00-04:00,2691.0,2693.199951171875,2683.10009765625,2686.300048828125,17925
2024-10-16 16:00:00-04:00,2689.699951171875,2691.39990234375,2688.800048828125,2691.199951171875,1599
2024-10-16 20:00:00-04:00,2692.5,2700.60009765625,2689.699951171875,2689.800048828125,17524
2024-10-17 00:00:00-04:00,2697.199951171875,2701.39990234375,2691.89990234375,2692.300048828125,22388
2024-10-17 04:00:00-04:00,2696.89990234375,2704.199951171875,2692.0,2697.199951171875,24876
2024-10-17 08:00:00-04:00,2709.0,2712.699951171875,2688.199951171875,2697.0,83493
2024-10-17 12:00:00-04:00,2707.199951171875,2709.699951171875,2699.5,2708.89990234375,23814
2024-10-17 16:00:00-04:00,2708.89990234375,2709.5,2706.199951171875,2707.300048828125,2300
2024-10-17 20:00:00-04:00,2725.199951171875,2727.199951171875,2708.10009765625,2708.89990234375,25545
2024-10-18 00:00:00-04:00,2717.60009765625,2729.300048828125,2717.60009765625,2725.10009765625,23159
2024-10-18 04:00:00-04:00,2725.10009765625,2728.5,2716.89990234375,2717.699951171875,25745
2024-10-18 08:00:00-04:00,2730.0,2735.5,2720.199951171875,2725.199951171875,66608
2024-10-18 12:00:00-04:00,2734.89990234375,2736.699951171875,2728.699951171875,2730.0,25408
2024-10-18 16:00:00-04:00,2736.39990234375,2737.800048828125,2734.300048828125,2734.89990234375,3100
2024-10-20 16:00:00-04:00,2738.60009765625,2740.199951171875,2734.60009765625,2736.300048828125,4236
2024-10-20 20:00:00-04:00,2746.699951171875,2747.800048828125,2735.89990234375,2738.699951171875,21146
2024-10-21 00:00:00-04:00,2745.5,2747.39990234375,2738.60009765625,2746.60009765625,17640
2024-10-21 04:00:00-04:00,2749.39990234375,2752.800048828125,2742.699951171875,2745.39990234375,35002
2024-10-21 08:00:00-04:00,2734.800048828125,2755.39990234375,2731.39990234375,2749.5,93172
2024-10-21 12:00:00-04:00,2734.699951171875,2740.199951171875,2728.5,2734.60009765625,28995
2024-10-21 16:00:00-04:00,2735.800048828125,2737.10009765625,2733.5,2734.699951171875,3167
2024-10-21 20:00:00-04:00,2745.699951171875,2747.5,2735.0,2735.800048828125,14404
2024-10-22 00:00:00-04:00,2747.89990234375,2751.60009765625,2743.5,2745.199951171875,16800
2024-10-22 04:00:00-04:00,2746.5,2753.699951171875,2743.800048828125,2747.699951171875,27108
2024-10-22 08:00:00-04:00,2752.199951171875,2758.699951171875,2746.0,2746.5,68470
2024-10-22 12:00:00-04:00,2762.800048828125,2763.199951171875,2751.800048828125,2752.10009765625,31956
2024-10-22 16:00:00-04:00,2760.60009765625,2763.300048828125,2759.800048828125,2762.800048828125,4455
2024-10-22 20:00:00-04:00,2760.199951171875,2761.39990234375,2752.10009765625,2760.60009765625,16508
2024-10-23 00:00:00-04:00,2769.0,2769.699951171875,2759.199951171875,2760.300048828125,19484
2024-10-23 04:00:00-04:00,2763.89990234375,2772.60009765625,2763.0,2768.89990234375,23213
2024-10-23 08:00:00-04:00,2735.39990234375,2764.5,2722.10009765625,2763.89990234375,111952
2024-10-23 12:00:00-04:00,2729.699951171875,2736.89990234375,2725.39990234375,2735.39990234375,28288
2024-10-23 16:00:00-04:00,2734.0,2734.699951171875,2727.699951171875,2729.699951171875,3558
2024-10-23 20:00:00-04:00,2736.0,2739.89990234375,2730.5,2733.89990234375,14438
2024-10-24 00:00:00-04:00,2746.300048828125,2749.89990234375,2735.800048828125,2736.0,20889
2024-10-24 04:00:00-04:00,2751.199951171875,2752.5,2745.199951171875,2746.39990234375,18208
2024-10-24 08:00:00-04:00,2743.89990234375,2756.300048828125,2735.10009765625,2751.199951171875,75030
2024-10-24 12:00:00-04:00,2749.699951171875,2750.699951171875,2738.60009765625,2744.0,26589
2024-10-24 16:00:00-04:00,2746.0,2749.89990234375,2745.800048828125,2749.800048828125,3031
2024-10-24 20:00:00-04:00,2738.39990234375,2747.800048828125,2737.0,2746.10009765625,11687
2024-10-25 00:00:00-04:00,2739.10009765625,2745.0,2736.5,2738.699951171875,13883
2024-10-25 04:00:00-04:00,2736.60009765625,2741.800048828125,2729.10009765625,2739.199951171875,30639
2024-10-25 08:00:00-04:00,2749.89990234375,2754.699951171875,2735.60009765625,2736.39990234375,53655
2024-10-25 12:00:00-04:00,2755.300048828125,2757.800048828125,2746.699951171875,2749.699951171875,27165
2024-10-25 16:00:00-04:00,2760.800048828125,2760.89990234375,2755.199951171875,2755.300048828125,4616
2024-10-27 16:00:00-04:00,2748.0,2752.5,2742.0,2749.199951171875,9818
2024-10-27 20:00:00-04:00,2742.300048828125,2748.699951171875,2736.89990234375,2747.89990234375,16527
2024-10-28 00:00:00-04:00,2751.39990234375,2756.5,2741.300048828125,2741.89990234375,22412
2024-10-28 04:00:00-04:00,2744.5,2753.39990234375,2740.10009765625,2751.39990234375,28568
2024-10-28 08:00:00-04:00,2753.39990234375,2758.300048828125,2743.5,2744.39990234375,55658
2024-10-28 12:00:00-04:00,2754.699951171875,2757.5,2752.300048828125,2753.199951171875,19655
2024-10-28 16:00:00-04:00,2756.199951171875,2756.39990234375,2752.0,2754.89990234375,2582
2024-10-28 20:00:00-04:00,2763.800048828125,2770.199951171875,2755.300048828125,2756.39990234375,22826
2024-10-29 00:00:00-04:00,2764.300048828125,2768.800048828125,2761.10009765625,2763.60009765625,13418
2024-10-29 04:00:00-04:00,2764.0,2768.800048828125,2757.89990234375,2764.5,31118
2024-10-29 08:00:00-04:00,2776.300048828125,2784.0,2760.39990234375,2764.0,87220
2024-10-29 12:00:00-04:00,2784.60009765625,2787.300048828125,2776.199951171875,2776.300048828125,37546
2024-10-29 16:00:00-04:00,2787.300048828125,2788.0,2784.300048828125,2784.60009765625,3582
2024-10-29 20:00:00-04:00,2791.199951171875,2794.39990234375,2787.199951171875,2787.5,17169
2024-10-30 00:00:00-04:00,2794.300048828125,2801.699951171875,2789.39990234375,2791.199951171875,20109
2024-10-30 04:00:00-04:00,2790.300048828125,2798.5,2790.0,2794.300048828125,23479
2024-10-30 08:00:00-04:00,2796.60009765625,2799.5,2782.39990234375,2790.199951171875,86290
2024-10-30 12:00:00-04:00,2799.0,2801.800048828125,2794.699951171875,2796.39990234375,30533
2024-10-30 16:00:00-04:00,2796.39990234375,2799.699951171875,2796.10009765625,2799.0,2987
2024-10-30 20:00:00-04:00,2795.60009765625,2801.199951171875,2794.699951171875,2796.5,12175
2024-10-31 00:00:00-04:00,2792.800048828125,2797.699951171875,2789.0,2795.800048828125,20386
2024-10-31 04:00:00-04:00,2790.39990234375,2793.89990234375,2784.0,2792.699951171875,29426
2024-10-31 08:00:00-04:00,2750.699951171875,2792.89990234375,2741.800048828125,2790.39990234375,120139
2024-10-31 12:00:00-04:00,2756.60009765625,2760.0,2748.199951171875,2752.199951171875,40867
2024-10-31 16:00:00-04:00,2756.5,2758.39990234375,2753.60009765625,2756.60009765625,3801
2024-10-31 20:00:00-04:00,2761.199951171875,2761.60009765625,2754.5,2756.60009765625,13326
2024-11-01 00:00:00-04:00,2759.5,2766.89990234375,2756.800048828125,2761.39990234375,14538
2024-11-01 04:00:00-04:00,2762.699951171875,2765.199951171875,2754.800048828125,2759.300048828125,20928
2024-11-01 08:00:00-04:00,2754.39990234375,2772.39990234375,2749.39990234375,2762.699951171875,85377
2024-11-01 12:00:00-04:00,2743.800048828125,2755.800048828125,2742.60009765625,2754.39990234375,30440
2024-11-01 16:00:00-04:00,2745.800048828125,2746.699951171875,2743.0,2743.89990234375,2947
2024-11-03 15:00:00-05:00,2747.39990234375,2749.5,2739.39990234375,2743.5,4706
2024-11-03 19:00:00-05:00,2750.300048828125,2751.89990234375,2744.5,2747.60009765625,11373
2024-11-03 23:00:00-05:00,2750.199951171875,2751.39990234375,2748.89990234375,2750.300048828125,1165
2024-11-04 00:00:00-05:00,2742.300048828125,2754.0,2740.699951171875,2750.39990234375,20031
2024-11-04 04:00:00-05:00,2752.699951171875,2754.39990234375,2741.5,2742.300048828125,24679
2024-11-04 08:00:00-05:00,2743.800048828125,2757.5,2741.800048828125,2752.699951171875,52909
2024-11-04 12:00:00-05:00,2746.5,2749.199951171875,2741.0,2743.800048828125,20990
2024-11-04 16:00:00-05:00,2743.800048828125,2746.89990234375,2742.800048828125,2746.60009765625,2590
2024-11-04 20:00:00-05:00,2743.300048828125,2745.10009765625,2733.39990234375,2743.699951171875,18211
2024-11-05 00:00:00-05:00,2751.60009765625,2752.5,2740.300048828125,2743.10009765625,18301
2024-11-05 04:00:00-05:00,2747.0,2754.10009765625,2744.800048828125,2751.60009765625,22254
2024-11-05 08:00:00-05:00,2748.300048828125,2759.5,2742.199951171875,2747.10009765625,56368
2024-11-05 12:00:00-05:00,2752.10009765625,2753.300048828125,2747.39990234375,2748.300048828125,26549
2024-11-05 16:00:00-05:00,2746.800048828125,2755.199951171875,2744.0,2752.199951171875,7373
2024-11-05 20:00:00-05:00,2751.0,2758.800048828125,2738.800048828125,2747.10009765625,49722
2024-11-06 00:00:00-05:00,2733.300048828125,2752.5,2709.800048828125,2750.60009765625,64951
2024-11-06 04:00:00-05:00,2703.800048828125,2737.699951171875,2701.800048828125,2733.300048828125,46916
2024-11-06 08:00:00-05:00,2674.800048828125,2703.60009765625,2660.699951171875,2703.60009765625,147188
2024-11-06 12:00:00-05:00,2669.300048828125,2678.199951171875,2667.89990234375,2674.699951171875,31625
2024-11-06 16:00:00-05:00,2668.800048828125,2671.800048828125,2666.5,2669.39990234375,5792
2024-11-06 20:00:00-05:00,2661.199951171875,2671.39990234375,2650.300048828125,2668.699951171875,30021
2024-11-07 00:00:00-05:00,2664.300048828125,2674.699951171875,2659.5,2661.39990234375,26324
2024-11-07 04:00:00-05:00,2681.0,2681.5,2664.300048828125,2664.39990234375,31100
2024-11-07 08:00:00-05:00,2703.10009765625,2707.800048828125,2679.699951171875,2681.10009765625,100621
2024-11-07 12:00:00-05:00,2711.89990234375,2718.300048828125,2694.60009765625,2703.10009765625,68378
2024-11-07 16:00:00-05:00,2713.5,2717.800048828125,2711.10009765625,2712.0,5411
2024-11-07 20:00:00-05:00,2700.60009765625,2715.0,2700.39990234375,2713.60009765625,19348
2024-11-08 00:00:00-05:00,2696.0,2703.39990234375,2687.300048828125,2701.0,26232
2024-11-08 04:00:00-05:00,2699.199951171875,2702.300048828125,2689.0,2695.89990234375,23917
2024-11-08 08:00:00-05:00,2690.800048828125,2711.699951171875,2690.199951171875,2699.10009765625,88488
2024-11-08 12:00:00-05:00,2692.800048828125,2696.5,2690.89990234375,2690.89990234375,42582
2024-11-08 16:00:00-05:00,2691.699951171875,2693.60009765625,2690.39990234375,2692.800048828125,2406
2024-11-10 16:00:00-05:00,2691.199951171875,2693.39990234375,2686.60009765625,2692.10009765625,3846
2024-11-10 20:00:00-05:00,2679.0,2692.10009765625,2673.10009765625,2691.10009765625,21448
2024-11-11 00:00:00-05:00,2676.300048828125,2681.300048828125,2673.5,2679.0,15834
2024-11-11 04:00:00-05:00,2664.10009765625,2682.60009765625,2663.0,2676.300048828125,36152
2024-11-11 08:00:00-05:00,2621.800048828125,2664.300048828125,2619.5,2664.0,129523
2024-11-11 12:00:00-05:00,2628.39990234375,2632.800048828125,2617.10009765625,2621.800048828125,45526
2024-11-11 16:00:00-05:00,2630.10009765625,2632.0,2625.60009765625,2628.60009765625,4693
2024-11-11 20:00:00-05:00,2623.89990234375,2633.39990234375,2621.60009765625,2630.0,15390
2024-11-12 00:00:00-05:00,2606.699951171875,2624.300048828125,2601.699951171875,2623.89990234375,40084
2024-11-12 04:00:00-05:00,2611.89990234375,2613.89990234375,2595.699951171875,2606.5,53275
2024-11-12 08:00:00-05:00,2607.199951171875,2624.10009765625,2603.699951171875,2611.89990234375,86815
2024-11-12 12:00:00-05:00,2606.10009765625,2608.800048828125,2598.800048828125,2607.10009765625,51517
2024-11-12 16:00:00-05:00,2605.39990234375,2607.199951171875,2603.5,2606.199951171875,3177
2024-11-12 20:00:00-05:00,2612.60009765625,2619.10009765625,2605.39990234375,2605.39990234375,24850
2024-11-13 00:00:00-05:00,2613.60009765625,2616.800048828125,2606.699951171875,2612.300048828125,21229
2024-11-13 04:00:00-05:00,2615.699951171875,2618.89990234375,2611.60009765625,2613.5,23274
2024-11-13 08:00:00-05:00,2591.5,2625.0,2590.5,2615.699951171875,102206
2024-11-13 12:00:00-05:00,2579.39990234375,2592.60009765625,2578.800048828125,2591.60009765625,58677
2024-11-13 16:00:00-05:00,2576.699951171875,2585.800048828125,2573.60009765625,2579.5,6091
2024-11-13 20:00:00-05:00,2569.800048828125,2577.199951171875,2563.800048828125,2576.699951171875,29383
2024-11-14 00:00:00-05:00,2560.800048828125,2569.800048828125,2555.10009765625,2569.699951171875,31201
2024-11-14 04:00:00-05:00,2557.199951171875,2563.300048828125,2541.5,2561.0,51123
2024-11-14 08:00:00-05:00,2579.10009765625,2582.699951171875,2556.10009765625,2557.10009765625,85776
2024-11-14 12:00:00-05:00,2572.5,2582.300048828125,2569.0,2579.199951171875,39350
2024-11-14 16:00:00-05:00,2571.60009765625,2574.89990234375,2569.39990234375,2572.60009765625,5245
2024-11-14 20:00:00-05:00,2571.89990234375,2576.5,2567.60009765625,2571.60009765625,10555
2024-11-15 00:00:00-05:00,2571.39990234375,2573.89990234375,2558.89990234375,2571.800048828125,19770
2024-11-15 04:00:00-05:00,2573.60009765625,2578.0,2567.5,2571.5,22668
2024-11-15 08:00:00-05:00,2566.699951171875,2580.800048828125,2565.300048828125,2573.800048828125,71901
2024-11-15 12:00:00-05:00,2566.699951171875,2572.699951171875,2563.699951171875,2566.60009765625,33405
2024-11-15 16:00:00-05:00,2567.39990234375,2568.199951171875,2565.60009765625,2566.699951171875,1764
2024-11-17 16:00:00-05:00,2581.0,2581.89990234375,2568.5,2571.5,8486
2024-11-17 20:00:00-05:00,2597.300048828125,2601.89990234375,2581.0,2581.0,30380
2024-11-18 00:00:00-05:00,2589.800048828125,2596.89990234375,2584.89990234375,2596.699951171875,21038
2024-11-18 04:00:00-05:00,2599.699951171875,2601.800048828125,2588.0,2589.699951171875,30952
2024-11-18 08:00:00-05:00,2615.89990234375,2619.5,2597.10009765625,2599.39990234375,64458
2024-11-18 12:00:00-05:00,2614.39990234375,2617.0,2611.60009765625,2616.0,25906
2024-11-18 16:00:00-05:00,2617.300048828125,2617.699951171875,2614.10009765625,2614.5,5422
2024-11-18 20:00:00-05:00,2627.10009765625,2629.699951171875,2615.5,2617.39990234375,21100
2024-11-19 00:00:00-05:00,2630.300048828125,2631.0,2621.39990234375,2627.10009765625,23580
2024-11-19 04:00:00-05:00,2643.199951171875,2643.199951171875,2629.300048828125,2630.199951171875,46345
2024-11-19 08:00:00-05:00,2630.199951171875,2643.39990234375,2624.5,2643.300048828125,76388
2024-11-19 12:00:00-05:00,2637.39990234375,2638.39990234375,2629.300048828125,2630.10009765625,20643
2024-11-19 16:00:00-05:00,2640.89990234375,2642.300048828125,2634.0,2637.39990234375,5006
2024-11-19 20:00:00-05:00,2639.800048828125,2645.300048828125,2638.800048828125,2641.0,13280
2024-11-20 00:00:00-05:00,2627.39990234375,2641.89990234375,2621.89990234375,2639.89990234375,29343
2024-11-20 04:00:00-05:00,2635.199951171875,2635.800048828125,2624.0,2627.39990234375,26242
2024-11-20 08:00:00-05:00,2654.10009765625,2654.300048828125,2634.39990234375,2635.10009765625,71713
2024-11-20 12:00:00-05:00,2652.300048828125,2659.0,2648.800048828125,2654.0,27011
2024-11-20 16:00:00-05:00,2660.89990234375,2661.300048828125,2651.39990234375,2652.39990234375,5121
2024-11-20 20:00:00-05:00,2659.800048828125,2663.300048828125,2653.10009765625,2661.10009765625,13803
2024-11-21 00:00:00-05:00,2671.199951171875,2672.300048828125,2657.10009765625,2659.5,22103
2024-11-21 04:00:00-05:00,2666.0,2676.199951171875,2665.5,2671.10009765625,30417
2024-11-21 08:00:00-05:00,2667.199951171875,2674.199951171875,2662.800048828125,2665.800048828125,69682
2024-11-21 12:00:00-05:00,2674.10009765625,2676.5,2664.199951171875,2667.199951171875,30427
2024-11-21 16:00:00-05:00,2675.199951171875,2675.60009765625,2670.10009765625,2674.0,5173
2024-11-21 20:00:00-05:00,2690.199951171875,2694.699951171875,2675.10009765625,2675.10009765625,22715
2024-11-22 00:00:00-05:00,2699.89990234375,2703.0,2685.10009765625,2691.0,26461
2024-11-22 04:00:00-05:00,2705.39990234375,2712.39990234375,2695.800048828125,2699.800048828125,42841
2024-11-22 08:00:00-05:00,2707.300048828125,2708.800048828125,2686.39990234375,2705.199951171875,78533
2024-11-22 12:00:00-05:00,2707.800048828125,2713.699951171875,2705.699951171875,2707.5,32724
2024-11-22 16:00:00-05:00,2718.199951171875,2718.5,2707.699951171875,2707.800048828125,4345
2024-11-24 16:00:00-05:00,2712.39990234375,2723.199951171875,2690.0,2716.89990234375,12556
2024-11-24 20:00:00-05:00,2674.39990234375,2713.0,2661.0,2712.5,42871
2024-11-25 00:00:00-05:00,2673.60009765625,2675.5,2660.0,2674.0,28905
2024-11-25 04:00:00-05:00,2682.39990234375,2690.300048828125,2670.300048828125,2673.60009765625,34246
2024-11-25 08:00:00-05:00,2633.300048828125,2689.5,2627.300048828125,2682.300048828125,116621
2024-11-25 12:00:00-05:00,2627.300048828125,2635.5,2616.60009765625,2633.199951171875,52234
2024-11-25 16:00:00-05:00,2619.89990234375,2629.39990234375,2605.300048828125,2627.199951171875,7931
2024-11-25 20:00:00-05:00,2626.699951171875,2632.60009765625,2618.0,2619.89990234375,13414
2024-11-26 00:00:00-05:00,2613.699951171875,2626.5,2610.89990234375,2626.5,18492
2024-11-26 04:00:00-05:00,2631.199951171875,2635.10009765625,2613.10009765625,2613.60009765625,27378
2024-11-26 08:00:00-05:00,2628.89990234375,2642.699951171875,2616.699951171875,2631.199951171875,68026
2024-11-26 12:00:00-05:00,2632.10009765625,2633.300048828125,2619.699951171875,2628.800048828125,28070
2024-11-26 16:00:00-05:00,2628.199951171875,2634.300048828125,2627.39990234375,2632.10009765625,1435
2024-11-26 20:00:00-05:00,2639.199951171875,2640.89990234375,2627.199951171875,2628.0,4202
2024-11-27 00:00:00-05:00,2678.5,2678.89990234375,2638.39990234375,2638.89990234375,42715
2024-11-27 04:00:00-05:00,2675.89990234375,2679.800048828125,2642.10009765625,2678.699951171875,61227
2024-11-27 08:00:00-05:00,2664.199951171875,2683.39990234375,2634.5,2651.199951171875,120764
2024-11-27 12:00:00-05:00,2662.199951171875,2668.10009765625,2634.199951171875,2664.10009765625,19440
2024-11-27 16:00:00-05:00,2659.89990234375,2662.699951171875,2635.199951171875,2662.199951171875,2774
2024-11-27 20:00:00-05:00,2655.300048828125,2660.60009765625,2620.699951171875,2659.800048828125,15682
2024-11-29 09:30:00-05:00,2684.89990234375,2686.5,2652.39990234375,2681.5,31758
2024-12-01 16:00:00-05:00,2660.10009765625,2678.5,2636.5,2673.800048828125,11120
2024-12-01 20:00:00-05:00,2651.199951171875,2661.800048828125,2621.699951171875,2660.199951171875,24397
2024-12-02 00:00:00-05:00,2652.199951171875,2656.300048828125,2622.5,2651.300048828125,19164
2024-12-02 04:00:00-05:00,2664.0,2669.199951171875,2628.699951171875,2652.10009765625,27471
2024-12-02 08:00:00-05:00,2664.39990234375,2675.0,2638.10009765625,2664.10009765625,48964
2024-12-02 12:00:00-05:00,2660.10009765625,2667.39990234375,2635.699951171875,2664.39990234375,23294
2024-12-02 16:00:00-05:00,2663.800048828125,2667.10009765625,2639.0,2660.300048828125,3616
2024-12-02 20:00:00-05:00,2662.199951171875,2668.300048828125,2638.199951171875,2663.89990234375,13506
2024-12-03 00:00:00-05:00,2668.199951171875,2672.800048828125,2640.199951171875,2662.39990234375,19171
2024-12-03 04:00:00-05:00,2662.300048828125,2670.89990234375,2644.199951171875,2668.10009765625,22328
2024-12-03 08:00:00-05:00,2671.0,2678.39990234375,2636.0,2662.300048828125,56240
2024-12-03 12:00:00-05:00,2664.39990234375,2671.699951171875,2641.699951171875,2670.89990234375,17826
2024-12-03 16:00:00-05:00,2662.39990234375,2666.39990234375,2661.300048828125,2664.5,2982
2024-12-03 20:00:00-05:00,2670.0,2670.300048828125,2639.199951171875,2662.39990234375,12599
2024-12-04 00:00:00-05:00,2663.5,2673.60009765625,2643.60009765625,2670.39990234375,17322
2024-12-04 04:00:00-05:00,2659.199951171875,2669.60009765625,2637.0,2663.5,27667
2024-12-04 08:00:00-05:00,2674.199951171875,2682.0,2637.39990234375,2659.0,73585
2024-12-04 12:00:00-05:00,2674.5,2679.89990234375,2651.300048828125,2674.10009765625,19619
2024-12-04 16:00:00-05:00,2672.10009765625,2675.60009765625,2671.300048828125,2674.60009765625,3393
2024-12-04 20:00:00-05:00,2670.60009765625,2674.60009765625,2649.800048828125,2672.10009765625,8850
2024-12-05 00:00:00-05:00,2667.60009765625,2680.0,2647.89990234375,2670.199951171875,23078
2024-12-05 04:00:00-05:00,2676.5,2676.60009765625,2644.5,2667.5,18264
2024-12-05 08:00:00-05:00,2658.39990234375,2677.89990234375,2633.199951171875,2676.60009765625,60619
2024-12-05 12:00:00-05:00,2654.5,2659.39990234375,2625.699951171875,2658.39990234375,30736
2024-12-05 16:00:00-05:00,2651.800048828125,2656.800048828125,2651.39990234375,2654.39990234375,2866
2024-12-05 20:00:00-05:00,2664.199951171875,2666.699951171875,2617.5,2651.800048828125,28546
2024-12-06 00:00:00-05:00,2666.199951171875,2667.199951171875,2638.10009765625,2664.5,20228
2024-12-06 04:00:00-05:00,2660.10009765625,2667.89990234375,2637.5,2666.300048828125,21847
2024-12-06 08:00:00-05:00,2662.39990234375,2665.300048828125,2627.0,2660.0,62564
2024-12-06 12:00:00-05:00,2653.89990234375,2662.60009765625,2635.60009765625,2662.5,18977
2024-12-06 16:00:00-05:00,2654.89990234375,2655.699951171875,2633.39990234375,2654.0,1734
2024-12-08 16:00:00-05:00,2653.300048828125,2672.699951171875,2630.800048828125,2665.0,11565
2024-12-08 20:00:00-05:00,2658.300048828125,2672.89990234375,2636.699951171875,2653.300048828125,19916
2024-12-09 00:00:00-05:00,2671.0,2673.199951171875,2637.699951171875,2657.89990234375,21202
2024-12-09 04:00:00-05:00,2678.699951171875,2682.5,2653.10009765625,2671.10009765625,26906
2024-12-09 08:00:00-05:00,2690.5,2700.0,2663.0,2678.800048828125,68223
2024-12-09 12:00:00-05:00,2680.800048828125,2692.199951171875,2661.60009765625,2690.5,21174
2024-12-09 16:00:00-05:00,2687.699951171875,2688.300048828125,2661.0,2680.800048828125,6056
2024-12-09 20:00:00-05:00,2693.5,2696.89990234375,2662.60009765625,2667.60009765625,19766
2024-12-10 00:00:00-05:00,2685.60009765625,2694.199951171875,2663.60009765625,2693.10009765625,17474
2024-12-10 04:00:00-05:00,2701.10009765625,2703.39990234375,2664.800048828125,2685.800048828125,40472
2024-12-10 08:00:00-05:00,2717.89990234375,2718.10009765625,2676.800048828125,2701.199951171875,66252
2024-12-10 12:00:00-05:00,2718.199951171875,2721.10009765625,2698.199951171875,2717.800048828125,22405
2024-12-10 16:00:00-05:00,2731.699951171875,2732.89990234375,2701.800048828125,2718.199951171875,10417
2024-12-10 20:00:00-05:00,2736.300048828125,2741.0,2712.0,2731.89990234375,39176
2024-12-11 00:00:00-05:00,2728.0,2739.60009765625,2700.0,2735.89990234375,45299
2024-12-11 04:00:00-05:00,2725.5,2731.199951171875,2693.10009765625,2728.0,26091
2024-12-11 08:00:00-05:00,2753.10009765625,2759.699951171875,2702.10009765625,2725.5,96690
2024-12-11 12:00:00-05:00,2752.699951171875,2759.0,2728.699951171875,2752.89990234375,26972
2024-12-11 16:00:00-05:00,2758.39990234375,2758.699951171875,2728.39990234375,2752.699951171875,4977
2024-12-11 20:00:00-05:00,2748.199951171875,2761.300048828125,2743.10009765625,2758.5,19735
2024-12-12 00:00:00-05:00,2753.699951171875,2755.300048828125,2744.5,2747.60009765625,19156
2024-12-12 04:00:00-05:00,2736.39990234375,2754.60009765625,2716.5,2753.699951171875,30649
2024-12-12 08:00:00-05:00,2707.199951171875,2742.60009765625,2677.39990234375,2736.39990234375,110686
2024-12-12 12:00:00-05:00,2704.10009765625,2711.89990234375,2683.60009765625,2707.199951171875,23030
2024-12-12 16:00:00-05:00,2708.89990234375,2709.10009765625,2684.0,2704.199951171875,3717
2024-12-12 20:00:00-05:00,2709.60009765625,2716.39990234375,2707.199951171875,2708.800048828125,18385
2024-12-13 00:00:00-05:00,2695.10009765625,2711.199951171875,2684.800048828125,2709.89990234375,20994
2024-12-13 04:00:00-05:00,2693.60009765625,2697.199951171875,2663.0,2695.0,39428
2024-12-13 08:00:00-05:00,2681.5,2695.10009765625,2658.300048828125,2693.699951171875,61037
2024-12-13 12:00:00-05:00,2665.699951171875,2681.60009765625,2650.39990234375,2681.60009765625,24434
2024-12-13 16:00:00-05:00,2665.89990234375,2668.5,2647.89990234375,2665.699951171875,5035
2024-12-15 16:00:00-05:00,2665.199951171875,2670.800048828125,2661.39990234375,2668.0,6522
2024-12-15 20:00:00-05:00,2670.39990234375,2674.10009765625,2664.699951171875,2665.10009765625,11331
2024-12-16 00:00:00-05:00,2676.10009765625,2679.800048828125,2657.10009765625,2670.300048828125,15953
2024-12-16 04:00:00-05:00,2679.10009765625,2683.39990234375,2658.10009765625,2676.0,21560
2024-12-16 08:00:00-05:00,2670.10009765625,2683.39990234375,2651.0,2679.0,38524
2024-12-16 12:00:00-05:00,2670.10009765625,2673.10009765625,2651.800048828125,2670.0,13844
2024-12-16 16:00:00-05:00,2672.199951171875,2672.5,2651.800048828125,2670.300048828125,3592
2024-12-16 20:00:00-05:00,2668.39990234375,2675.800048828125,2651.89990234375,2672.10009765625,11172
2024-12-17 00:00:00-05:00,2659.5,2673.39990234375,2640.300048828125,2668.39990234375,24140
2024-12-17 04:00:00-05:00,2657.60009765625,2661.5,2637.199951171875,2659.39990234375,28233
2024-12-17 08:00:00-05:00,2653.89990234375,2662.0,2632.5,2657.5,53719
2024-12-17 12:00:00-05:00,2660.5,2665.300048828125,2652.89990234375,2653.89990234375,15773
2024-12-17 16:00:00-05:00,2666.300048828125,2667.60009765625,2660.199951171875,2660.699951171875,3814
2024-12-17 20:00:00-05:00,2660.10009765625,2667.5,2657.300048828125,2666.300048828125,9072
2024-12-18 00:00:00-05:00,2663.199951171875,2665.10009765625,2657.300048828125,2660.10009765625,12736
2024-12-18 04:00:00-05:00,2659.800048828125,2665.5,2659.60009765625,2663.199951171875,10695
2024-12-18 08:00:00-05:00,2651.39990234375,2664.10009765625,2649.60009765625,2659.800048828125,38430
2024-12-18 12:00:00-05:00,2606.89990234375,2655.800048828125,2601.699951171875,2651.300048828125,68666
2024-12-18 16:00:00-05:00,2608.300048828125,2610.199951171875,2596.699951171875,2607.0,11666
2024-12-18 20:00:00-05:00,2622.10009765625,2630.0,2606.10009765625,2608.199951171875,25879
2024-12-19 00:00:00-05:00,2632.699951171875,2635.89990234375,2616.10009765625,2621.800048828125,26465
2024-12-19 04:00:00-05:00,2620.699951171875,2640.89990234375,2618.10009765625,2632.800048828125,33390
2024-12-19 08:00:00-05:00,2606.60009765625,2620.699951171875,2601.0,2620.60009765625,64125
2024-12-19 12:00:00-05:00,2612.300048828125,2616.0,2605.300048828125,2606.5,21846
2024-12-19 16:00:00-05:00,2604.89990234375,2612.60009765625,2604.5,2612.300048828125,3162
2024-12-19 20:00:00-05:00,2612.699951171875,2618.0,2603.699951171875,2604.89990234375,19313
2024-12-20 00:00:00-05:00,2620.0,2622.199951171875,2610.60009765625,2612.39990234375,12853
2024-12-20 04:00:00-05:00,2617.800048828125,2622.300048828125,2614.800048828125,2620.0,16642
2024-12-20 08:00:00-05:00,2643.699951171875,2653.800048828125,2614.39990234375,2617.800048828125,67416
2024-12-20 12:00:00-05:00,2642.89990234375,2649.5,2641.199951171875,2643.89990234375,21588
2024-12-20 16:00:00-05:00,2640.800048828125,2643.60009765625,2638.0,2643.0,3104
2024-12-22 16:00:00-05:00,2637.699951171875,2641.89990234375,2634.199951171875,2639.10009765625,4458
2024-12-22 20:00:00-05:00,2640.60009765625,2643.0,2635.300048828125,2637.800048828125,11236
2024-12-23 00:00:00-05:00,2644.10009765625,2646.800048828125,2638.800048828125,2640.60009765625,14693
2024-12-23 04:00:00-05:00,2629.199951171875,2645.0,2627.199951171875,2644.0,18470
2024-12-23 08:00:00-05:00,2632.0,2633.89990234375,2623.199951171875,2629.199951171875,35324
2024-12-23 12:00:00-05:00,2626.5,2633.0,2624.89990234375,2632.10009765625,15106
2024-12-23 16:00:00-05:00,2630.60009765625,2631.89990234375,2625.800048828125,2626.60009765625,2930
2024-12-23 20:00:00-05:00,2633.39990234375,2634.0,2629.300048828125,2630.60009765625,7332
2024-12-24 09:30:00-05:00,2634.199951171875,2635.800048828125,2624.199951171875,2628.60009765625,18461
2024-12-26 00:00:00-05:00,2641.800048828125,2644.0,2638.39990234375,2643.800048828125,8104
2024-12-26 04:00:00-05:00,2642.10009765625,2646.199951171875,2639.60009765625,2641.699951171875,8464
2024-12-26 08:00:00-05:00,2648.800048828125,2655.60009765625,2637.89990234375,2642.0,30860
2024-12-26 12:00:00-05:00,2654.800048828125,2655.699951171875,2645.300048828125,2648.89990234375,17623
2024-12-26 16:00:00-05:00,2651.300048828125,2655.0,2651.199951171875,2654.89990234375,2625
2024-12-26 20:00:00-05:00,2650.39990234375,2653.89990234375,2647.199951171875,2651.199951171875,8505
2024-12-27 00:00:00-05:00,2640.800048828125,2652.60009765625,2640.60009765625,2650.300048828125,12540
2024-12-27 04:00:00-05:00,2641.60009765625,2646.5,2638.300048828125,2640.699951171875,12790
2024-12-27 08:00:00-05:00,2633.60009765625,2642.699951171875,2625.199951171875,2641.699951171875,40234
2024-12-27 12:00:00-05:00,2631.60009765625,2637.0,2628.60009765625,2633.60009765625,13723
2024-12-27 16:00:00-05:00,2636.5,2636.60009765625,2631.5,2631.699951171875,1844
2024-12-29 16:00:00-05:00,2636.60009765625,2640.5,2633.60009765625,2636.10009765625,2999
2024-12-29 20:00:00-05:00,2634.699951171875,2640.699951171875,2634.300048828125,2636.5,7735
2024-12-30 00:00:00-05:00,2623.60009765625,2636.5,2621.5,2634.89990234375,12825
2024-12-30 04:00:00-05:00,2635.10009765625,2636.199951171875,2621.300048828125,2623.60009765625,17719
2024-12-30 08:00:00-05:00,2612.0,2636.89990234375,2608.39990234375,2635.10009765625,45605
2024-12-30 12:00:00-05:00,2621.89990234375,2623.199951171875,2612.199951171875,2612.199951171875,17185
2024-12-30 16:00:00-05:00,2620.89990234375,2622.10009765625,2617.800048828125,2621.800048828125,2117
2024-12-30 20:00:00-05:00,2619.10009765625,2624.0,2615.5,2620.89990234375,6483
2024-12-31 00:00:00-05:00,2628.699951171875,2629.699951171875,2614.300048828125,2619.10009765625,10912
2024-12-31 04:00:00-05:00,2623.89990234375,2629.10009765625,2621.60009765625,2628.699951171875,9760
2024-12-31 08:00:00-05:00,2639.300048828125,2641.300048828125,2617.39990234375,2624.10009765625,33138
2024-12-31 12:00:00-05:00,2637.800048828125,2642.0,2636.800048828125,2639.300048828125,18599
2024-12-31 16:00:00-05:00,2639.300048828125,2639.39990234375,2637.60009765625,2637.89990234375,884
2025-01-02 00:00:00-05:00,2648.800048828125,2650.199951171875,2642.60009765625,2645.800048828125,12253
2025-01-02 04:00:00-05:00,2656.39990234375,2659.89990234375,2644.699951171875,2649.0,23435
2025-01-02 08:00:00-05:00,2673.0,2674.199951171875,2648.199951171875,2656.39990234375,63072
2025-01-02 12:00:00-05:00,2672.60009765625,2674.10009765625,2666.39990234375,2673.0,23564
2025-01-02 16:00:00-05:00,2674.5,2675.199951171875,2669.89990234375,2672.699951171875,3367
2025-01-02 20:00:00-05:00,2677.800048828125,2681.0,2670.300048828125,2674.699951171875,17523
2025-01-03 00:00:00-05:00,2667.10009765625,2677.89990234375,2664.300048828125,2677.89990234375,14643
2025-01-03 04:00:00-05:00,2669.300048828125,2673.5,2667.0,2667.10009765625,14885
2025-01-03 08:00:00-05:00,2653.39990234375,2670.300048828125,2652.300048828125,2669.10009765625,45826
2025-01-03 12:00:00-05:00,2651.89990234375,2657.199951171875,2650.60009765625,2653.300048828125,16387
2025-01-03 16:00:00-05:00,2652.699951171875,2653.800048828125,2649.699951171875,2651.800048828125,2879
2025-01-05 16:00:00-05:00,2655.800048828125,2656.0,2651.199951171875,2652.800048828125,3619
2025-01-05 20:00:00-05:00,2647.10009765625,2661.0,2645.199951171875,2656.0,13884
2025-01-06 00:00:00-05:00,2643.60009765625,2647.699951171875,2636.60009765625,2646.699951171875,19679
2025-01-06 04:00:00-05:00,2658.10009765625,2663.800048828125,2642.800048828125,2643.5,30846
2025-01-06 08:00:00-05:00,2652.199951171875,2661.699951171875,2624.60009765625,2658.10009765625,75955
2025-01-06 12:00:00-05:00,2645.199951171875,2652.60009765625,2643.699951171875,2652.5,17094
2025-01-06 16:00:00-05:00,2646.300048828125,2647.800048828125,2643.5,2645.300048828125,2363
2025-01-06 20:00:00-05:00,2648.89990234375,2652.10009765625,2646.0,2646.199951171875,8887
2025-01-07 00:00:00-05:00,2653.800048828125,2657.60009765625,2647.699951171875,2648.89990234375,13994
2025-01-07 04:00:00-05:00,2663.89990234375,2665.10009765625,2651.199951171875,2653.800048828125,19829
2025-01-07 08:00:00-05:00,2665.699951171875,2678.5,2653.800048828125,2663.89990234375,86250
2025-01-07 12:00:00-05:00,2664.800048828125,2670.39990234375,2661.300048828125,2665.800048828125,21213
2025-01-07 16:00:00-05:00,2664.5,2666.199951171875,2662.39990234375,2664.89990234375,2664
2025-01-07 20:00:00-05:00,2659.800048828125,2664.89990234375,2658.39990234375,2664.699951171875,8444
2025-01-08 00:00:00-05:00,2665.60009765625,2668.5,2659.699951171875,2660.0,11235
2025-01-08 04:00:00-05:00,2665.699951171875,2669.300048828125,2658.89990234375,2665.60009765625,21990
2025-01-08 08:00:00-05:00,2686.199951171875,2687.0,2663.5,2665.800048828125,74479
2025-01-08 12:00:00-05:00,2680.60009765625,2686.800048828125,2665.300048828125,2686.199951171875,52544
2025-01-08 16:00:00-05:00,2677.5,2681.5,2676.800048828125,2680.699951171875,4126
2025-01-08 20:00:00-05:00,2677.300048828125,2680.89990234375,2673.699951171875,2677.39990234375,9166
2025-01-09 00:00:00-05:00,2681.39990234375,2683.89990234375,2675.199951171875,2677.199951171875,16048
2025-01-09 04:00:00-05:00,2691.800048828125,2692.800048828125,2678.699951171875,2681.5,31062
2025-01-09 08:00:00-05:00,2686.699951171875,2696.800048828125,2685.10009765625,2691.699951171875,42852
2025-01-09 12:00:00-05:00,2691.199951171875,2693.5,2681.800048828125,2686.5,30061
2025-01-09 16:00:00-05:00,2695.0,2695.60009765625,2690.699951171875,2691.300048828125,3019
2025-01-09 20:00:00-05:00,2695.699951171875,2698.699951171875,2693.5,2695.0,9291
2025-01-10 00:00:00-05:00,2706.89990234375,2709.0,2695.39990234375,2695.60009765625,23495
2025-01-10 04:00:00-05:00,2704.89990234375,2711.39990234375,2701.699951171875,2706.89990234375,31563
2025-01-10 08:00:00-05:00,2727.10009765625,2735.0,2686.89990234375,2704.89990234375,150380
2025-01-10 12:00:00-05:00,2716.699951171875,2729.39990234375,2713.300048828125,2727.300048828125,50812
2025-01-10 16:00:00-05:00,2717.39990234375,2720.300048828125,2715.5,2716.60009765625,3548
2025-01-12 16:00:00-05:00,2720.199951171875,2723.800048828125,2714.0,2716.800048828125,6479
2025-01-12 20:00:00-05:00,2713.89990234375,2720.39990234375,2709.89990234375,2720.300048828125,12048
2025-01-13 00:00:00-05:00,2712.5,2717.300048828125,2707.5,2714.10009765625,24452
2025-01-13 04:00:00-05:00,2691.89990234375,2712.699951171875,2683.0,2712.39990234375,40536
2025-01-13 08:00:00-05:00,2681.5,2694.199951171875,2679.60009765625,2691.800048828125,61733
2025-01-13 12:00:00-05:00,2680.199951171875,2684.39990234375,2675.199951171875,2681.5,40752
2025-01-13 16:00:00-05:00,2687.300048828125,2688.10009765625,2679.10009765625,2680.10009765625,3551
2025-01-13 20:00:00-05:00,2688.60009765625,2689.10009765625,2683.800048828125,2687.39990234375,10581
2025-01-14 00:00:00-05:00,2684.800048828125,2690.300048828125,2681.199951171875,2688.60009765625,14111
2025-01-14 04:00:00-05:00,2680.800048828125,2685.300048828125,2677.199951171875,2684.60009765625,20599
2025-01-14 08:00:00-05:00,2685.60009765625,2688.0,2672.0,2680.800048828125,56727
2025-01-14 12:00:00-05:00,2690.199951171875,2690.5,2680.0,2685.60009765625,44513
2025-01-14 16:00:00-05:00,2689.300048828125,2695.199951171875,2689.10009765625,2689.89990234375,3029
2025-01-14 20:00:00-05:00,2690.5,2692.0,2685.39990234375,2689.199951171875,9558
2025-01-15 00:00:00-05:00,2702.0,2702.699951171875,2689.300048828125,2690.60009765625,14081
2025-01-15 04:00:00-05:00,2706.0,2712.300048828125,2701.0,2702.199951171875,28231
2025-01-15 08:00:00-05:00,2712.0,2719.0,2698.0,2706.0,98212
2025-01-15 12:00:00-05:00,2719.60009765625,2720.300048828125,2711.699951171875,2712.10009765625,28926
2025-01-15 16:00:00-05:00,2723.199951171875,2726.300048828125,2719.0,2719.800048828125,10385
2025-01-15 20:00:00-05:00,2728.0,2731.60009765625,2722.39990234375,2723.300048828125,11547
2025-01-16 00:00:00-05:00,2730.0,2733.39990234375,2720.89990234375,2728.10009765625,17630
2025-01-16 04:00:00-05:00,2730.800048828125,2740.5,2727.60009765625,2730.0,32009
2025-01-16 08:00:00-05:00,2752.89990234375,2755.5,2728.10009765625,2730.800048828125,72657
2025-01-16 12:00:00-05:00,2747.0,2757.89990234375,2746.300048828125,2753.0,29331
2025-01-16 16:00:00-05:00,2747.60009765625,2748.199951171875,2743.199951171875,2746.89990234375,4846
2025-01-16 20:00:00-05:00,2745.10009765625,2748.39990234375,2742.5,2747.800048828125,10383
2025-01-17 00:00:00-05:00,2739.699951171875,2745.699951171875,2738.0,2745.199951171875,13210
2025-01-17 04:00:00-05:00,2741.89990234375,2743.10009765625,2729.199951171875,2739.5,29627
2025-01-17 08:00:00-05:00,2758.300048828125,2759.199951171875,2734.10009765625,2741.800048828125,64195
2025-01-17 12:00:00-05:00,2739.0,2758.5,2737.199951171875,2758.199951171875,28727
2025-01-17 16:00:00-05:00,2739.800048828125,2740.60009765625,2736.0,2738.89990234375,1684
2025-01-19 16:00:00-05:00,2737.5,2741.10009765625,2731.10009765625,2739.60009765625,4578
2025-01-19 20:00:00-05:00,2747.5,2747.800048828125,2731.800048828125,2737.39990234375,9977
2025-01-21 00:00:00-05:00,2735.39990234375,2746.800048828125,2733.199951171875,2745.0,21160
2025-01-21 04:00:00-05:00,2737.60009765625,2738.5,2725.5,2735.199951171875,24371
2025-01-21 08:00:00-05:00,2758.10009765625,2760.699951171875,2735.89990234375,2737.5,69246
2025-01-21 12:00:00-05:00,2755.800048828125,2762.0,2754.0,2758.199951171875,27158
2025-01-21 16:00:00-05:00,2763.10009765625,2764.199951171875,2755.199951171875,2755.89990234375,4256
2025-01-21 20:00:00-05:00,2768.0,2769.300048828125,2761.0,2762.89990234375,11691
2025-01-22 00:00:00-05:00,2766.89990234375,2772.300048828125,2759.5,2768.300048828125,22199
2025-01-22 04:00:00-05:00,2770.10009765625,2774.39990234375,2763.0,2766.800048828125,28119
2025-01-22 08:00:00-05:00,2769.60009765625,2774.199951171875,2759.60009765625,2770.0,59852
2025-01-22 12:00:00-05:00,2766.60009765625,2771.5,2765.800048828125,2769.699951171875,24010
2025-01-22 16:00:00-05:00,2765.199951171875,2767.199951171875,2761.699951171875,2766.800048828125,4652
2025-01-22 20:00:00-05:00,2760.10009765625,2766.39990234375,2758.699951171875,2765.199951171875,10550
2025-01-23 00:00:00-05:00,2759.699951171875,2764.60009765625,2759.0,2760.39990234375,14107
2025-01-23 04:00:00-05:00,2751.89990234375,2761.800048828125,2747.199951171875,2759.800048828125,39890
2025-01-23 08:00:00-05:00,2760.699951171875,2765.199951171875,2741.0,2751.699951171875,81299
2025-01-23 12:00:00-05:00,2762.0,2767.10009765625,2759.0,2760.699951171875,35896
2025-01-23 16:00:00-05:00,2767.699951171875,2769.0,2759.800048828125,2761.89990234375,4774
2025-01-23 20:00:00-05:00,2779.60009765625,2784.89990234375,2766.5,2767.699951171875,22404
2025-01-24 00:00:00-05:00,2780.89990234375,2785.300048828125,2776.300048828125,2779.5,18343
2025-01-24 04:00:00-05:00,2785.89990234375,2786.89990234375,2777.300048828125,2780.89990234375,26038
2025-01-24 08:00:00-05:00,2778.39990234375,2794.800048828125,2775.699951171875,2785.89990234375,89276
2025-01-24 12:00:00-05:00,2777.699951171875,2783.5,2776.800048828125,2778.39990234375,25092
2025-01-24 16:00:00-05:00,2777.5,2779.0,2776.89990234375,2777.699951171875,1811
2025-01-26 16:00:00-05:00,2774.89990234375,2778.10009765625,2766.300048828125,2778.10009765625,5620
2025-01-26 20:00:00-05:00,2763.10009765625,2777.800048828125,2757.60009765625,2774.800048828125,16493
2025-01-27 00:00:00-05:00,2761.60009765625,2764.39990234375,2752.0,2763.199951171875,19577
2025-01-27 04:00:00-05:00,2766.39990234375,2776.5,2760.199951171875,2761.5,38153
2025-01-27 08:00:00-05:00,2736.800048828125,2767.300048828125,2734.699951171875,2766.39990234375,89654
2025-01-27 12:00:00-05:00,2743.39990234375,2744.199951171875,2732.0,2736.89990234375,38021
2025-01-27 16:00:00-05:00,2744.699951171875,2748.60009765625,2742.199951171875,2743.300048828125,5542
2025-01-27 20:00:00-05:00,2744.800048828125,2749.699951171875,2740.800048828125,2744.699951171875,12311
2025-01-28 00:00:00-05:00,2744.89990234375,2748.699951171875,2737.39990234375,2746.199951171875,16248
2025-01-28 04:00:00-05:00,2749.300048828125,2749.60009765625,2744.10009765625,2744.800048828125,20038
2025-01-28 08:00:00-05:00,2766.300048828125,2767.39990234375,2749.0,2749.39990234375,77289
2025-01-28 12:00:00-05:00,2771.89990234375,2774.0,2764.800048828125,2766.300048828125,33984
2025-01-28 16:00:00-05:00,2771.0,2772.0,2769.5,2771.800048828125,3428
2025-01-28 20:00:00-05:00,2770.300048828125,2773.800048828125,2769.0,2770.89990234375,4028
2025-01-29 00:00:00-05:00,2772.89990234375,2775.5,2763.699951171875,2770.300048828125,9956
2025-01-29 04:00:00-05:00,2769.300048828125,2773.0,2765.300048828125,2772.800048828125,19440
2025-01-29 08:00:00-05:00,2770.60009765625,2778.10009765625,2764.699951171875,2769.5,60143
2025-01-29 12:00:00-05:00,2769.699951171875,2776.199951171875,2761.0,2770.699951171875,25530
2025-01-29 16:00:00-05:00,2773.60009765625,2775.0,2768.5,2769.699951171875,1486
2025-01-29 20:00:00-05:00,2770.699951171875,2775.699951171875,2770.0,2773.5,1756
2025-01-30 00:00:00-05:00,2813.300048828125,2813.60009765625,2770.699951171875,2770.800048828125,26082
2025-01-30 04:00:00-05:00,2820.699951171875,2822.0,2786.60009765625,2813.300048828125,54546
2025-01-30 08:00:00-05:00,2840.39990234375,2853.199951171875,2797.300048828125,2797.300048828125,78530
2025-01-30 12:00:00-05:00,2847.10009765625,2850.199951171875,2814.89990234375,2840.5,36328
2025-01-30 16:00:00-05:00,2852.60009765625,2859.5,2824.5,2847.199951171875,7472
2025-01-30 20:00:00-05:00,2849.300048828125,2853.0,2824.5,2852.699951171875,9528
2025-01-31 00:00:00-05:00,2844.89990234375,2851.300048828125,2822.300048828125,2849.10009765625,13331
2025-01-31 04:00:00-05:00,2846.10009765625,2849.39990234375,2817.300048828125,2822.5,20973
2025-01-31 08:00:00-05:00,2849.699951171875,2862.89990234375,2822.300048828125,2846.10009765625,43268
2025-01-31 12:00:00-05:00,2830.39990234375,2852.10009765625,2804.0,2849.800048828125,58520
2025-01-31 16:00:00-05:00,2831.5,2834.60009765625,2808.0,2830.300048828125,3484
2025-02-02 16:00:00-05:00,2834.199951171875,2861.5,2802.0,2846.5,16191
2025-02-02 20:00:00-05:00,2811.800048828125,2834.300048828125,2780.89990234375,2834.199951171875,26826
2025-02-03 00:00:00-05:00,2830.0,2833.5,2791.0,2811.60009765625,16832
2025-02-03 04:00:00-05:00,2847.5,2847.699951171875,2805.0,2829.89990234375,18470
2025-02-03 08:00:00-05:00,2852.89990234375,2872.0,2824.0,2847.699951171875,161481
2025-02-03 12:00:00-05:00,2857.10009765625,2862.0,2832.800048828125,2852.800048828125,19142
2025-02-03 16:00:00-05:00,2849.10009765625,2858.199951171875,2825.0,2857.0,6905
2025-02-03 20:00:00-05:00,2850.300048828125,2858.199951171875,2826.199951171875,2849.199951171875,10962
2025-02-04 00:00:00-05:00,2842.60009765625,2849.60009765625,2818.300048828125,2849.5,18745
2025-02-04 04:00:00-05:00,2848.800048828125,2849.89990234375,2816.10009765625,2842.699951171875,17159
2025-02-04 08:00:00-05:00,2869.699951171875,2874.39990234375,2828.0,2848.800048828125,66968
2025-02-04 12:00:00-05:00,2874.199951171875,2877.10009765625,2868.699951171875,2869.699951171875,19414
2025-02-04 16:00:00-05:00,2874.300048828125,2876.699951171875,2871.199951171875,2874.199951171875,4517
2025-02-04 20:00:00-05:00,2884.300048828125,2886.10009765625,2870.10009765625,2874.199951171875,14724
2025-02-05 00:00:00-05:00,2894.0,2896.0,2882.10009765625,2884.39990234375,15793
2025-02-05 04:00:00-05:00,2895.199951171875,2898.89990234375,2890.5,2893.89990234375,24399
2025-02-05 08:00:00-05:00,2895.89990234375,2906.0,2878.800048828125,2895.199951171875,75058
2025-02-05 12:00:00-05:00,2882.199951171875,2898.89990234375,2880.10009765625,2896.10009765625,26144
2025-02-05 16:00:00-05:00,2888.300048828125,2888.60009765625,2880.800048828125,2882.10009765625,3264
2025-02-05 20:00:00-05:00,2887.300048828125,2893.0,2884.0,2888.5,11236
2025-02-06 00:00:00-05:00,2878.89990234375,2890.199951171875,2870.39990234375,2887.39990234375,23428
2025-02-06 04:00:00-05:00,2887.5,2894.199951171875,2877.89990234375,2879.0,22536
2025-02-06 08:00:00-05:00,2872.699951171875,2889.0,2855.0,2887.60009765625,77658
2025-02-06 12:00:00-05:00,2881.39990234375,2882.300048828125,2872.10009765625,2872.699951171875,16483
2025-02-06 16:00:00-05:00,2882.5,2884.699951171875,2879.5,2881.39990234375,3527
2025-02-06 20:00:00-05:00,2888.60009765625,2892.300048828125,2881.89990234375,2882.60009765625,12253
2025-02-07 00:00:00-05:00,2890.199951171875,2890.800048828125,2882.800048828125,2888.89990234375,14779
2025-02-07 04:00:00-05:00,2886.699951171875,2897.699951171875,2886.10009765625,2889.89990234375,22798
2025-02-07 08:00:00-05:00,2885.199951171875,2910.60009765625,2876.10009765625,2886.699951171875,95560
2025-02-07 12:00:00-05:00,2887.0,2890.0,2877.800048828125,2885.10009765625,31740
2025-02-07 16:00:00-05:00,2886.10009765625,2889.5,2885.800048828125,2887.10009765625,2108
2025-02-09 16:00:00-05:00,2895.0,2896.0,2879.89990234375,2884.800048828125,6213
2025-02-09 20:00:00-05:00,2904.0,2904.60009765625,2893.0,2895.199951171875,13545
2025-02-10 00:00:00-05:00,2923.800048828125,2927.0,2903.0,2904.0,25383
2025-02-10 04:00:00-05:00,2928.800048828125,2934.10009765625,2923.39990234375,2923.800048828125,30115
2025-02-10 08:00:00-05:00,2928.39990234375,2938.10009765625,2921.199951171875,2928.89990234375,55947
2025-02-10 12:00:00-05:00,2934.800048828125,2936.10009765625,2925.39990234375,2928.39990234375,23343
2025-02-10 16:00:00-05:00,2947.60009765625,2949.300048828125,2933.699951171875,2934.89990234375,5418
2025-02-10 20:00:00-05:00,2942.5,2968.5,2935.0,2947.699951171875,43432
2025-02-11 00:00:00-05:00,2933.89990234375,2953.699951171875,2933.10009765625,2942.60009765625,28151
2025-02-11 04:00:00-05:00,2917.0,2939.60009765625,2914.89990234375,2933.89990234375,35920
2025-02-11 08:00:00-05:00,2929.5,2935.800048828125,2907.0,2916.60009765625,69452
2025-02-11 12:00:00-05:00,2926.0,2935.5,2923.0,2929.39990234375,20721
2025-02-11 16:00:00-05:00,2921.199951171875,2928.39990234375,2918.10009765625,2926.10009765625,5018
2025-02-11 20:00:00-05:00,2910.800048828125,2925.60009765625,2908.199951171875,2921.10009765625,22369
2025-02-12 00:00:00-05:00,2916.60009765625,2920.800048828125,2909.10009765625,2910.5,16771
2025-02-12 04:00:00-05:00,2911.60009765625,2917.5,2904.10009765625,2916.39990234375,26669
2025-02-12 08:00:00-05:00,2929.60009765625,2931.60009765625,2886.5,2911.60009765625,90840
2025-02-12 12:00:00-05:00,2924.5,2936.5,2918.300048828125,2929.60009765625,32251
2025-02-12 16:00:00-05:00,2932.5,2934.5,2924.0,2924.699951171875,5701
2025-02-12 20:00:00-05:00,2946.800048828125,2947.699951171875,2928.699951171875,2932.300048828125,20279
2025-02-13 00:00:00-05:00,2937.10009765625,2950.300048828125,2934.89990234375,2946.800048828125,28092
2025-02-13 04:00:00-05:00,2946.5,2949.300048828125,2935.60009765625,2937.199951171875,20728
2025-02-13 08:00:00-05:00,2941.60009765625,2949.0,2932.699951171875,2946.5,52190
2025-02-13 12:00:00-05:00,2957.199951171875,2958.300048828125,2941.300048828125,2941.60009765625,32600
2025-02-13 16:00:00-05:00,2956.39990234375,2960.10009765625,2955.800048828125,2957.300048828125,3645
2025-02-13 20:00:00-05:00,2956.300048828125,2964.0,2951.699951171875,2956.39990234375,14272
2025-02-14 00:00:00-05:00,2959.5,2963.300048828125,2955.300048828125,2956.300048828125,17306
2025-02-14 04:00:00-05:00,2954.10009765625,2964.10009765625,2950.300048828125,2959.199951171875,22106
2025-02-14 08:00:00-05:00,2912.199951171875,2955.199951171875,2903.39990234375,2954.199951171875,114750
2025-02-14 12:00:00-05:00,2896.5,2913.800048828125,2889.89990234375,2912.300048828125,41709
2025-02-14 16:00:00-05:00,2893.699951171875,2897.300048828125,2893.5,2896.39990234375,2634
2025-02-16 16:00:00-05:00,2894.39990234375,2904.10009765625,2887.60009765625,2895.10009765625,12570
2025-02-16 20:00:00-05:00,2910.699951171875,2916.39990234375,2892.300048828125,2894.39990234375,17834
2025-02-18 00:00:00-05:00,2925.300048828125,2928.800048828125,2920.89990234375,2923.89990234375,17174
2025-02-18 04:00:00-05:00,2932.0,2932.699951171875,2920.60009765625,2925.39990234375,17353
2025-02-18 08:00:00-05:00,2950.89990234375,2952.60009765625,2927.0,2931.800048828125,53700
2025-02-18 12:00:00-05:00,2951.300048828125,2956.5,2947.10009765625,2950.89990234375,21875
2025-02-18 16:00:00-05:00,2949.0,2955.89990234375,2948.60009765625,2951.199951171875,4853
2025-02-18 20:00:00-05:00,2945.39990234375,2959.0,2942.300048828125,2948.800048828125,19658
2025-02-19 00:00:00-05:00,2955.800048828125,2957.39990234375,2944.699951171875,2946.0,16437
2025-02-19 04:00:00-05:00,2951.10009765625,2964.39990234375,2948.60009765625,2956.0,25525
2025-02-19 08:00:00-05:00,2944.5,2960.0,2938.800048828125,2951.300048828125,57605
2025-02-19 12:00:00-05:00,2951.10009765625,2951.89990234375,2933.699951171875,2944.300048828125,28174
2025-02-19 16:00:00-05:00,2957.39990234375,2957.60009765625,2948.60009765625,2951.300048828125,5319
2025-02-19 20:00:00-05:00,2958.89990234375,2961.89990234375,2951.199951171875,2957.199951171875,16869
2025-02-20 00:00:00-05:00,2971.89990234375,2973.0,2957.800048828125,2958.199951171875,20529
2025-02-20 04:00:00-05:00,2962.800048828125,2973.39990234375,2955.0,2972.0,33166
2025-02-20 08:00:00-05:00,2958.89990234375,2965.199951171875,2939.300048828125,2962.699951171875,67270
2025-02-20 12:00:00-05:00,2953.0,2963.89990234375,2949.199951171875,2958.699951171875,23672
2025-02-20 16:00:00-05:00,2954.89990234375,2959.5,2952.199951171875,2952.800048828125,3807
2025-02-20 20:00:00-05:00,2941.800048828125,2964.699951171875,2940.0,2954.800048828125,27354
2025-02-21 00:00:00-05:00,2937.10009765625,2948.300048828125,2930.10009765625,2942.39990234375,23840
2025-02-21 04:00:00-05:00,2943.60009765625,2950.199951171875,2936.60009765625,2936.89990234375,21031
2025-02-21 08:00:00-05:00,2950.39990234375,2954.300048828125,2935.10009765625,2943.699951171875,51117
2025-02-21 12:00:00-05:00,2948.39990234375,2959.800048828125,2946.699951171875,2950.699951171875,26306
2025-02-21 16:00:00-05:00,2949.60009765625,2952.89990234375,2945.800048828125,2948.199951171875,2303
2025-02-23 16:00:00-05:00,2944.39990234375,2955.39990234375,2944.199951171875,2950.39990234375,5587
2025-02-23 20:00:00-05:00,2954.199951171875,2957.5,2936.800048828125,2944.60009765625,18883
2025-02-24 00:00:00-05:00,2961.10009765625,2963.699951171875,2948.300048828125,2954.10009765625,17262
2025-02-24 04:00:00-05:00,2961.800048828125,2966.39990234375,2949.39990234375,2961.10009765625,23573
2025-02-24 08:00:00-05:00,2958.800048828125,2974.0,2945.5,2961.89990234375,68991
2025-02-24 12:00:00-05:00,2964.800048828125,2966.39990234375,2956.199951171875,2958.800048828125,19503
2025-02-24 16:00:00-05:00,2965.199951171875,2970.39990234375,2964.10009765625,2965.0,3755
2025-02-24 20:00:00-05:00,2952.699951171875,2968.39990234375,2951.60009765625,2965.39990234375,17353
2025-02-25 00:00:00-05:00,2955.199951171875,2956.699951171875,2943.39990234375,2952.60009765625,24680
2025-02-25 04:00:00-05:00,2942.10009765625,2956.800048828125,2936.199951171875,2955.10009765625,29593
2025-02-25 08:00:00-05:00,2908.39990234375,2959.699951171875,2897.0,2942.199951171875,116485
2025-02-25 12:00:00-05:00,2925.5,2926.10009765625,2905.10009765625,2908.39990234375,31206
2025-02-25 16:00:00-05:00,2934.39990234375,2938.10009765625,2925.199951171875,2925.39990234375,8774
2025-02-25 20:00:00-05:00,2928.0,2942.0,2926.10009765625,2934.300048828125,18951
2025-02-26 00:00:00-05:00,2931.300048828125,2933.699951171875,2918.699951171875,2927.800048828125,19529
2025-02-26 04:00:00-05:00,2927.699951171875,2932.5,2923.39990234375,2931.39990234375,16133
2025-02-26 08:00:00-05:00,2927.39990234375,2932.10009765625,2903.300048828125,2927.699951171875,71167
2025-02-26 12:00:00-05:00,2930.699951171875,2931.89990234375,2924.699951171875,2927.39990234375,21814
2025-02-26 16:00:00-05:00,2932.0,2935.800048828125,2930.0,2930.800048828125,4638
2025-02-26 20:00:00-05:00,2912.89990234375,2933.800048828125,2910.699951171875,2931.800048828125,17721
2025-02-27 00:00:00-05:00,2892.800048828125,2913.10009765625,2891.800048828125,2911.89990234375,35922
2025-02-27 04:00:00-05:00,2898.0,2908.300048828125,2889.39990234375,2892.60009765625,35066
2025-02-27 08:00:00-05:00,2890.60009765625,2906.0,2879.0,2897.699951171875,78835
2025-02-27 12:00:00-05:00,2884.5,2899.199951171875,2883.39990234375,2890.800048828125,27858
2025-02-27 16:00:00-05:00,2887.199951171875,2891.199951171875,2881.5,2884.699951171875,4829
2025-02-27 20:00:00-05:00,2875.39990234375,2896.10009765625,2867.199951171875,2887.300048828125,25508
2025-02-28 00:00:00-05:00,2868.199951171875,2879.300048828125,2862.699951171875,2874.0,25154
2025-02-28 04:00:00-05:00,2869.199951171875,2877.300048828125,2866.89990234375,2868.10009765625,22722
2025-02-28 08:00:00-05:00,2859.39990234375,2875.0,2844.10009765625,2869.199951171875,92406
2025-02-28 12:00:00-05:00,2864.39990234375,2864.89990234375,2847.199951171875,2859.39990234375,32312
2025-02-28 16:00:00-05:00,2867.300048828125,2869.89990234375,2863.39990234375,2864.60009765625,3291
2025-03-02 16:00:00-05:00,2877.10009765625,2888.5,2866.300048828125,2872.0,13335
2025-03-02 20:00:00-05:00,2877.0,2884.5,2869.199951171875,2877.10009765625,16461
2025-03-03 00:00:00-05:00,2878.5,2879.300048828125,2868.800048828125,2876.60009765625,15824
2025-03-03 04:00:00-05:00,2886.5,2888.699951171875,2874.0,2878.800048828125,25275
2025-03-03 08:00:00-05:00,2901.89990234375,2904.199951171875,2879.60009765625,2886.39990234375,63069
2025-03-03 12:00:00-05:00,2901.300048828125,2904.10009765625,2887.800048828125,2901.800048828125,32932
2025-03-03 16:00:00-05:00,2902.39990234375,2906.39990234375,2900.0,2901.39990234375,6703
2025-03-03 20:00:00-05:00,2901.89990234375,2904.0,2892.5,2902.39990234375,18646
2025-03-04 00:00:00-05:00,2924.699951171875,2929.39990234375,2895.199951171875,2901.0,32063
2025-03-04 04:00:00-05:00,2936.5,2937.10009765625,2922.699951171875,2925.0,33201
2025-03-04 08:00:00-05:00,2926.199951171875,2939.800048828125,2910.60009765625,2936.60009765625,71508
2025-03-04 12:00:00-05:00,2928.699951171875,2931.5,2919.0,2926.199951171875,23112
2025-03-04 16:00:00-05:00,2924.0,2929.800048828125,2922.699951171875,2928.5,4333
2025-03-04 20:00:00-05:00,2920.699951171875,2925.0,2912.5,2924.199951171875,19434
2025-03-05 00:00:00-05:00,2931.0,2932.60009765625,2920.199951171875,2920.60009765625,19955
2025-03-05 04:00:00-05:00,2926.5,2933.699951171875,2919.199951171875,2930.89990234375,26102
2025-03-05 08:00:00-05:00,2933.699951171875,2941.300048828125,2903.39990234375,2926.60009765625,79227
2025-03-05 12:00:00-05:00,2931.60009765625,2935.300048828125,2920.10009765625,2933.89990234375,28350
2025-03-05 16:00:00-05:00,2925.10009765625,2931.800048828125,2925.0,2931.699951171875,3995
2025-03-05 20:00:00-05:00,2926.89990234375,2935.89990234375,2924.0,2925.10009765625,11389
2025-03-06 00:00:00-05:00,2912.699951171875,2931.0,2908.199951171875,2926.300048828125,30932
2025-03-06 04:00:00-05:00,2910.699951171875,2915.89990234375,2897.60009765625,2912.5,35980
2025-03-06 08:00:00-05:00,2925.60009765625,2931.800048828125,2908.0,2910.5,56104
2025-03-06 12:00:00-05:00,2917.39990234375,2929.800048828125,2916.89990234375,2925.5,21946
2025-03-06 16:00:00-05:00,2913.0,2920.60009765625,2905.300048828125,2917.39990234375,7150
2025-03-06 20:00:00-05:00,2913.199951171875,2917.5,2909.199951171875,2912.89990234375,14217
2025-03-07 00:00:00-05:00,2930.39990234375,2931.199951171875,2913.0,2913.300048828125,15666
2025-03-07 04:00:00-05:00,2925.89990234375,2930.699951171875,2923.5,2930.199951171875,16041
2025-03-07 08:00:00-05:00,2922.0,2938.800048828125,2909.199951171875,2925.89990234375,103464
2025-03-07 12:00:00-05:00,2918.199951171875,2924.39990234375,2909.60009765625,2922.199951171875,56286
2025-03-07 16:00:00-05:00,2917.699951171875,2920.199951171875,2916.89990234375,2918.5,1923
2025-03-09 17:00:00-04:00,2920.89990234375,2926.39990234375,2917.39990234375,2919.60009765625,6271
2025-03-09 21:00:00-04:00,2916.60009765625,2925.699951171875,2914.0,2920.89990234375,9319
2025-03-10 00:00:00-04:00,2915.0,2921.89990234375,2909.800048828125,2916.800048828125,12014
2025-03-10 04:00:00-04:00,2910.60009765625,2922.0,2901.800048828125,2915.0,36172
2025-03-10 08:00:00-04:00,2911.10009765625,2917.5,2903.5,2910.39990234375,54024
2025-03-10 12:00:00-04:00,2890.60009765625,2913.800048828125,2885.39990234375,2911.199951171875,83491
2025-03-10 16:00:00-04:00,2889.10009765625,2894.39990234375,2887.0,2890.5,4498
2025-03-10 20:00:00-04:00,2900.39990234375,2903.89990234375,2882.5,2889.300048828125,18224
2025-03-11 00:00:00-04:00,2905.0,2907.89990234375,2896.10009765625,2900.39990234375,15377
2025-03-11 04:00:00-04:00,2919.10009765625,2920.89990234375,2904.39990234375,2905.199951171875,26381
2025-03-11 08:00:00-04:00,2922.800048828125,2929.0,2912.10009765625,2919.199951171875,67801
2025-03-11 12:00:00-04:00,2925.199951171875,2927.800048828125,2919.89990234375,2922.699951171875,41330
2025-03-11 16:00:00-04:00,2922.300048828125,2926.10009765625,2921.199951171875,2925.39990234375,4017
2025-03-11 20:00:00-04:00,2921.199951171875,2925.800048828125,2917.300048828125,2922.39990234375,8009
2025-03-12 00:00:00-04:00,2919.699951171875,2925.89990234375,2914.10009765625,2920.699951171875,13745
2025-03-12 04:00:00-04:00,2920.89990234375,2931.5,2918.300048828125,2919.699951171875,19905
2025-03-12 08:00:00-04:00,2935.699951171875,2937.300048828125,2911.0,2920.800048828125,76870
2025-03-12 12:00:00-04:00,2939.89990234375,2948.89990234375,2934.800048828125,2935.800048828125,63696
2025-03-12 16:00:00-04:00,2945.199951171875,2946.5,2939.300048828125,2940.0,4947
2025-03-12 20:00:00-04:00,2954.699951171875,2956.5,2944.89990234375,2945.199951171875,15051
2025-03-13 00:00:00-04:00,2944.89990234375,2955.5,2942.199951171875,2954.60009765625,15390
2025-03-13 04:00:00-04:00,2955.199951171875,2958.0,2944.39990234375,2944.800048828125,23058
2025-03-13 08:00:00-04:00,2989.39990234375,2990.89990234375,2947.60009765625,2955.199951171875,103219
2025-03-13 12:00:00-04:00,2995.199951171875,2999.699951171875,2988.60009765625,2989.39990234375,70289
2025-03-13 16:00:00-04:00,2998.699951171875,3003.0,2993.199951171875,2995.0,6264
2025-03-13 20:00:00-04:00,3002.60009765625,3004.60009765625,2994.800048828125,2998.300048828125,16669
2025-03-14 00:00:00-04:00,3000.60009765625,3005.89990234375,2994.300048828125,3004.199951171875,17612
2025-03-14 04:00:00-04:00,3004.60009765625,3017.10009765625,2998.800048828125,3000.60009765625,37882
2025-03-14 08:00:00-04:00,2995.699951171875,3011.89990234375,2988.60009765625,3004.800048828125,63752
2025-03-14 12:00:00-04:00,2992.0,3001.5,2991.0,2995.60009765625,32910
2025-03-14 16:00:00-04:00,2993.699951171875,2997.699951171875,2990.0,2992.10009765625,3253
2025-03-16 16:00:00-04:00,2998.0,3002.199951171875,2991.89990234375,2994.800048828125,5398
2025-03-16 20:00:00-04:00,2995.800048828125,3000.800048828125,2994.10009765625,2997.800048828125,10207
2025-03-17 00:00:00-04:00,2993.89990234375,2999.0,2991.39990234375,2996.0,12178
2025-03-17 04:00:00-04:00,3005.39990234375,3009.39990234375,2991.5,2993.89990234375,21145
2025-03-17 08:00:00-04:00,3004.89990234375,3008.0,2991.60009765625,3005.5,63153
2025-03-17 12:00:00-04:00,3008.300048828125,3009.10009765625,3000.300048828125,3004.699951171875,22387
2025-03-17 16:00:00-04:00,3008.89990234375,3011.39990234375,3008.199951171875,3008.5,3967
2025-03-17 20:00:00-04:00,3020.300048828125,3024.10009765625,3008.300048828125,3008.800048828125,20070
2025-03-18 00:00:00-04:00,3025.800048828125,3028.300048828125,3016.60009765625,3020.60009765625,19804
2025-03-18 04:00:00-04:00,3035.300048828125,3038.0,3025.800048828125,3025.89990234375,31231
2025-03-18 08:00:00-04:00,3039.5,3047.5,3031.300048828125,3035.199951171875,71935
2025-03-18 12:00:00-04:00,3042.699951171875,3045.0,3037.199951171875,3039.300048828125,24930
2025-03-18 16:00:00-04:00,3038.199951171875,3043.0,3038.10009765625,3042.60009765625,3681
2025-03-18 20:00:00-04:00,3045.10009765625,3046.199951171875,3035.0,3038.300048828125,11250
2025-03-19 00:00:00-04:00,3043.199951171875,3052.39990234375,3041.5,3043.800048828125,19113
2025-03-19 04:00:00-04:00,3046.800048828125,3048.300048828125,3031.300048828125,3043.5,26335
2025-03-19 08:00:00-04:00,3040.10009765625,3048.89990234375,3033.60009765625,3046.800048828125,38881
2025-03-19 12:00:00-04:00,3056.60009765625,3061.60009765625,3037.5,3040.300048828125,42258
2025-03-19 16:00:00-04:00,3059.60009765625,3060.699951171875,3053.800048828125,3056.60009765625,3620
2025-03-19 20:00:00-04:00,3057.89990234375,3065.199951171875,3053.699951171875,3059.60009765625,15319
2025-03-20 00:00:00-04:00,3049.0,3065.199951171875,3048.60009765625,3057.89990234375,21796
2025-03-20 04:00:00-04:00,3042.300048828125,3053.0,3032.800048828125,3049.300048828125,29723
2025-03-20 08:00:00-04:00,3048.10009765625,3051.0,3037.699951171875,3042.199951171875,45606
2025-03-20 12:00:00-04:00,3052.60009765625,3053.89990234375,3042.0,3048.300048828125,20922
2025-03-20 16:00:00-04:00,3053.89990234375,3054.5,3051.0,3052.5,3207
2025-03-20 20:00:00-04:00,3037.89990234375,3055.0,3037.800048828125,3053.89990234375,14480
2025-03-21 00:00:00-04:00,3038.199951171875,3041.0,3026.89990234375,3037.5,18754
2025-03-21 04:00:00-04:00,3041.300048828125,3045.39990234375,3033.10009765625,3038.300048828125,27374
2025-03-21 08:00:00-04:00,3016.199951171875,3045.39990234375,3004.10009765625,3041.199951171875,92763
2025-03-21 12:00:00-04:00,3025.5,3028.0,3015.800048828125,3016.10009765625,28350
2025-03-21 16:00:00-04:00,3028.199951171875,3030.0,3025.5,3025.699951171875,2906
2025-03-23 16:00:00-04:00,3030.39990234375,3031.60009765625,3024.5,3027.60009765625,3158
2025-03-23 20:00:00-04:00,3021.89990234375,3031.5,3019.199951171875,3030.300048828125,14553
2025-03-24 00:00:00-04:00,3026.800048828125,3033.199951171875,3020.699951171875,3021.300048828125,11213
2025-03-24 04:00:00-04:00,3030.10009765625,3038.39990234375,3026.300048828125,3026.699951171875,38894
2025-03-24 08:00:00-04:00,3019.10009765625,3034.10009765625,3009.800048828125,3030.10009765625,89957
2025-03-24 12:00:00-04:00,3013.199951171875,3020.60009765625,3007.699951171875,3019.10009765625,38146
2025-03-24 16:00:00-04:00,3014.39990234375,3020.39990234375,3012.699951171875,3013.199951171875,5305
2025-03-24 20:00:00-04:00,3018.89990234375,3019.89990234375,3010.800048828125,3014.39990234375,12042
2025-03-25 00:00:00-04:00,3015.39990234375,3025.39990234375,3014.699951171875,3019.0,14328
2025-03-25 04:00:00-04:00,3024.89990234375,3031.0,3015.0,3015.5,27716
2025-03-25 08:00:00-04:00,3026.5,3042.39990234375,3018.800048828125,3024.89990234375,83028
2025-03-25 12:00:00-04:00,3025.699951171875,3031.60009765625,3023.10009765625,3026.699951171875,24941
2025-03-25 16:00:00-04:00,3025.300048828125,3027.5,3024.699951171875,3025.60009765625,2514
2025-03-25 20:00:00-04:00,3020.800048828125,3030.699951171875,3020.199951171875,3025.39990234375,15011
2025-03-26 00:00:00-04:00,3034.300048828125,3034.699951171875,3017.800048828125,3021.10009765625,16069
2025-03-26 04:00:00-04:00,3032.800048828125,3036.10009765625,3022.300048828125,3034.39990234375,30403
2025-03-26 08:00:00-04:00,3021.699951171875,3036.0,3018.0,3032.89990234375,68333
2025-03-26 12:00:00-04:00,3023.10009765625,3027.199951171875,3020.699951171875,3021.699951171875,29679
2025-03-26 16:00:00-04:00,3025.0,3028.199951171875,3022.300048828125,3023.10009765625,6577
2025-03-26 20:00:00-04:00,3038.5,3039.199951171875,3024.89990234375,3024.89990234375,9008
2025-03-27 00:00:00-04:00,3045.699951171875,3047.0,3034.199951171875,3038.5,13909
2025-03-27 04:00:00-04:00,3062.800048828125,3065.5,3042.699951171875,3045.89990234375,30548
2025-03-27 08:00:00-04:00,3063.10009765625,3071.300048828125,3040.60009765625,3063.199951171875,48825
2025-03-27 12:00:00-04:00,3069.300048828125,3070.0,3059.89990234375,3063.10009765625,15907
2025-03-27 16:00:00-04:00,3069.199951171875,3069.89990234375,3066.800048828125,3069.199951171875,1792
2025-03-27 20:00:00-04:00,3086.39990234375,3087.39990234375,3068.60009765625,3068.800048828125,2060
2025-03-28 00:00:00-04:00,3118.0,3122.300048828125,3082.39990234375,3084.89990234375,42769
2025-03-28 04:00:00-04:00,3111.800048828125,3120.300048828125,3074.300048828125,3117.89990234375,32369
2025-03-28 08:00:00-04:00,3118.5,3122.39990234375,3072.300048828125,3111.699951171875,76577
2025-03-28 12:00:00-04:00,3114.199951171875,3121.39990234375,3078.199951171875,3089.300048828125,34903
2025-03-28 16:00:00-04:00,3118.0,3119.800048828125,3086.699951171875,3086.699951171875,3682
2025-03-30 16:00:00-04:00,3123.5,3128.300048828125,3091.0,3118.800048828125,8431
2025-03-30 20:00:00-04:00,3139.10009765625,3143.60009765625,3086.0,3123.39990234375,31380
2025-03-31 00:00:00-04:00,3156.699951171875,3158.199951171875,3111.300048828125,3139.0,29528
2025-03-31 04:00:00-04:00,3151.5,3159.300048828125,3117.699951171875,3156.60009765625,27917
2025-03-31 08:00:00-04:00,3146.89990234375,3162.0,3104.0,3151.39990234375,76093
2025-03-31 12:00:00-04:00,3157.199951171875,3157.5,3117.5,3147.0,28090
2025-03-31 16:00:00-04:00,3155.699951171875,3161.0,3129.10009765625,3129.699951171875,5189
2025-03-31 20:00:00-04:00,3175.800048828125,3177.0,3132.39990234375,3155.5,27894
2025-04-01 00:00:00-04:00,3156.10009765625,3177.0,3129.5,3175.60009765625,37039
2025-04-01 04:00:00-04:00,3159.5,3168.5,3130.60009765625,3156.0,25080
2025-04-01 08:00:00-04:00,3144.0,3168.0,3121.699951171875,3159.60009765625,56553
2025-04-01 12:00:00-04:00,3150.89990234375,3151.300048828125,3104.0,3143.800048828125,37990
2025-04-01 16:00:00-04:00,3146.699951171875,3154.10009765625,3117.39990234375,3150.89990234375,4398
2025-04-01 20:00:00-04:00,3154.0,3163.800048828125,3123.0,3146.800048828125,20420
2025-04-02 00:00:00-04:00,3154.699951171875,3155.5,3135.699951171875,3154.199951171875,22404
2025-04-02 04:00:00-04:00,3157.300048828125,3167.0,3122.0,3154.60009765625,33914
2025-04-02 08:00:00-04:00,3165.5,3170.5,3125.800048828125,3157.39990234375,64407
2025-04-02 12:00:00-04:00,3163.0,3177.699951171875,3135.0,3165.5,39309
2025-04-02 16:00:00-04:00,3188.300048828125,3201.60009765625,3123.60009765625,3163.199951171875,45884
2025-04-02 20:00:00-04:00,3170.39990234375,3190.0,3145.0,3188.199951171875,45775
2025-04-03 00:00:00-04:00,3153.199951171875,3172.199951171875,3113.39990234375,3170.5,38479
2025-04-03 04:00:00-04:00,3113.39990234375,3156.199951171875,3084.5,3153.300048828125,60663
2025-04-03 08:00:00-04:00,3132.300048828125,3159.5,3052.0,3088.60009765625,150653
2025-04-03 12:00:00-04:00,3127.10009765625,3136.0,3099.0,3132.5,31441
2025-04-03 16:00:00-04:00,3134.300048828125,3143.300048828125,3110.0,3127.199951171875,6239
2025-04-03 20:00:00-04:00,3117.800048828125,3137.0,3090.0,3134.300048828125,19693
2025-04-04 00:00:00-04:00,3113.10009765625,3131.199951171875,3089.5,3118.699951171875,20578
2025-04-04 04:00:00-04:00,3132.5,3160.199951171875,3077.5,3113.10009765625,65043
2025-04-04 08:00:00-04:00,3040.5,3134.300048828125,3011.0,3132.699951171875,145751
2025-04-04 12:00:00-04:00,3057.60009765625,3062.199951171875,3011.0,3040.39990234375,49667
2025-04-04 16:00:00-04:00,3056.10009765625,3061.39990234375,3035.60009765625,3057.5,4471
2025-04-06 16:00:00-04:00,3015.5,3055.10009765625,2972.800048828125,3055.10009765625,23601
2025-04-06 20:00:00-04:00,3034.10009765625,3084.39990234375,2965.0,3015.0,61365
2025-04-07 00:00:00-04:00,3035.699951171875,3060.800048828125,3007.0,3035.300048828125,29777
2025-04-07 04:00:00-04:00,3047.5,3064.5,3014.0,3035.800048828125,33990
2025-04-07 08:00:00-04:00,3004.0,3056.300048828125,2973.10009765625,3048.0,99828
2025-04-07 12:00:00-04:00,2992.300048828125,3004.199951171875,2949.699951171875,3003.800048828125,51167
2025-04-07 16:00:00-04:00,2995.300048828125,3004.800048828125,2968.0,2992.199951171875,5744
2025-04-07 20:00:00-04:00,3009.300048828125,3018.89990234375,2993.800048828125,2995.300048828125,24257
2025-04-08 00:00:00-04:00,3018.0,3030.60009765625,2991.60009765625,3008.60009765625,22462
2025-04-08 04:00:00-04:00,3034.10009765625,3036.5,2996.699951171875,3017.699951171875,27702
2025-04-08 08:00:00-04:00,3016.0,3037.89990234375,2995.0,3034.199951171875,63689
2025-04-08 12:00:00-04:00,2999.10009765625,3016.10009765625,2973.300048828125,3015.800048828125,47138
2025-04-08 16:00:00-04:00,2991.800048828125,3005.89990234375,2965.800048828125,2998.89990234375,8421
2025-04-08 20:00:00-04:00,3021.199951171875,3025.300048828125,2986.60009765625,2992.0,31280
2025-04-09 00:00:00-04:00,3059.0,3071.39990234375,3010.800048828125,3018.60009765625,47961
2025-04-09 04:00:00-04:00,3084.5,3087.0,3039.0,3059.10009765625,43556
2025-04-09 08:00:00-04:00,3102.10009765625,3104.699951171875,3056.89990234375,3084.800048828125,77740
2025-04-09 12:00:00-04:00,3110.60009765625,3118.5,3054.199951171875,3102.300048828125,75408
2025-04-09 16:00:00-04:00,3101.199951171875,3114.0,3072.10009765625,3110.60009765625,6456
2025-04-09 20:00:00-04:00,3141.39990234375,3148.10009765625,3093.800048828125,3101.39990234375,34337
2025-04-10 00:00:00-04:00,3124.5,3149.39990234375,3103.300048828125,3141.5,26435
2025-04-10 04:00:00-04:00,3142.199951171875,3143.199951171875,3103.39990234375,3124.39990234375,26735
2025-04-10 08:00:00-04:00,3175.10009765625,3193.800048828125,3116.699951171875,3142.39990234375,90887
2025-04-10 12:00:00-04:00,3188.60009765625,3194.300048828125,3148.60009765625,3175.10009765625,40706
2025-04-10 16:00:00-04:00,3209.10009765625,3212.0,3182.10009765625,3188.5,7341
2025-04-10 20:00:00-04:00,3237.0,3241.5,3183.39990234375,3209.199951171875,36451
2025-04-11 00:00:00-04:00,3231.39990234375,3238.300048828125,3189.199951171875,3236.699951171875,34295
2025-04-11 04:00:00-04:00,3230.800048828125,3255.89990234375,3210.60009765625,3231.300048828125,47283
2025-04-11 08:00:00-04:00,3258.300048828125,3262.300048828125,3214.0,3231.199951171875,66695
2025-04-11 12:00:00-04:00,3248.10009765625,3263.0,3221.199951171875,3258.39990234375,39934
2025-04-11 16:00:00-04:00,3254.89990234375,3257.10009765625,3229.800048828125,3248.199951171875,2884
2025-04-13 16:00:00-04:00,3240.699951171875,3250.0,3215.5,3246.0,8758
2025-04-13 20:00:00-04:00,3247.60009765625,3261.60009765625,3228.800048828125,3240.39990234375,24397
2025-04-14 00:00:00-04:00,3243.300048828125,3253.800048828125,3218.0,3247.800048828125,18125
2025-04-14 04:00:00-04:00,3239.10009765625,3247.5,3200.800048828125,3243.300048828125,38220
2025-04-14 08:00:00-04:00,3214.60009765625,3244.39990234375,3194.5,3239.199951171875,65976
2025-04-14 12:00:00-04:00,3228.10009765625,3232.5,3195.0,3214.699951171875,26020
2025-04-14 16:00:00-04:00,3228.800048828125,3231.0,3223.10009765625,3228.199951171875,2882
2025-04-14 20:00:00-04:00,3244.89990234375,3245.199951171875,3216.0,3229.0,16353
2025-04-15 00:00:00-04:00,3241.39990234375,3249.0,3214.0,3244.300048828125,17220
2025-04-15 04:00:00-04:00,3236.300048828125,3247.699951171875,3232.199951171875,3241.39990234375,18686
2025-04-15 08:00:00-04:00,3237.60009765625,3243.199951171875,3216.5,3236.300048828125,41400
2025-04-15 12:00:00-04:00,3246.699951171875,3248.0,3235.800048828125,3237.800048828125,18432
2025-04-15 16:00:00-04:00,3269.199951171875,3269.199951171875,3243.39990234375,3246.89990234375,10969
2025-04-15 20:00:00-04:00,3297.0,3298.5,3268.699951171875,3269.199951171875,35182
2025-04-16 00:00:00-04:00,3316.699951171875,3317.800048828125,3286.5,3297.800048828125,38956
2025-04-16 04:00:00-04:00,3323.199951171875,3334.199951171875,3305.10009765625,3316.699951171875,53074
2025-04-16 08:00:00-04:00,3341.199951171875,3344.199951171875,3312.60009765625,3323.10009765625,61633
2025-04-16 12:00:00-04:00,3352.0,3358.39990234375,3337.199951171875,3341.0,45553
2025-04-16 16:00:00-04:00,3363.89990234375,3371.89990234375,3350.0,3352.0,8719
2025-04-16 20:00:00-04:00,3356.0,3369.10009765625,3333.10009765625,3364.0,47249
2025-04-17 00:00:00-04:00,3336.5,3357.39990234375,3327.300048828125,3357.0,30119
2025-04-17 04:00:00-04:00,3341.199951171875,3347.300048828125,3325.5,3336.5,26764
2025-04-17 08:00:00-04:00,3308.800048828125,3355.800048828125,3296.39990234375,3341.199951171875,85432
2025-04-17 12:00:00-04:00,3334.5,3336.39990234375,3307.39990234375,3309.300048828125,31907
2025-04-17 16:00:00-04:00,3341.300048828125,3342.699951171875,3332.0,3334.60009765625,3560
2025-04-20 16:00:00-04:00,3361.800048828125,3368.10009765625,3344.0,3347.0,12911
2025-04-20 20:00:00-04:00,3394.0,3397.60009765625,3361.199951171875,3362.0,40214
2025-04-21 00:00:00-04:00,3397.10009765625,3407.300048828125,3382.0,3393.89990234375,30408
2025-04-21 04:00:00-04:00,3415.60009765625,3417.300048828125,3395.10009765625,3397.0,28155
2025-04-21 08:00:00-04:00,3433.89990234375,3442.300048828125,3410.39990234375,3415.89990234375,82173
2025-04-21 12:00:00-04:00,3434.5,3441.60009765625,3417.10009765625,3434.0,37883
2025-04-21 16:00:00-04:00,3445.300048828125,3455.89990234375,3430.5,3434.699951171875,11998
2025-04-21 20:00:00-04:00,3497.60009765625,3504.199951171875,3423.89990234375,3445.300048828125,68361
2025-04-22 00:00:00-04:00,3479.5,3509.89990234375,3471.199951171875,3497.39990234375,62980
2025-04-22 04:00:00-04:00,3468.60009765625,3483.800048828125,3454.10009765625,3479.699951171875,51794
2025-04-22 08:00:00-04:00,3429.300048828125,3476.60009765625,3419.0,3468.5,111428
2025-04-22 12:00:00-04:00,3387.60009765625,3432.60009765625,3379.10009765625,3429.199951171875,95700
2025-04-22 16:00:00-04:00,3346.199951171875,3395.199951171875,3316.0,3387.699951171875,14693
2025-04-22 20:00:00-04:00,3349.10009765625,3396.0,3339.199951171875,3346.10009765625,62178
2025-04-23 00:00:00-04:00,3329.89990234375,3359.5,3302.60009765625,3349.39990234375,51903
2025-04-23 04:00:00-04:00,3335.300048828125,3352.39990234375,3316.89990234375,3330.10009765625,42058
2025-04-23 08:00:00-04:00,3292.800048828125,3345.699951171875,3270.800048828125,3335.300048828125,135608
2025-04-23 12:00:00-04:00,3306.89990234375,3319.0,3288.89990234375,3293.0,41738
2025-04-23 16:00:00-04:00,3327.39990234375,3329.0,3297.0,3307.199951171875,6579
2025-04-23 20:00:00-04:00,3338.300048828125,3377.0,3324.10009765625,3327.60009765625,63966
2025-04-24 00:00:00-04:00,3344.199951171875,3350.800048828125,3325.300048828125,3337.300048828125,34118
2025-04-24 04:00:00-04:00,3348.699951171875,3356.10009765625,3336.699951171875,3344.10009765625,28444
2025-04-24 08:00:00-04:00,3340.699951171875,3356.699951171875,3316.89990234375,3348.5,65812
2025-04-24 12:00:00-04:00,3353.800048828125,3358.89990234375,3334.199951171875,3340.800048828125,30719
2025-04-24 16:00:00-04:00,3360.199951171875,3384.10009765625,3349.39990234375,3353.800048828125,10400
2025-04-24 20:00:00-04:00,3338.89990234375,3374.300048828125,3337.800048828125,3359.800048828125,30892
2025-04-25 00:00:00-04:00,3317.199951171875,3338.0,3296.0,3334.39990234375,49955
2025-04-25 04:00:00-04:00,3303.89990234375,3319.10009765625,3297.60009765625,3317.199951171875,30424
2025-04-25 08:00:00-04:00,3293.39990234375,3313.60009765625,3274.800048828125,3303.60009765625,72349
2025-04-25 12:00:00-04:00,3315.800048828125,3324.0,3291.0,3293.699951171875,29914
2025-04-25 16:00:00-04:00,3330.199951171875,3331.5,3315.699951171875,3316.0,4241
2025-04-27 16:00:00-04:00,3313.699951171875,3348.199951171875,3309.5,3336.5,13980
2025-04-27 20:00:00-04:00,3301.199951171875,3326.60009765625,3278.0,3313.39990234375,43230
2025-04-28 00:00:00-04:00,3297.60009765625,3311.39990234375,3288.39990234375,3301.699951171875,24263
2025-04-28 04:00:00-04:00,3305.199951171875,3308.60009765625,3282.60009765625,3298.0,25325
2025-04-28 08:00:00-04:00,3336.39990234375,3347.39990234375,3297.0,3305.89990234375,72019
2025-04-28 12:00:00-04:00,3362.5,3363.800048828125,3335.60009765625,3336.300048828125,31920
2025-04-28 16:00:00-04:00,3348.0,3363.0,3342.60009765625,3362.5,7260
2025-04-28 20:00:00-04:00,3323.10009765625,3350.800048828125,3317.699951171875,3348.199951171875,30573
2025-04-29 00:00:00-04:00,3333.0,3333.60009765625,3314.800048828125,3325.699951171875,20484
2025-04-29 04:00:00-04:00,3319.10009765625,3334.800048828125,3315.699951171875,3333.10009765625,19656
2025-04-29 08:00:00-04:00,3323.39990234375,3331.800048828125,3309.199951171875,3318.800048828125,58972
2025-04-29 12:00:00-04:00,3330.300048828125,3340.5,3322.800048828125,3323.800048828125,27508
2025-04-29 16:00:00-04:00,3326.800048828125,3333.60009765625,3320.800048828125,3330.39990234375,3780
2025-04-29 20:00:00-04:00,3314.300048828125,3337.60009765625,3312.800048828125,3326.699951171875,19497
2025-04-30 00:00:00-04:00,3316.800048828125,3324.300048828125,3310.699951171875,3314.0,16936
2025-04-30 04:00:00-04:00,3281.5,3317.10009765625,3276.699951171875,3316.800048828125,41945
2025-04-30 08:00:00-04:00,3318.5,3330.10009765625,3275.60009765625,3281.5,91255
2025-04-30 12:00:00-04:00,3306.800048828125,3325.0,3302.699951171875,3318.800048828125,26325
2025-04-30 16:00:00-04:00,3281.5,3308.699951171875,3278.39990234375,3306.699951171875,8620
2025-04-30 20:00:00-04:00,3237.60009765625,3285.0,3236.39990234375,3281.5,42402
2025-05-01 00:00:00-04:00,3238.199951171875,3251.800048828125,3228.300048828125,3237.0,28334
2025-05-01 04:00:00-04:00,3213.10009765625,3245.300048828125,3211.0,3238.199951171875,30237
2025-05-01 08:00:00-04:00,3224.60009765625,3241.60009765625,3209.39990234375,3212.89990234375,70933
2025-05-01 12:00:00-04:00,3236.60009765625,3238.5,3216.39990234375,3224.39990234375,26004
2025-05-01 16:00:00-04:00,3246.199951171875,3252.89990234375,3236.5,3237.0,6377
2025-05-01 20:00:00-04:00,3266.699951171875,3267.39990234375,3234.5,3246.199951171875,21651
2025-05-02 00:00:00-04:00,3267.0,3271.60009765625,3254.60009765625,3263.89990234375,23620
2025-05-02 04:00:00-04:00,3269.89990234375,3277.0,3262.5,3267.10009765625,24181
2025-05-02 08:00:00-04:00,3239.800048828125,3273.199951171875,3238.39990234375,3269.89990234375,88349
2025-05-02 12:00:00-04:00,3241.39990234375,3247.39990234375,3229.5,3240.0,40792
2025-05-02 16:00:00-04:00,3247.39990234375,3249.199951171875,3240.5,3241.5,4215
2025-05-04 16:00:00-04:00,3255.199951171875,3259.5,3243.10009765625,3247.10009765625,8387
2025-05-04 20:00:00-04:00,3262.300048828125,3280.60009765625,3248.0,3255.300048828125,26190
2025-05-05 00:00:00-04:00,3272.699951171875,3276.0,3261.39990234375,3262.699951171875,14592
2025-05-05 04:00:00-04:00,3321.89990234375,3327.699951171875,3271.199951171875,3272.800048828125,46644
2025-05-05 08:00:00-04:00,3321.10009765625,3337.89990234375,3317.300048828125,3321.89990234375,52716
2025-05-05 12:00:00-04:00,3337.60009765625,3346.699951171875,3314.0,3320.800048828125,30519
2025-05-05 16:00:00-04:00,3342.800048828125,3347.800048828125,3336.300048828125,3337.60009765625,6149
2025-05-05 20:00:00-04:00,3368.39990234375,3395.0,3332.10009765625,3342.800048828125,62462
2025-05-06 00:00:00-04:00,3378.5,3387.300048828125,3357.39990234375,3368.800048828125,32294
2025-05-06 04:00:00-04:00,3386.89990234375,3393.199951171875,3375.89990234375,3378.800048828125,31445
2025-05-06 08:00:00-04:00,3403.10009765625,3408.300048828125,3380.60009765625,3387.10009765625,75147
2025-05-06 12:00:00-04:00,3431.5,3433.199951171875,3402.800048828125,3403.199951171875,44485
2025-05-06 16:00:00-04:00,3409.199951171875,3448.199951171875,3383.89990234375,3431.5,21083
2025-05-06 20:00:00-04:00,3384.300048828125,3410.300048828125,3367.0,3409.300048828125,50851
2025-05-07 00:00:00-04:00,3396.0,3405.800048828125,3383.5,3383.800048828125,24477
2025-05-07 04:00:00-04:00,3395.0,3401.39990234375,3376.89990234375,3396.0,27047
2025-05-07 08:00:00-04:00,3393.0,3406.60009765625,3383.300048828125,3394.89990234375,60384
2025-05-07 12:00:00-04:00,3379.300048828125,3406.5,3371.199951171875,3393.0,73064
2025-05-07 16:00:00-04:00,3383.10009765625,3383.89990234375,3371.300048828125,3379.39990234375,6636
2025-05-07 20:00:00-04:00,3404.199951171875,3422.0,3380.60009765625,3383.199951171875,41933
2025-05-08 00:00:00-04:00,3348.89990234375,3405.800048828125,3325.39990234375,3403.0,67222
2025-05-08 04:00:00-04:00,3350.0,3352.300048828125,3335.199951171875,3349.10009765625,28549
2025-05-08 08:00:00-04:00,3336.0,3375.699951171875,3332.0,3350.199951171875,76886
2025-05-08 12:00:00-04:00,3311.10009765625,3336.0,3293.300048828125,3335.89990234375,75819
2025-05-08 16:00:00-04:00,3321.0,3329.0,3308.800048828125,3311.5,6781
2025-05-08 20:00:00-04:00,3312.39990234375,3327.800048828125,3278.89990234375,3321.5,49632
2025-05-09 00:00:00-04:00,3331.699951171875,3337.0,3313.300048828125,3313.300048828125,32440
2025-05-09 04:00:00-04:00,3337.800048828125,3342.800048828125,3324.5,3331.89990234375,24284
2025-05-09 08:00:00-04:00,3350.300048828125,3351.10009765625,3324.699951171875,3337.89990234375,58845
2025-05-09 12:00:00-04:00,3334.10009765625,3352.699951171875,3330.89990234375,3350.300048828125,33319
2025-05-09 16:00:00-04:00,3329.10009765625,3335.5,3329.10009765625,3333.89990234375,3628
2025-05-11 16:00:00-04:00,3292.89990234375,3294.39990234375,3251.5,3281.0,22068
2025-05-11 20:00:00-04:00,3287.0,3295.5,3262.39990234375,3292.800048828125,37466
2025-05-12 00:00:00-04:00,3226.800048828125,3287.699951171875,3219.199951171875,3287.300048828125,54633
2025-05-12 04:00:00-04:00,3228.60009765625,3238.800048828125,3211.199951171875,3226.800048828125,49244
2025-05-12 08:00:00-04:00,3243.800048828125,3253.0,3223.60009765625,3228.300048828125,71226
2025-05-12 12:00:00-04:00,3240.300048828125,3244.39990234375,3223.89990234375,3243.5,50235
2025-05-12 16:00:00-04:00,3241.300048828125,3246.699951171875,3233.300048828125,3240.10009765625,4802
2025-05-12 20:00:00-04:00,3240.89990234375,3247.699951171875,3220.10009765625,3241.10009765625,29025
2025-05-13 00:00:00-04:00,3263.10009765625,3270.39990234375,3238.699951171875,3240.60009765625,31319
2025-05-13 04:00:00-04:00,3253.10009765625,3265.300048828125,3252.300048828125,3263.300048828125,21732
2025-05-13 08:00:00-04:00,3258.10009765625,3260.5,3229.5,3253.0,67283
2025-05-13 12:00:00-04:00,3253.5,3262.10009765625,3246.5,3258.0,43258
2025-05-13 16:00:00-04:00,3258.300048828125,3261.300048828125,3252.699951171875,3253.300048828125,4263
2025-05-13 20:00:00-04:00,3230.800048828125,3258.5,3229.699951171875,3258.39990234375,28954
2025-05-14 00:00:00-04:00,3242.0,3243.0,3225.199951171875,3232.199951171875,28496
2025-05-14 04:00:00-04:00,3223.699951171875,3248.199951171875,3223.0,3242.39990234375,26997
2025-05-14 08:00:00-04:00,3186.5,3226.300048828125,3178.300048828125,3223.89990234375,104437
2025-05-14 12:00:00-04:00,3183.800048828125,3194.39990234375,3170.699951171875,3186.60009765625,34372
2025-05-14 16:00:00-04:00,3188.89990234375,3190.10009765625,3180.199951171875,3184.0,5191
2025-05-14 20:00:00-04:00,3153.39990234375,3195.60009765625,3150.89990234375,3188.60009765625,38943
2025-05-15 00:00:00-04:00,3145.39990234375,3157.199951171875,3123.300048828125,3153.199951171875,53108
2025-05-15 04:00:00-04:00,3182.300048828125,3183.300048828125,3141.800048828125,3145.10009765625,37741
2025-05-15 08:00:00-04:00,3222.800048828125,3223.199951171875,3180.60009765625,3182.199951171875,81247
2025-05-15 12:00:00-04:00,3234.60009765625,3235.300048828125,3218.699951171875,3223.0,28686
2025-05-15 16:00:00-04:00,3241.199951171875,3255.800048828125,3233.699951171875,3234.5,13565
2025-05-15 20:00:00-04:00,3215.5,3247.89990234375,3209.199951171875,3241.0,41052
2025-05-16 00:00:00-04:00,3210.5,3234.10009765625,3207.39990234375,3214.60009765625,34871
2025-05-16 04:00:00-04:00,3165.5,3216.0,3156.39990234375,3210.60009765625,54528
2025-05-16 08:00:00-04:00,3186.699951171875,3192.300048828125,3157.199951171875,3165.699951171875,66292
2025-05-16 12:00:00-04:00,3194.300048828125,3197.89990234375,3183.39990234375,3186.60009765625,25634
2025-05-16 16:00:00-04:00,3205.300048828125,3208.699951171875,3194.0,3194.300048828125,5584
2025-05-18 16:00:00-04:00,3238.39990234375,3247.89990234375,3212.199951171875,3220.0,17753
2025-05-18 20:00:00-04:00,3214.89990234375,3252.89990234375,3210.300048828125,3238.60009765625,34173
2025-05-19 00:00:00-04:00,3235.300048828125,3237.39990234375,3209.10009765625,3214.699951171875,24255
2025-05-19 04:00:00-04:00,3246.699951171875,3251.800048828125,3232.300048828125,3235.199951171875,26664
2025-05-19 08:00:00-04:00,3234.60009765625,3247.699951171875,3219.699951171875,3246.60009765625,57282
2025-05-19 12:00:00-04:00,3235.39990234375,3238.199951171875,3227.800048828125,3234.699951171875,19379
2025-05-19 16:00:00-04:00,3224.800048828125,3236.199951171875,3221.300048828125,3235.5,5087
2025-05-19 20:00:00-04:00,3213.199951171875,3235.800048828125,3207.39990234375,3224.800048828125,32482
2025-05-20 00:00:00-04:00,3224.800048828125,3227.300048828125,3209.699951171875,3213.60009765625,25583
2025-05-20 04:00:00-04:00,3243.699951171875,3244.199951171875,3220.199951171875,3224.699951171875,30012
2025-05-20 08:00:00-04:00,3279.5,3288.89990234375,3235.199951171875,3243.60009765625,98375
2025-05-20 12:00:00-04:00,3296.800048828125,3298.10009765625,3278.199951171875,3279.39990234375,26459
2025-05-20 16:00:00-04:00,3293.89990234375,3307.89990234375,3291.5,3296.699951171875,8095
2025-05-20 20:00:00-04:00,3308.699951171875,3316.800048828125,3287.0,3294.0,43517
2025-05-21 00:00:00-04:00,3311.800048828125,3322.5,3300.39990234375,3309.10009765625,31427
2025-05-21 04:00:00-04:00,3313.300048828125,3320.5,3305.699951171875,3311.89990234375,25929
2025-05-21 08:00:00-04:00,3313.800048828125,3317.89990234375,3291.5,3313.39990234375,75611
2025-05-21 12:00:00-04:00,3320.89990234375,3327.199951171875,3304.699951171875,3313.89990234375,34038
2025-05-21 16:00:00-04:00,3321.699951171875,3325.89990234375,3315.199951171875,3320.800048828125,6315
2025-05-21 20:00:00-04:00,3336.60009765625,3346.800048828125,3320.89990234375,3321.699951171875,30349
2025-05-22 00:00:00-04:00,3328.300048828125,3340.60009765625,3323.39990234375,3336.10009765625,26427
2025-05-22 04:00:00-04:00,3314.300048828125,3330.199951171875,3282.199951171875,3328.300048828125,58450
2025-05-22 08:00:00-04:00,3294.0,3316.0,3277.800048828125,3314.39990234375,79070
2025-05-22 12:00:00-04:00,3290.39990234375,3304.10009765625,3287.699951171875,3294.199951171875,27864
2025-05-22 16:00:00-04:00,3300.0,3302.199951171875,3289.5,3290.5,5691
2025-05-22 20:00:00-04:00,3301.800048828125,3309.5,3285.5,3300.10009765625,26289
2025-05-23 00:00:00-04:00,3328.89990234375,3334.39990234375,3301.199951171875,3301.300048828125,33196
2025-05-23 04:00:00-04:00,3348.300048828125,3350.60009765625,3322.199951171875,3328.699951171875,37108
2025-05-23 08:00:00-04:00,3361.60009765625,3365.699951171875,3336.199951171875,3348.5,101442
2025-05-23 12:00:00-04:00,3360.39990234375,3366.5,3357.199951171875,3361.800048828125,33013
2025-05-23 16:00:00-04:00,3357.699951171875,3361.60009765625,3355.89990234375,3360.199951171875,3279
2025-05-25 16:00:00-04:00,3341.5,3356.0,3339.39990234375,3355.60009765625,9646
2025-05-25 20:00:00-04:00,3345.800048828125,3355.300048828125,3329.300048828125,3341.5,20570
2025-05-26 00:00:00-04:00,3336.60009765625,3350.800048828125,3331.5,3346.0,18560
2025-05-26 04:00:00-04:00,3332.89990234375,3338.800048828125,3322.89990234375,3336.699951171875,16985
2025-05-26 08:00:00-04:00,3337.89990234375,3341.800048828125,3326.10009765625,3332.89990234375,18689
2025-05-26 12:00:00-04:00,3342.199951171875,3343.800048828125,3337.5,3337.89990234375,5124
2025-05-26 16:00:00-04:00,3345.699951171875,3349.0,3342.39990234375,3342.800048828125,4574
2025-05-26 20:00:00-04:00,3341.0,3349.699951171875,3330.60009765625,3345.89990234375,18467
2025-05-27 00:00:00-04:00,3295.800048828125,3341.300048828125,3291.699951171875,3340.89990234375,49438
2025-05-27 04:00:00-04:00,3286.800048828125,3309.60009765625,3286.10009765625,3295.60009765625,43711
2025-05-27 08:00:00-04:00,3291.800048828125,3303.699951171875,3283.0,3286.699951171875,58429
2025-05-27 12:00:00-04:00,3302.89990234375,3306.89990234375,3291.300048828125,3291.800048828125,25416
2025-05-27 16:00:00-04:00,3308.300048828125,3310.10009765625,3295.10009765625,3303.10009765625,4468
2025-05-27 20:00:00-04:00,3296.699951171875,3314.89990234375,3289.89990234375,3308.5,12001
2025-05-28 00:00:00-04:00,3317.39990234375,3321.0,3293.10009765625,3296.5,17801
2025-05-28 04:00:00-04:00,3310.60009765625,3324.5,3306.300048828125,3317.800048828125,20983
2025-05-28 08:00:00-04:00,3294.300048828125,3315.5,3291.10009765625,3310.300048828125,45510
2025-05-28 12:00:00-04:00,3294.60009765625,3301.0,3286.10009765625,3294.699951171875,16497
2025-05-28 16:00:00-04:00,3255.39990234375,3295.10009765625,3244.0,3294.5,1970
2025-05-28 20:00:00-04:00,3271.39990234375,3276.60009765625,3242.39990234375,3255.300048828125,3221
2025-05-29 00:00:00-04:00,3310.699951171875,3311.699951171875,3263.300048828125,3271.699951171875,86543
2025-05-29 04:00:00-04:00,3324.199951171875,3330.60009765625,3273.800048828125,3310.800048828125,30092
2025-05-29 08:00:00-04:00,3346.199951171875,3347.199951171875,3299.0,3324.60009765625,65615
2025-05-29 12:00:00-04:00,3340.60009765625,3356.300048828125,3339.5,3346.199951171875,36012
2025-05-29 16:00:00-04:00,3339.0,3345.300048828125,3336.300048828125,3340.5,3751
2025-05-29 20:00:00-04:00,3318.199951171875,3347.0,3314.699951171875,3338.800048828125,27000
2025-05-30 00:00:00-04:00,3319.199951171875,3328.39990234375,3311.300048828125,3317.699951171875,23134
2025-05-30 04:00:00-04:00,3318.199951171875,3324.800048828125,3311.39990234375,3318.699951171875,18570
2025-05-30 08:00:00-04:00,3312.60009765625,3332.89990234375,3294.800048828125,3318.39990234375,83645
2025-05-30 12:00:00-04:00,3318.699951171875,3320.199951171875,3307.60009765625,3312.800048828125,22955
2025-05-30 16:00:00-04:00,3313.10009765625,3319.699951171875,3312.699951171875,3318.60009765625,3005
2025-06-01 16:00:00-04:00,3333.300048828125,3339.89990234375,3319.39990234375,3323.0,9333
2025-06-01 20:00:00-04:00,3332.10009765625,3338.699951171875,3324.300048828125,3333.199951171875,16114
2025-06-02 00:00:00-04:00,3377.199951171875,3384.0,3332.60009765625,3332.60009765625,36711
2025-06-02 04:00:00-04:00,3381.199951171875,3385.60009765625,3368.800048828125,3377.199951171875,30188
2025-06-02 08:00:00-04:00,3399.10009765625,3404.199951171875,3374.5,3380.89990234375,54203
2025-06-02 12:00:00-04:00,3406.300048828125,3407.300048828125,3394.300048828125,3399.300048828125,25431
2025-06-02 16:00:00-04:00,3412.800048828125,3417.800048828125,3403.300048828125,3406.300048828125,6799
2025-06-02 20:00:00-04:00,3387.10009765625,3414.199951171875,3384.199951171875,3412.5,31692
2025-06-03 00:00:00-04:00,3384.60009765625,3392.800048828125,3375.60009765625,3385.699951171875,26281
2025-06-03 04:00:00-04:00,3383.300048828125,3389.800048828125,3377.699951171875,3384.699951171875,15487
2025-06-03 08:00:00-04:00,3374.0,3387.199951171875,3357.199951171875,3383.5,63639
2025-06-03 12:00:00-04:00,3376.39990234375,3379.800048828125,3367.89990234375,3374.0,16584
2025-06-03 16:00:00-04:00,3384.5,3386.10009765625,3376.199951171875,3376.39990234375,4236
2025-06-03 20:00:00-04:00,3383.699951171875,3397.10009765625,3369.699951171875,3384.39990234375,25229
2025-06-04 00:00:00-04:00,3378.0,3387.10009765625,3372.0,3383.5,20632
2025-06-04 04:00:00-04:00,3370.5,3389.0,3366.89990234375,3378.0,25453
2025-06-04 08:00:00-04:00,3396.300048828125,3409.699951171875,3368.199951171875,3370.5,69257
2025-06-04 12:00:00-04:00,3397.300048828125,3406.800048828125,3395.39990234375,3396.5,17574
2025-06-04 16:00:00-04:00,3401.60009765625,3402.699951171875,3394.39990234375,3397.199951171875,4431
2025-06-04 20:00:00-04:00,3393.60009765625,3407.699951171875,3391.10009765625,3401.699951171875,19922
2025-06-05 00:00:00-04:00,3394.800048828125,3398.0,3384.5,3393.10009765625,18603
2025-06-05 04:00:00-04:00,3416.60009765625,3427.699951171875,3393.300048828125,3394.800048828125,39845
2025-06-05 08:00:00-04:00,3368.10009765625,3425.0,3362.300048828125,3416.800048828125,102965
2025-06-05 12:00:00-04:00,3380.5,3383.39990234375,3362.800048828125,3367.699951171875,32781
2025-06-05 16:00:00-04:00,3384.60009765625,3386.300048828125,3375.800048828125,3380.39990234375,4346
2025-06-05 20:00:00-04:00,3392.39990234375,3394.5,3377.89990234375,3384.39990234375,17085
2025-06-06 00:00:00-04:00,3382.699951171875,3398.300048828125,3375.300048828125,3392.300048828125,21851
2025-06-06 04:00:00-04:00,3381.699951171875,3391.0,3375.0,3382.60009765625,17355
2025-06-06 08:00:00-04:00,3354.60009765625,3387.300048828125,3338.5,3381.5,88725
2025-06-06 12:00:00-04:00,3334.39990234375,3355.199951171875,3333.10009765625,3354.5,28571
2025-06-06 16:00:00-04:00,3331.0,3334.800048828125,3328.800048828125,3334.300048828125,4284
2025-06-08 16:00:00-04:00,3338.39990234375,3341.0,3329.0,3333.39990234375,6016
2025-06-08 20:00:00-04:00,3330.300048828125,3339.0,3313.10009765625,3338.5,27316
2025-06-09 00:00:00-04:00,3345.199951171875,3349.800048828125,3329.0,3330.699951171875,19305
2025-06-09 04:00:00-04:00,3338.39990234375,3346.699951171875,3333.0,3345.300048828125,19391
2025-06-09 08:00:00-04:00,3349.800048828125,3353.5,3331.5,3338.60009765625,44289
2025-06-09 12:00:00-04:00,3348.199951171875,3359.0,3346.89990234375,3349.699951171875,20786
2025-06-09 16:00:00-04:00,3346.60009765625,3354.89990234375,3341.60009765625,3348.39990234375,3884
2025-06-09 20:00:00-04:00,3329.199951171875,3346.60009765625,3321.300048828125,3346.60009765625,24454
2025-06-10 00:00:00-04:00,3349.89990234375,3352.89990234375,3322.39990234375,3327.5,31295
2025-06-10 04:00:00-04:00,3354.39990234375,3363.60009765625,3346.39990234375,3350.60009765625,21360
2025-06-10 08:00:00-04:00,3347.699951171875,3370.39990234375,3344.10009765625,3354.60009765625,51557
2025-06-10 12:00:00-04:00,3349.89990234375,3355.60009765625,3340.10009765625,3347.5,21469
2025-06-10 16:00:00-04:00,3348.5,3350.300048828125,3335.39990234375,3350.10009765625,7779
2025-06-10 20:00:00-04:00,3361.0,3363.199951171875,3345.10009765625,3348.60009765625,18402
2025-06-11 00:00:00-04:00,3366.60009765625,3369.699951171875,3353.199951171875,3360.699951171875,21905
2025-06-11 04:00:00-04:00,3353.800048828125,3367.800048828125,3345.699951171875,3366.39990234375,23544
2025-06-11 08:00:00-04:00,3353.699951171875,3382.300048828125,3347.5,3353.800048828125,80723
2025-06-11 12:00:00-04:00,3367.89990234375,3370.199951171875,3339.39990234375,3353.89990234375,42027
2025-06-11 16:00:00-04:00,3385.800048828125,3394.0,3367.800048828125,3368.0,11443
2025-06-11 20:00:00-04:00,3393.89990234375,3398.39990234375,3382.5,3386.0,25803
2025-06-12 00:00:00-04:00,3366.60009765625,3396.5,3358.5,3393.39990234375,31047
2025-06-12 04:00:00-04:00,3399.699951171875,3409.199951171875,3366.699951171875,3366.800048828125,45735
2025-06-12 08:00:00-04:00,3406.5,3419.800048828125,3396.699951171875,3399.5,77745
2025-06-12 12:00:00-04:00,3408.5,3412.39990234375,3398.699951171875,3406.60009765625,28130
2025-06-12 16:00:00-04:00,3416.39990234375,3417.0,3399.60009765625,3408.39990234375,6154
2025-06-12 20:00:00-04:00,3448.199951171875,3467.0,3412.39990234375,3416.199951171875,74859
2025-06-13 00:00:00-04:00,3435.5,3452.699951171875,3428.300048828125,3447.800048828125,34738
2025-06-13 04:00:00-04:00,3442.10009765625,3448.39990234375,3432.0,3435.199951171875,32293
2025-06-13 08:00:00-04:00,3446.300048828125,3468.0,3440.199951171875,3442.300048828125,77706
2025-06-13 12:00:00-04:00,3452.10009765625,3459.60009765625,3439.199951171875,3446.39990234375,33861
2025-06-13 16:00:00-04:00,3452.60009765625,3455.10009765625,3448.89990234375,3453.0,4176
2025-06-15 16:00:00-04:00,3464.0,3476.300048828125,3444.0,3473.0,15688
2025-06-15 20:00:00-04:00,3450.699951171875,3471.5,3448.300048828125,3464.300048828125,25184
2025-06-16 00:00:00-04:00,3431.800048828125,3452.5,3429.0,3450.699951171875,28294
2025-06-16 04:00:00-04:00,3434.60009765625,3442.39990234375,3428.89990234375,3432.10009765625,21849
2025-06-16 08:00:00-04:00,3423.800048828125,3438.10009765625,3400.89990234375,3434.800048828125,69785
2025-06-16 12:00:00-04:00,3402.89990234375,3424.699951171875,3402.199951171875,3424.0,25245
2025-06-16 16:00:00-04:00,3422.39990234375,3422.699951171875,3402.300048828125,3402.89990234375,7827
2025-06-16 20:00:00-04:00,3405.39990234375,3422.699951171875,3391.300048828125,3422.5,32854
2025-06-17 00:00:00-04:00,3406.199951171875,3415.10009765625,3399.199951171875,3406.300048828125,20366
2025-06-17 04:00:00-04:00,3407.10009765625,3419.0,3393.699951171875,3406.300048828125,30817
2025-06-17 08:00:00-04:00,3397.89990234375,3416.39990234375,3384.39990234375,3407.199951171875,79566
2025-06-17 12:00:00-04:00,3404.39990234375,3411.0,3395.300048828125,3398.10009765625,29773
2025-06-17 16:00:00-04:00,3405.5,3414.60009765625,3402.0,3404.10009765625,3992
2025-06-17 20:00:00-04:00,3409.60009765625,3409.800048828125,3388.800048828125,3405.39990234375,19432
2025-06-18 00:00:00-04:00,3404.0,3419.0,3395.0,3409.800048828125,26530
2025-06-18 04:00:00-04:00,3400.39990234375,3406.60009765625,3393.5,3403.89990234375,23145
2025-06-18 08:00:00-04:00,3411.0,3415.800048828125,3391.699951171875,3400.199951171875,55408
2025-06-18 12:00:00-04:00,3385.300048828125,3414.199951171875,3380.5,3411.199951171875,42949
2025-06-18 16:00:00-04:00,3391.89990234375,3396.699951171875,3380.10009765625,3384.199951171875,6223
2025-06-18 20:00:00-04:00,3391.0,3405.199951171875,3386.800048828125,3391.699951171875,16092
2025-06-19 00:00:00-04:00,3382.89990234375,3392.699951171875,3363.60009765625,3390.60009765625,42347
2025-06-19 04:00:00-04:00,3388.89990234375,3396.89990234375,3379.300048828125,3383.0,21798
2025-06-19 08:00:00-04:00,3385.89990234375,3389.800048828125,3376.699951171875,3389.0,34135
2025-06-19 12:00:00-04:00,3387.39990234375,3392.199951171875,3382.5,3385.699951171875,9928
2025-06-19 16:00:00-04:00,3385.199951171875,3387.199951171875,3378.300048828125,3386.39990234375,136009
2025-06-19 20:00:00-04:00,3371.800048828125,3386.800048828125,3361.10009765625,3385.0,22567
2025-06-20 00:00:00-04:00,3363.39990234375,3373.699951171875,3356.199951171875,3371.699951171875,24634
2025-06-20 04:00:00-04:00,3362.800048828125,3375.60009765625,3361.5,3363.5,18798
2025-06-20 08:00:00-04:00,3385.60009765625,3390.800048828125,3357.300048828125,3363.0,55421
2025-06-20 12:00:00-04:00,3381.39990234375,3389.699951171875,3380.199951171875,3385.89990234375,16664
2025-06-20 16:00:00-04:00,3384.39990234375,3385.0,3380.5,3381.199951171875,3221
2025-06-22 16:00:00-04:00,3388.39990234375,3413.800048828125,3386.800048828125,3400.699951171875,14887
2025-06-22 20:00:00-04:00,3378.39990234375,3389.300048828125,3367.5,3388.5,24785
2025-06-23 00:00:00-04:00,3372.800048828125,3380.300048828125,3361.39990234375,3378.699951171875,18213
2025-06-23 04:00:00-04:00,3395.699951171875,3397.89990234375,3372.89990234375,3372.89990234375,22020
2025-06-23 08:00:00-04:00,3403.300048828125,3405.89990234375,3371.10009765625,3395.5,67103
2025-06-23 12:00:00-04:00,3391.300048828125,3410.10009765625,3390.800048828125,3403.39990234375,38837
2025-06-23 16:00:00-04:00,3358.699951171875,3392.60009765625,3355.5,3391.39990234375,12372
2025-06-23 20:00:00-04:00,3366.39990234375,3372.89990234375,3347.0,3358.89990234375,26070
2025-06-24 00:00:00-04:00,3343.800048828125,3367.89990234375,3330.699951171875,3366.800048828125,48161
2025-06-24 04:00:00-04:00,3335.199951171875,3346.800048828125,3331.699951171875,3343.89990234375,27913
2025-06-24 08:00:00-04:00,3326.89990234375,3335.0,3308.300048828125,3335.0,80665
2025-06-24 12:00:00-04:00,3337.800048828125,3339.199951171875,3325.10009765625,3327.10009765625,21048
2025-06-24 16:00:00-04:00,3338.0,3339.60009765625,3334.60009765625,3337.699951171875,3132
2025-06-24 20:00:00-04:00,3342.300048828125,3349.5,3337.39990234375,3338.0,15382
2025-06-25 00:00:00-04:00,3344.5,3351.300048828125,3339.300048828125,3342.199951171875,16359
2025-06-25 04:00:00-04:00,3336.699951171875,3346.39990234375,3335.0,3344.60009765625,24473
2025-06-25 08:00:00-04:00,3339.199951171875,3343.300048828125,3325.5,3336.60009765625,38217
2025-06-25 12:00:00-04:00,3348.199951171875,3350.300048828125,3337.699951171875,3339.39990234375,27495
2025-06-25 16:00:00-04:00,3352.800048828125,3354.199951171875,3344.300048828125,3348.199951171875,6334
2025-06-25 20:00:00-04:00,3352.10009765625,3357.0,3342.60009765625,3352.89990234375,15915
2025-06-26 00:00:00-04:00,3359.39990234375,3360.39990234375,3344.800048828125,3351.60009765625,17494
2025-06-26 04:00:00-04:00,3346.39990234375,3363.89990234375,3344.89990234375,3359.39990234375,21848
2025-06-26 08:00:00-04:00,3337.60009765625,3357.800048828125,3322.5,3346.5,69077
2025-06-26 12:00:00-04:00,3345.0,3349.800048828125,3336.60009765625,3337.699951171875,21568
2025-06-26 16:00:00-04:00,3331.800048828125,3346.0,3329.199951171875,3345.10009765625,4252
2025-06-26 20:00:00-04:00,3306.800048828125,3335.10009765625,3305.300048828125,3331.699951171875,26435
2025-06-27 00:00:00-04:00,3296.199951171875,3313.10009765625,3295.0,3307.10009765625,36898
2025-06-27 04:00:00-04:00,3292.89990234375,3303.300048828125,3287.60009765625,3296.199951171875,30922
2025-06-27 08:00:00-04:00,3286.300048828125,3293.699951171875,3266.5,3292.699951171875,86370
2025-06-27 12:00:00-04:00,3282.699951171875,3295.0,3280.0,3286.199951171875,24447
2025-06-27 16:00:00-04:00,3286.10009765625,3288.0,3282.300048828125,3283.0,2377
2025-06-29 16:00:00-04:00,3274.5,3293.89990234375,3250.5,3284.300048828125,15706
2025-06-29 20:00:00-04:00,3289.199951171875,3294.800048828125,3269.800048828125,3274.39990234375,19501
2025-06-30 00:00:00-04:00,3304.0,3307.800048828125,3287.89990234375,3290.0,17613
2025-06-30 04:00:00-04:00,3289.199951171875,3307.89990234375,3285.60009765625,3304.0,22732
2025-06-30 08:00:00-04:00,3301.699951171875,3303.0,3289.300048828125,3289.300048828125,34845
2025-06-30 12:00:00-04:00,3320.5,3321.60009765625,3301.199951171875,3301.60009765625,28171
2025-06-30 16:00:00-04:00,3324.39990234375,3326.0,3313.699951171875,3320.39990234375,5125
2025-06-30 20:00:00-04:00,3332.10009765625,3334.699951171875,3321.699951171875,3324.300048828125,17397
2025-07-01 00:00:00-04:00,3351.199951171875,3351.60009765625,3330.60009765625,3332.800048828125,27247
2025-07-01 04:00:00-04:00,3361.0,3365.39990234375,3348.699951171875,3351.0,27786
2025-07-01 08:00:00-04:00,3352.10009765625,3370.5,3348.699951171875,3361.199951171875,63179
2025-07-01 12:00:00-04:00,3349.60009765625,3355.800048828125,3348.699951171875,3352.199951171875,20328
2025-07-01 16:00:00-04:00,3348.60009765625,3353.800048828125,3346.300048828125,3349.39990234375,4586
2025-07-01 20:00:00-04:00,3349.699951171875,3354.800048828125,3338.39990234375,3348.699951171875,18218
2025-07-02 00:00:00-04:00,3344.800048828125,3354.300048828125,3337.199951171875,3349.699951171875,17127
2025-07-02 04:00:00-04:00,3352.60009765625,3358.60009765625,3343.0,3344.89990234375,17515
2025-07-02 08:00:00-04:00,3351.5,3361.89990234375,3344.199951171875,3352.5,43468
2025-07-02 12:00:00-04:00,3368.5,3370.39990234375,3351.39990234375,3351.39990234375,24717
2025-07-02 16:00:00-04:00,3360.300048828125,3376.89990234375,3359.800048828125,3368.5,8237
2025-07-02 20:00:00-04:00,3358.800048828125,3362.5,3352.39990234375,3360.39990234375,13693
2025-07-03 09:30:00-04:00,3344.10009765625,3348.5,3332.39990234375,3335.0,46887
2025-07-04 00:00:00-04:00,3352.699951171875,3355.0,3345.800048828125,3349.300048828125,27741
2025-07-04 04:00:00-04:00,3344.60009765625,3354.10009765625,3341.60009765625,3352.60009765625,12786
2025-07-04 08:00:00-04:00,3342.699951171875,3348.199951171875,3340.60009765625,3344.5,17736
2025-07-04 12:00:00-04:00,3346.5,3347.0,3342.60009765625,3342.699951171875,1654
2025-07-06 16:00:00-04:00,3337.800048828125,3352.89990234375,3335.199951171875,3344.5,6163
2025-07-06 20:00:00-04:00,3320.199951171875,3338.60009765625,3314.60009765625,3338.0,25235
2025-07-07 00:00:00-04:00,3311.199951171875,3324.300048828125,3309.60009765625,3320.39990234375,18794
2025-07-07 04:00:00-04:00,3310.89990234375,3322.199951171875,3304.39990234375,3311.10009765625,34492
2025-07-07 08:00:00-04:00,3330.60009765625,3331.60009765625,3309.199951171875,3311.10009765625,54131
2025-07-07 12:00:00-04:00,3347.10009765625,3350.300048828125,3329.800048828125,3330.699951171875,30028
2025-07-07 16:00:00-04:00,3344.39990234375,3355.60009765625,3343.5,3346.89990234375,4108
2025-07-07 20:00:00-04:00,3341.60009765625,3348.10009765625,3339.60009765625,3344.199951171875,14190
2025-07-08 00:00:00-04:00,3343.89990234375,3349.5,3337.10009765625,3341.39990234375,15603
2025-07-08 04:00:00-04:00,3334.39990234375,3343.699951171875,3329.199951171875,3343.60009765625,24352
2025-07-08 08:00:00-04:00,3307.0,3339.199951171875,3295.39990234375,3334.300048828125,88253
2025-07-08 12:00:00-04:00,3312.699951171875,3319.60009765625,3304.5,3307.199951171875,51455
2025-07-08 16:00:00-04:00,3310.39990234375,3313.0,3305.199951171875,3312.10009765625,5450
2025-07-08 20:00:00-04:00,3301.39990234375,3316.5,3293.300048828125,3310.699951171875,21132
2025-07-09 00:00:00-04:00,3300.0,3306.199951171875,3293.5,3301.60009765625,18221
2025-07-09 04:00:00-04:00,3292.800048828125,3304.300048828125,3290.199951171875,3300.10009765625,20982
2025-07-09 08:00:00-04:00,3318.39990234375,3321.699951171875,3292.89990234375,3292.89990234375,54746
2025-07-09 12:00:00-04:00,3324.300048828125,3325.5,3316.300048828125,3318.300048828125,33798
2025-07-09 16:00:00-04:00,3325.39990234375,3328.800048828125,3320.39990234375,3324.5,3819
2025-07-09 20:00:00-04:00,3324.39990234375,3334.699951171875,3323.800048828125,3325.199951171875,18183
2025-07-10 00:00:00-04:00,3329.39990234375,3338.0,3323.5,3324.300048828125,18342
2025-07-10 04:00:00-04:00,3329.199951171875,3339.39990234375,3326.89990234375,3329.60009765625,22648
2025-07-10 08:00:00-04:00,3329.800048828125,3339.0,3319.199951171875,3329.10009765625,51418
2025-07-10 12:00:00-04:00,3334.0,3334.800048828125,3320.89990234375,3328.5,32128
2025-07-10 16:00:00-04:00,3333.699951171875,3336.5,3332.300048828125,3334.199951171875,3372
2025-07-10 20:00:00-04:00,3344.800048828125,3347.199951171875,3333.5,3333.60009765625,22913
2025-07-11 00:00:00-04:00,3352.10009765625,3355.199951171875,3340.5,3344.60009765625,27051
2025-07-11 04:00:00-04:00,3358.699951171875,3362.0,3342.10009765625,3352.300048828125,32646
2025-07-11 08:00:00-04:00,3374.5,3381.60009765625,3355.60009765625,3358.89990234375,75165
2025-07-11 12:00:00-04:00,3371.60009765625,3375.39990234375,3363.10009765625,3374.39990234375,41790
2025-07-11 16:00:00-04:00,3370.60009765625,3373.39990234375,3368.39990234375,3371.699951171875,2520
2025-07-14 00:00:00-04:00,3382.699951171875,3386.199951171875,3367.0,3371.199951171875,18326
2025-07-14 04:00:00-04:00,3374.39990234375,3386.39990234375,3374.10009765625,3382.699951171875,21028
2025-07-14 08:00:00-04:00,3352.699951171875,3376.699951171875,3348.5,3374.199951171875,67982
2025-07-14 12:00:00-04:00,3353.199951171875,3360.10009765625,3350.60009765625,3352.699951171875,36162
2025-07-14 16:00:00-04:00,3354.199951171875,3355.199951171875,3349.60009765625,3353.39990234375,2987
2025-07-14 20:00:00-04:00,3366.800048828125,3367.39990234375,3353.60009765625,3354.10009765625,14930
2025-07-15 00:00:00-04:00,3372.89990234375,3374.699951171875,3366.300048828125,3367.10009765625,19831
2025-07-15 04:00:00-04:00,3363.60009765625,3375.39990234375,3362.800048828125,3372.800048828125,23217
2025-07-15 08:00:00-04:00,3336.5,3369.800048828125,3332.5,3363.5,80892
2025-07-15 12:00:00-04:00,3336.5,3338.5,3327.300048828125,3336.300048828125,33753
2025-07-15 16:00:00-04:00,3337.699951171875,3338.800048828125,3329.39990234375,3337.5,4177
2025-07-15 20:00:00-04:00,3341.300048828125,3341.89990234375,3331.5,3337.699951171875,16529
2025-07-16 00:00:00-04:00,3344.60009765625,3348.800048828125,3339.199951171875,3340.89990234375,15856
2025-07-16 04:00:00-04:00,3346.39990234375,3349.800048828125,3340.89990234375,3344.60009765625,19113
2025-07-16 08:00:00-04:00,3350.39990234375,3385.800048828125,3326.10009765625,3346.39990234375,142451
2025-07-16 12:00:00-04:00,3354.300048828125,3364.60009765625,3346.0,3350.5,33735
2025-07-16 16:00:00-04:00,3352.0,3358.199951171875,3350.60009765625,3354.5,2990
2025-07-16 20:00:00-04:00,3347.699951171875,3352.800048828125,3342.5,3351.699951171875,14698
2025-07-17 00:00:00-04:00,3331.39990234375,3351.0,3330.300048828125,3347.5,24398
2025-07-17 04:00:00-04:00,3329.5,3337.800048828125,3327.5,3331.39990234375,22224
2025-07-17 08:00:00-04:00,3342.300048828125,3343.89990234375,3314.300048828125,3329.5,73736
2025-07-17 12:00:00-04:00,3345.199951171875,3346.5,3340.60009765625,3342.39990234375,19493
2025-07-17 16:00:00-04:00,3345.60009765625,3350.199951171875,3343.0,3345.5,2561
2025-07-17 20:00:00-04:00,3341.10009765625,3350.300048828125,3340.10009765625,3345.699951171875,11423
2025-07-18 00:00:00-04:00,3355.89990234375,3356.199951171875,3337.199951171875,3340.60009765625,18047
2025-07-18 04:00:00-04:00,3360.699951171875,3364.300048828125,3352.199951171875,3356.0,21573
2025-07-18 08:00:00-04:00,3360.39990234375,3368.0,3357.5,3360.699951171875,37507
2025-07-18 12:00:00-04:00,3354.0,3363.89990234375,3353.300048828125,3360.39990234375,17741
2025-07-18 16:00:00-04:00,3355.5,3357.60009765625,3353.39990234375,3353.89990234375,2057
2025-07-20 16:00:00-04:00,3355.199951171875,3355.5,3351.0,3353.0,3010
2025-07-20 20:00:00-04:00,3361.10009765625,3365.199951171875,3353.800048828125,3355.300048828125,11750
2025-07-21 00:00:00-04:00,3372.10009765625,3378.300048828125,3357.10009765625,3358.300048828125,27607
2025-07-21 04:00:00-04:00,3383.10009765625,3383.39990234375,3370.300048828125,3372.10009765625,20788
2025-07-21 08:00:00-04:00,3411.10009765625,3416.89990234375,3382.199951171875,3382.89990234375,94137
2025-07-21 12:00:00-04:00,3409.800048828125,3413.10009765625,3405.699951171875,3411.199951171875,24547
2025-07-21 16:00:00-04:00,3410.89990234375,3416.300048828125,3408.39990234375,3409.89990234375,5847
2025-07-21 20:00:00-04:00,3405.60009765625,3411.199951171875,3399.60009765625,3411.10009765625,20195
2025-07-22 00:00:00-04:00,3399.300048828125,3405.60009765625,3395.39990234375,3405.60009765625,17913
2025-07-22 04:00:00-04:00,3401.10009765625,3402.699951171875,3394.89990234375,3399.300048828125,24749
2025-07-22 08:00:00-04:00,3439.699951171875,3446.5,3400.699951171875,3401.10009765625,113020
2025-07-22 12:00:00-04:00,3443.89990234375,3447.5,3440.0,3441.10009765625,32377
2025-07-22 16:00:00-04:00,3439.39990234375,3446.89990234375,3438.300048828125,3443.89990234375,8110
2025-07-22 20:00:00-04:00,3437.5,3451.699951171875,3433.300048828125,3439.300048828125,26543
2025-07-23 00:00:00-04:00,3434.300048828125,3443.10009765625,3429.800048828125,3436.800048828125,23783
2025-07-23 04:00:00-04:00,3440.5,3445.800048828125,3432.39990234375,3434.39990234375,36666
2025-07-23 08:00:00-04:00,3406.300048828125,3442.0,3406.300048828125,3440.5,91586
2025-07-23 12:00:00-04:00,3400.39990234375,3406.5,3390.60009765625,3406.5,68575
2025-07-23 16:00:00-04:00,3397.10009765625,3401.10009765625,3394.89990234375,3400.5,4825
2025-07-23 20:00:00-04:00,3388.800048828125,3400.300048828125,3379.10009765625,3397.199951171875,25597
2025-07-24 00:00:00-04:00,3372.60009765625,3390.0,3370.699951171875,3388.5,23205
2025-07-24 04:00:00-04:00,3366.39990234375,3379.39990234375,3365.39990234375,3372.60009765625,31781
2025-07-24 08:00:00-04:00,3375.60009765625,3381.199951171875,3355.199951171875,3366.300048828125,88360
2025-07-24 12:00:00-04:00,3374.300048828125,3376.89990234375,3369.0,3375.60009765625,29926
2025-07-24 16:00:00-04:00,3371.800048828125,3374.699951171875,3367.60009765625,3374.39990234375,4875
2025-07-24 20:00:00-04:00,3361.5,3376.60009765625,3361.39990234375,3371.699951171875,15265
2025-07-25 00:00:00-04:00,3356.10009765625,3365.60009765625,3354.60009765625,3360.89990234375,21498
2025-07-25 04:00:00-04:00,3342.10009765625,3357.699951171875,3339.800048828125,3356.199951171875,31124
2025-07-25 08:00:00-04:00,3328.199951171875,3348.699951171875,3325.5,3342.10009765625,91256
2025-07-25 12:00:00-04:00,3339.199951171875,3341.199951171875,3326.5,3328.10009765625,26634
2025-07-25 16:00:00-04:00,3338.5,3340.0,3337.300048828125,3339.10009765625,2786
2025-07-27 20:00:00-04:00,3342.300048828125,3343.0,3327.39990234375,3334.39990234375,14342
2025-07-28 00:00:00-04:00,3334.60009765625,3345.39990234375,3333.39990234375,3343.0,16361
2025-07-28 04:00:00-04:00,3336.10009765625,3340.800048828125,3331.199951171875,3334.60009765625,26641
2025-07-28 08:00:00-04:00,3314.10009765625,3338.10009765625,3300.0,3336.300048828125,77405
2025-07-28 12:00:00-04:00,3316.5,3317.39990234375,3307.89990234375,3314.0,26468
2025-07-28 16:00:00-04:00,3310.5,3317.89990234375,3308.300048828125,3316.300048828125,5389
2025-07-28 20:00:00-04:00,3311.10009765625,3318.800048828125,3305.800048828125,3310.300048828125,7657
2025-07-29 00:00:00-04:00,3315.60009765625,3320.300048828125,3307.39990234375,3311.199951171875,11040
2025-07-29 04:00:00-04:00,3313.39990234375,3328.0,3312.800048828125,3315.800048828125,19447
2025-07-29 08:00:00-04:00,3318.39990234375,3332.300048828125,3309.89990234375,3313.5,49290
2025-07-29 12:00:00-04:00,3323.699951171875,3328.60009765625,3316.300048828125,3318.5,15784
2025-07-29 16:00:00-04:00,3326.300048828125,3327.10009765625,3323.300048828125,3323.39990234375,1642
2025-07-29 20:00:00-04:00,3326.39990234375,3330.800048828125,3320.0,3326.10009765625,1806
2025-07-30 00:00:00-04:00,3383.0,3386.39990234375,3320.10009765625,3325.199951171875,26256
2025-07-30 04:00:00-04:00,3385.39990234375,3389.300048828125,3321.39990234375,3383.199951171875,25293
2025-07-30 08:00:00-04:00,3344.39990234375,3386.300048828125,3324.699951171875,3385.5,79478
2025-07-30 12:00:00-04:00,3322.10009765625,3358.5,3319.199951171875,3344.300048828125,62599
2025-07-30 16:00:00-04:00,3335.800048828125,3336.39990234375,3321.10009765625,3322.0,6713
2025-07-30 20:00:00-04:00,3344.199951171875,3348.39990234375,3332.60009765625,3335.800048828125,16858
2025-07-31 00:00:00-04:00,3356.10009765625,3360.89990234375,3343.39990234375,3344.39990234375,21452
2025-07-31 04:00:00-04:00,3358.89990234375,3366.699951171875,3345.5,3356.199951171875,30343
2025-07-31 08:00:00-04:00,3348.10009765625,3364.10009765625,3343.39990234375,3358.699951171875,56593
2025-07-31 12:00:00-04:00,3344.199951171875,3351.39990234375,3342.0,3348.0,22887
2025-07-31 16:00:00-04:00,3340.10009765625,3346.89990234375,3339.5,3344.199951171875,4094
2025-07-31 20:00:00-04:00,3341.199951171875,3347.699951171875,3331.39990234375,3340.0,17070
2025-08-01 00:00:00-04:00,3337.699951171875,3352.0,3336.0,3341.89990234375,17089
2025-08-01 04:00:00-04:00,3352.199951171875,3355.300048828125,3336.10009765625,3337.60009765625,19572
2025-08-01 08:00:00-04:00,3401.300048828125,3408.60009765625,3349.39990234375,3352.39990234375,123034
2025-08-01 12:00:00-04:00,3410.10009765625,3414.5,3392.199951171875,3401.199951171875,37344
2025-08-01 16:00:00-04:00,3416.0,3416.89990234375,3409.89990234375,3410.10009765625,4393
2025-08-03 16:00:00-04:00,3414.800048828125,3417.800048828125,3399.800048828125,3399.800048828125,4644
2025-08-03 20:00:00-04:00,3412.5,3415.300048828125,3397.89990234375,3415.10009765625,16543
2025-08-04 00:00:00-04:00,3408.60009765625,3415.300048828125,3405.699951171875,3412.10009765625,16348
2025-08-04 04:00:00-04:00,3424.0,3424.300048828125,3405.800048828125,3408.699951171875,18177
2025-08-04 08:00:00-04:00,3428.39990234375,3439.5,3413.39990234375,3424.0,54680
2025-08-04 12:00:00-04:00,3430.5,3432.39990234375,3424.300048828125,3428.5,18479
2025-08-04 16:00:00-04:00,3431.5,3433.60009765625,3428.0,3430.300048828125,2965
2025-08-04 20:00:00-04:00,3427.60009765625,3435.89990234375,3426.199951171875,3431.5,11966
2025-08-05 00:00:00-04:00,3428.300048828125,3429.10009765625,3419.39990234375,3426.699951171875,20201
2025-08-05 04:00:00-04:00,3405.199951171875,3429.199951171875,3403.300048828125,3428.300048828125,25222
2025-08-05 08:00:00-04:00,3444.0,3444.699951171875,3403.39990234375,3405.0,64059
2025-08-05 12:00:00-04:00,3433.5,3444.89990234375,3431.300048828125,3444.10009765625,24497
2025-08-05 16:00:00-04:00,3438.10009765625,3438.60009765625,3432.39990234375,3433.5,3308
2025-08-05 20:00:00-04:00,3429.699951171875,3440.5,3428.39990234375,3437.89990234375,15406
2025-08-06 00:00:00-04:00,3428.39990234375,3433.699951171875,3423.10009765625,3429.89990234375,15757
2025-08-06 04:00:00-04:00,3420.0,3429.300048828125,3411.699951171875,3428.199951171875,24726
2025-08-06 08:00:00-04:00,3436.199951171875,3438.10009765625,3414.300048828125,3419.699951171875,55561
2025-08-06 12:00:00-04:00,3434.0,3438.10009765625,3430.89990234375,3436.5,26985
2025-08-06 16:00:00-04:00,3436.199951171875,3436.800048828125,3429.699951171875,3433.89990234375,5489
2025-08-06 20:00:00-04:00,3443.800048828125,3447.0,3432.60009765625,3436.300048828125,24568
2025-08-07 00:00:00-04:00,3469.10009765625,3470.300048828125,3438.5,3444.0,41813
2025-08-07 04:00:00-04:00,3451.60009765625,3469.60009765625,3443.199951171875,3469.199951171875,48754
2025-08-07 08:00:00-04:00,3453.89990234375,3465.0,3436.0,3451.699951171875,76823
2025-08-07 12:00:00-04:00,3466.800048828125,3468.0,3450.800048828125,3453.89990234375,33605
2025-08-07 16:00:00-04:00,3496.39990234375,3534.10009765625,3465.5,3466.89990234375,17936
2025-08-07 20:00:00-04:00,3489.10009765625,3514.89990234375,3480.39990234375,3496.39990234375,46058
2025-08-08 00:00:00-04:00,3492.699951171875,3507.10009765625,3486.699951171875,3488.199951171875,36107
2025-08-08 04:00:00-04:00,3475.699951171875,3496.800048828125,3468.60009765625,3493.10009765625,32606
2025-08-08 08:00:00-04:00,3492.300048828125,3506.5,3473.5,3475.5,86407
2025-08-08 12:00:00-04:00,3456.60009765625,3493.300048828125,3445.0,3492.39990234375,77557
2025-08-08 16:00:00-04:00,3491.300048828125,3491.300048828125,3452.10009765625,3456.800048828125,6265
2025-08-10 16:00:00-04:00,3455.39990234375,3491.300048828125,3454.60009765625,3458.10009765625,7013
2025-08-10 20:00:00-04:00,3440.60009765625,3455.60009765625,3431.0,3455.60009765625,26142
2025-08-11 00:00:00-04:00,3415.10009765625,3442.699951171875,3411.800048828125,3440.199951171875,32137
2025-08-11 04:00:00-04:00,3410.199951171875,3421.10009765625,3404.300048828125,3415.10009765625,37579
2025-08-11 08:00:00-04:00,3409.800048828125,3418.699951171875,3397.300048828125,3410.0,65786
2025-08-11 12:00:00-04:00,3402.0,3411.0,3399.300048828125,3409.89990234375,43465
2025-08-11 16:00:00-04:00,3399.0,3402.699951171875,3393.0,3402.0,6491
2025-08-11 20:00:00-04:00,3399.800048828125,3408.699951171875,3397.5,3398.89990234375,15565
2025-08-12 00:00:00-04:00,3404.60009765625,3406.300048828125,3390.60009765625,3400.699951171875,21854
2025-08-12 04:00:00-04:00,3396.0,3404.699951171875,3384.39990234375,3404.699951171875,26043
2025-08-12 08:00:00-04:00,3400.300048828125,3410.800048828125,3379.10009765625,3395.89990234375,94503
2025-08-12 12:00:00-04:00,3398.89990234375,3402.39990234375,3395.699951171875,3400.39990234375,25227
2025-08-12 16:00:00-04:00,3401.39990234375,3404.89990234375,3397.10009765625,3398.800048828125,3756
2025-08-12 20:00:00-04:00,3398.800048828125,3405.0,3392.699951171875,3401.5,15623
2025-08-13 00:00:00-04:00,3403.60009765625,3410.0,3394.800048828125,3398.89990234375,16422
2025-08-13 04:00:00-04:00,3413.5,3417.699951171875,3401.5,3403.5,26865
2025-08-13 08:00:00-04:00,3408.60009765625,3422.60009765625,3404.10009765625,3413.5,47768
2025-08-13 12:00:00-04:00,3408.0,3411.60009765625,3400.199951171875,3408.699951171875,21132
2025-08-13 16:00:00-04:00,3411.89990234375,3412.699951171875,3406.10009765625,3407.89990234375,3099
2025-08-13 20:00:00-04:00,3408.300048828125,3423.800048828125,3403.699951171875,3412.0,19498
2025-08-14 00:00:00-04:00,3394.39990234375,3415.0,3392.10009765625,3409.60009765625,21627
2025-08-14 04:00:00-04:00,3404.199951171875,3407.800048828125,3389.199951171875,3394.199951171875,26325
2025-08-14 08:00:00-04:00,3388.89990234375,3407.39990234375,3381.800048828125,3404.0,62732
2025-08-14 12:00:00-04:00,3385.300048828125,3389.10009765625,3375.5,3389.10009765625,28060
2025-08-14 16:00:00-04:00,3381.10009765625,3385.800048828125,3377.699951171875,3385.300048828125,2903
2025-08-14 20:00:00-04:00,3389.699951171875,3391.199951171875,3378.0,3380.89990234375,10942
2025-08-15 00:00:00-04:00,3392.5,3394.800048828125,3385.89990234375,3389.699951171875,16298
2025-08-15 04:00:00-04:00,3388.300048828125,3394.60009765625,3382.39990234375,3392.39990234375,20716
2025-08-15 08:00:00-04:00,3388.300048828125,3393.10009765625,3379.300048828125,3388.39990234375,44151
2025-08-15 12:00:00-04:00,3383.89990234375,3388.39990234375,3379.800048828125,3388.39990234375,18900
2025-08-15 16:00:00-04:00,3382.60009765625,3384.199951171875,3381.0,3383.800048828125,1933
2025-08-17 16:00:00-04:00,3371.800048828125,3384.5,3368.0,3382.39990234375,6885
2025-08-17 20:00:00-04:00,3392.89990234375,3398.0,3371.5,3372.0,17231
2025-08-18 00:00:00-04:00,3393.800048828125,3403.60009765625,3391.199951171875,3392.89990234375,19080
2025-08-18 04:00:00-04:00,3391.199951171875,3397.0,3389.5,3394.0,16535
2025-08-18 08:00:00-04:00,3380.60009765625,3394.89990234375,3377.10009765625,3391.199951171875,38732
2025-08-18 12:00:00-04:00,3378.300048828125,3380.800048828125,3375.300048828125,3380.699951171875,15607
2025-08-18 16:00:00-04:00,3376.10009765625,3379.89990234375,3375.60009765625,3378.199951171875,3652
2025-08-18 20:00:00-04:00,3381.10009765625,3384.89990234375,3370.60009765625,3376.10009765625,16496
2025-08-19 00:00:00-04:00,3384.800048828125,3386.199951171875,3378.199951171875,3381.199951171875,13992
2025-08-19 04:00:00-04:00,3384.39990234375,3389.699951171875,3380.60009765625,3384.800048828125,15408
2025-08-19 08:00:00-04:00,3366.5,3385.199951171875,3364.39990234375,3384.300048828125,54234
2025-08-19 12:00:00-04:00,3359.800048828125,3368.39990234375,3358.10009765625,3366.5,23558
2025-08-19 16:00:00-04:00,3356.800048828125,3360.699951171875,3355.39990234375,3359.699951171875,4872
2025-08-19 20:00:00-04:00,3359.60009765625,3360.89990234375,3353.39990234375,3356.5,16798
2025-08-20 00:00:00-04:00,3367.800048828125,3370.10009765625,3359.5,3359.89990234375,14204
2025-08-20 04:00:00-04:00,3375.89990234375,3376.5,3363.60009765625,3367.699951171875,24522
2025-08-20 08:00:00-04:00,3384.5,3394.300048828125,3375.5,3375.89990234375,53104
2025-08-20 12:00:00-04:00,3391.5,3393.0,3384.5,3384.5,16365
2025-08-20 16:00:00-04:00,3389.39990234375,3394.39990234375,3389.10009765625,3391.5,3839
2025-08-20 20:00:00-04:00,3382.60009765625,3389.39990234375,3382.10009765625,3389.39990234375,11863
2025-08-21 00:00:00-04:00,3381.89990234375,3384.0,3376.5,3382.39990234375,12971
2025-08-21 04:00:00-04:00,3376.10009765625,3385.10009765625,3367.39990234375,3381.89990234375,22218
2025-08-21 08:00:00-04:00,3387.5,3391.89990234375,3376.300048828125,3376.300048828125,54485
2025-08-21 12:00:00-04:00,3383.199951171875,3388.0,3381.10009765625,3387.60009765625,13895
2025-08-21 16:00:00-04:00,3382.60009765625,3385.0,3381.800048828125,3383.300048828125,1647
2025-08-21 20:00:00-04:00,3375.10009765625,3383.699951171875,3374.5,3382.5,11162
2025-08-22 00:00:00-04:00,3369.5,3377.800048828125,3367.199951171875,3374.89990234375,18094
2025-08-22 04:00:00-04:00,3370.800048828125,3373.800048828125,3367.199951171875,3369.5,14022
2025-08-22 08:00:00-04:00,3412.39990234375,3423.39990234375,3362.800048828125,3370.800048828125,111347
2025-08-22 12:00:00-04:00,3417.699951171875,3420.800048828125,3412.300048828125,3412.5,20541
2025-08-22 16:00:00-04:00,3418.5,3418.5,3415.60009765625,3417.60009765625,2180
2025-08-24 16:00:00-04:00,3414.89990234375,3418.5,3411.699951171875,3417.60009765625,4284
2025-08-24 20:00:00-04:00,3412.60009765625,3415.5,3405.5,3414.800048828125,13437
2025-08-25 00:00:00-04:00,3411.0,3414.300048828125,3407.10009765625,3412.39990234375,10681
2025-08-25 04:00:00-04:00,3415.699951171875,3416.5,3406.300048828125,3411.10009765625,14373
2025-08-25 08:00:00-04:00,3418.89990234375,3421.5,3406.300048828125,3415.699951171875,35229
2025-08-25 12:00:00-04:00,3410.60009765625,3419.39990234375,3410.10009765625,3419.0,14328
2025-08-25 16:00:00-04:00,3399.800048828125,3411.39990234375,3396.5,3410.699951171875,7203
2025-08-25 20:00:00-04:00,3420.89990234375,3434.699951171875,3396.10009765625,3399.699951171875,39366
2025-08-26 00:00:00-04:00,3423.0,3426.60009765625,3413.10009765625,3420.300048828125,18502
2025-08-26 04:00:00-04:00,3425.0,3428.300048828125,3412.89990234375,3423.0,23567
2025-08-26 08:00:00-04:00,3435.10009765625,3437.5,3416.89990234375,3425.0,51321
2025-08-26 12:00:00-04:00,3437.699951171875,3439.10009765625,3428.5,3435.199951171875,26006
2025-08-26 16:00:00-04:00,3440.699951171875,3444.300048828125,3437.39990234375,3437.699951171875,4526
2025-08-26 20:00:00-04:00,3431.0,3443.39990234375,3430.39990234375,3440.60009765625,14479
2025-08-27 00:00:00-04:00,3430.5,3431.699951171875,3423.0,3430.89990234375,19859
2025-08-27 04:00:00-04:00,3425.60009765625,3433.89990234375,3422.199951171875,3430.300048828125,23646
2025-08-27 08:00:00-04:00,3438.10009765625,3440.699951171875,3422.89990234375,3425.60009765625,50644
2025-08-27 12:00:00-04:00,3449.39990234375,3450.89990234375,3437.60009765625,3438.199951171875,32013
2025-08-27 16:00:00-04:00,3451.0,3453.10009765625,3448.199951171875,3449.300048828125,4990
2025-08-27 20:00:00-04:00,3445.10009765625,3453.800048828125,3442.5,3450.89990234375,13958
2025-08-28 00:00:00-04:00,3450.800048828125,3453.0,3443.199951171875,3444.699951171875,14071
2025-08-28 04:00:00-04:00,3462.0,3465.800048828125,3449.0,3450.699951171875,24448
2025-08-28 08:00:00-04:00,3465.800048828125,3471.0,3452.10009765625,3462.300048828125,58923
2025-08-28 12:00:00-04:00,3477.60009765625,3478.699951171875,3465.60009765625,3465.800048828125,32835
2025-08-28 16:00:00-04:00,3475.300048828125,3478.0,3475.0,3477.699951171875,4692
2025-08-28 20:00:00-04:00,3470.89990234375,3479.60009765625,3469.89990234375,3475.5,13899
2025-08-29 00:00:00-04:00,3471.199951171875,3472.199951171875,3466.10009765625,3470.199951171875,13632
2025-08-29 04:00:00-04:00,3469.800048828125,3472.60009765625,3463.0,3471.10009765625,17783
2025-08-29 08:00:00-04:00,3512.5,3515.300048828125,3464.10009765625,3469.800048828125,85974
2025-08-29 12:00:00-04:00,3516.10009765625,3518.5,3508.39990234375,3512.60009765625,41853
2025-08-29 16:00:00-04:00,3516.10009765625,3517.60009765625,3514.0,3516.0,4393
2025-09-02 00:00:00-04:00,3541.60009765625,3568.0,3538.5,3564.300048828125,100607
2025-09-02 04:00:00-04:00,3558.699951171875,3559.0,3537.5,3541.60009765625,28378
2025-09-02 08:00:00-04:00,3586.10009765625,3586.300048828125,3538.60009765625,3558.60009765625,99879
2025-09-02 12:00:00-04:00,3597.89990234375,3600.800048828125,3582.60009765625,3586.10009765625,44228
2025-09-02 16:00:00-04:00,3595.5,3602.39990234375,3593.39990234375,3597.800048828125,7332
2025-09-02 20:00:00-04:00,3596.60009765625,3616.89990234375,3595.10009765625,3595.699951171875,28149
2025-09-03 00:00:00-04:00,3598.39990234375,3604.10009765625,3592.39990234375,3596.699951171875,20140
2025-09-03 04:00:00-04:00,3616.0,3617.39990234375,3598.39990234375,3598.39990234375,26081
2025-09-03 08:00:00-04:00,3628.60009765625,3631.5,3607.300048828125,3615.89990234375,80622
2025-09-03 12:00:00-04:00,3619.300048828125,3640.10009765625,3617.199951171875,3628.60009765625,49547
2025-09-03 16:00:00-04:00,3613.60009765625,3624.60009765625,3609.5,3619.5,19072
2025-09-03 20:00:00-04:00,3587.89990234375,3621.60009765625,3573.699951171875,3613.89990234375,46229
2025-09-04 00:00:00-04:00,3599.5,3600.10009765625,3581.5,3587.60009765625,21385
2025-09-04 04:00:00-04:00,3603.10009765625,3609.0,3594.0,3599.699951171875,26304
2025-09-04 08:00:00-04:00,3612.300048828125,3617.800048828125,3592.199951171875,3602.800048828125,78200
2025-09-04 12:00:00-04:00,3605.89990234375,3615.5,3600.0,3612.300048828125,29606
2025-09-04 16:00:00-04:00,3609.60009765625,3611.800048828125,3595.39990234375,3605.89990234375,6230
2025-09-04 20:00:00-04:00,3618.199951171875,3618.5,3605.0,3609.699951171875,17706
2025-09-05 00:00:00-04:00,3607.5,3619.199951171875,3606.10009765625,3617.60009765625,16645
2025-09-05 04:00:00-04:00,3609.300048828125,3611.800048828125,3601.60009765625,3607.699951171875,19675
2025-09-05 08:00:00-04:00,3647.39990234375,3654.199951171875,3604.300048828125,3609.39990234375,129259
2025-09-05 12:00:00-04:00,3646.5,3655.5,3645.60009765625,3647.39990234375,35539
2025-09-05 16:00:00-04:00,3639.800048828125,3647.39990234375,3639.0,3646.39990234375,5208
2025-09-07 16:00:00-04:00,3630.800048828125,3653.300048828125,3623.0,3635.0,18118
2025-09-07 20:00:00-04:00,3626.800048828125,3637.89990234375,3625.0,3630.89990234375,29648
2025-09-08 00:00:00-04:00,3650.5,3654.300048828125,3621.699951171875,3626.60009765625,28937
2025-09-08 04:00:00-04:00,3658.89990234375,3662.5,3647.699951171875,3650.60009765625,28756
2025-09-08 08:00:00-04:00,3680.10009765625,3685.699951171875,3653.5,3658.89990234375,78247
2025-09-08 12:00:00-04:00,3676.199951171875,3682.39990234375,3673.199951171875,3680.199951171875,32388
2025-09-08 16:00:00-04:00,3674.800048828125,3678.800048828125,3669.800048828125,3676.199951171875,4627
2025-09-08 20:00:00-04:00,3685.199951171875,3694.89990234375,3673.300048828125,3675.0,33567
2025-09-09 00:00:00-04:00,3683.800048828125,3698.89990234375,3676.800048828125,3685.89990234375,30976
2025-09-09 04:00:00-04:00,3686.699951171875,3695.800048828125,3681.199951171875,3683.800048828125,23591
2025-09-09 08:00:00-04:00,3684.300048828125,3715.199951171875,3665.300048828125,3686.800048828125,131584
2025-09-09 12:00:00-04:00,3668.300048828125,3688.5,3667.199951171875,3684.10009765625,29158
2025-09-09 16:00:00-04:00,3671.10009765625,3677.800048828125,3651.39990234375,3668.300048828125,7646
2025-09-09 20:00:00-04:00,3674.800048828125,3675.800048828125,3656.5,3670.89990234375,23950
2025-09-10 00:00:00-04:00,3682.60009765625,3687.199951171875,3674.5,3674.5,20627
2025-09-10 04:00:00-04:00,3688.800048828125,3696.60009765625,3680.699951171875,3682.699951171875,27022
2025-09-10 08:00:00-04:00,3683.699951171875,3697.5,3677.5,3688.699951171875,67888
2025-09-10 12:00:00-04:00,3681.699951171875,3689.60009765625,3674.60009765625,3683.699951171875,23513
2025-09-10 16:00:00-04:00,3683.199951171875,3684.10009765625,3676.60009765625,3681.800048828125,5063
2025-09-10 20:00:00-04:00,3669.699951171875,3687.5,3666.5,3683.300048828125,23014
2025-09-11 00:00:00-04:00,3667.60009765625,3675.5,3660.60009765625,3669.800048828125,28970
2025-09-11 04:00:00-04:00,3654.89990234375,3669.5,3651.800048828125,3667.699951171875,31580
2025-09-11 08:00:00-04:00,3672.0,3682.0,3651.0,3654.89990234375,91532
2025-09-11 12:00:00-04:00,3675.39990234375,3680.60009765625,3669.300048828125,3671.89990234375,25293
2025-09-11 16:00:00-04:00,3669.199951171875,3676.60009765625,3669.0,3675.300048828125,3371
2025-09-11 20:00:00-04:00,3691.800048828125,3692.39990234375,3667.300048828125,3669.199951171875,24109
2025-09-12 00:00:00-04:00,3686.300048828125,3695.5,3685.699951171875,3692.0,20460
2025-09-12 04:00:00-04:00,3684.60009765625,3690.39990234375,3675.300048828125,3686.300048828125,27524
2025-09-12 08:00:00-04:00,3682.300048828125,3692.699951171875,3675.5,3684.699951171875,50283
2025-09-12 12:00:00-04:00,3682.699951171875,3689.5,3680.5,3682.300048828125,18489
2025-09-12 16:00:00-04:00,3680.699951171875,3683.800048828125,3679.300048828125,3682.699951171875,3411
2025-09-14 16:00:00-04:00,3675.199951171875,3686.39990234375,3673.60009765625,3680.199951171875,4534
2025-09-14 20:00:00-04:00,3683.199951171875,3683.800048828125,3662.800048828125,3675.0,23797
2025-09-15 00:00:00-04:00,3680.699951171875,3684.300048828125,3671.5,3683.699951171875,16867
2025-09-15 04:00:00-04:00,3679.60009765625,3683.39990234375,3673.39990234375,3680.699951171875,23165
2025-09-15 08:00:00-04:00,3720.39990234375,3722.199951171875,3673.699951171875,3679.699951171875,75985
2025-09-15 12:00:00-04:00,3720.199951171875,3724.89990234375,3713.60009765625,3720.5,36893
2025-09-15 16:00:00-04:00,3717.800048828125,3721.699951171875,3715.5,3720.199951171875,3237
2025-09-15 20:00:00-04:00,3718.10009765625,3728.39990234375,3711.800048828125,3723.60009765625,27619
2025-09-16 00:00:00-04:00,3726.199951171875,3731.89990234375,3717.10009765625,3718.5,21484
2025-09-16 04:00:00-04:00,3734.5,3737.60009765625,3728.699951171875,3733.5,29181
2025-09-16 08:00:00-04:00,3723.0,3739.89990234375,3715.199951171875,3734.60009765625,78801
2025-09-16 12:00:00-04:00,3726.60009765625,3728.39990234375,3721.300048828125,3723.0,26023
2025-09-16 16:00:00-04:00,3731.699951171875,3732.800048828125,3726.39990234375,3726.800048828125,5696
2025-09-16 20:00:00-04:00,3718.199951171875,3732.800048828125,3710.699951171875,3731.89990234375,24507
2025-09-17 00:00:00-04:00,3703.699951171875,3722.699951171875,3702.800048828125,3718.5,22960
2025-09-17 04:00:00-04:00,3701.199951171875,3707.10009765625,3695.39990234375,3703.699951171875,33243
2025-09-17 08:00:00-04:00,3718.60009765625,3722.0,3701.0,3701.39990234375,46349
2025-09-17 12:00:00-04:00,3696.199951171875,3744.0,3679.5,3718.800048828125,116140
2025-09-17 16:00:00-04:00,3703.0,3705.60009765625,3688.199951171875,3696.199951171875,7296
2025-09-17 20:00:00-04:00,3693.0,3703.89990234375,3686.60009765625,3703.5,24895
2025-09-18 00:00:00-04:00,3692.5,3693.800048828125,3667.300048828125,3693.0,43214
2025-09-18 04:00:00-04:00,3700.699951171875,3707.300048828125,3687.699951171875,3692.39990234375,28933
2025-09-18 08:00:00-04:00,3674.5,3706.39990234375,3660.5,3700.89990234375,84593
2025-09-18 12:00:00-04:00,3679.699951171875,3680.699951171875,3673.60009765625,3674.60009765625,27475
2025-09-18 16:00:00-04:00,3672.800048828125,3680.39990234375,3670.39990234375,3679.699951171875,3946
2025-09-18 20:00:00-04:00,3686.60009765625,3689.60009765625,3664.39990234375,3673.0,28931
2025-09-19 00:00:00-04:00,3686.0,3694.10009765625,3675.89990234375,3686.800048828125,26183
2025-09-19 04:00:00-04:00,3680.5,3691.89990234375,3677.5,3685.699951171875,22016
2025-09-19 08:00:00-04:00,3704.199951171875,3709.5,3676.199951171875,3680.5,64456
2025-09-19 12:00:00-04:00,3717.89990234375,3718.800048828125,3699.800048828125,3704.10009765625,32877
2025-09-19 16:00:00-04:00,3705.800048828125,3719.60009765625,3705.800048828125,3717.800048828125,3584
2025-09-21 16:00:00-04:00,3721.60009765625,3727.39990234375,3705.800048828125,3721.300048828125,8873
2025-09-21 20:00:00-04:00,3730.89990234375,3733.10009765625,3720.5,3721.39990234375,22859
2025-09-22 00:00:00-04:00,3747.5,3753.39990234375,3725.5,3730.800048828125,37258
2025-09-22 04:00:00-04:00,3758.800048828125,3763.10009765625,3746.60009765625,3747.39990234375,30697
2025-09-22 08:00:00-04:00,3769.89990234375,3770.300048828125,3746.0,3758.89990234375,66493
2025-09-22 12:00:00-04:00,3781.199951171875,3783.199951171875,3769.199951171875,3769.89990234375,44223
2025-09-22 16:00:00-04:00,3782.199951171875,3784.199951171875,3773.5,3781.199951171875,8437
2025-09-22 20:00:00-04:00,3780.60009765625,3795.10009765625,3772.39990234375,3782.199951171875,35623
2025-09-23 00:00:00-04:00,3787.60009765625,3793.0,3777.39990234375,3780.89990234375,27435
2025-09-23 04:00:00-04:00,3816.5,3824.60009765625,3786.800048828125,3787.60009765625,60962
2025-09-23 08:00:00-04:00,3811.5,3821.60009765625,3799.0,3816.60009765625,81462
2025-09-23 12:00:00-04:00,3796.39990234375,3819.0,3783.89990234375,3811.699951171875,69144
2025-09-23 16:00:00-04:00,3796.10009765625,3802.60009765625,3793.800048828125,3796.60009765625,6929
2025-09-23 20:00:00-04:00,3799.10009765625,3803.60009765625,3783.0,3795.800048828125,26493
2025-09-24 00:00:00-04:00,3810.89990234375,3812.60009765625,3795.39990234375,3798.39990234375,25401
2025-09-24 04:00:00-04:00,3802.300048828125,3811.300048828125,3792.39990234375,3810.89990234375,26324
2025-09-24 08:00:00-04:00,3774.10009765625,3806.39990234375,3772.60009765625,3802.199951171875,83697
2025-09-24 12:00:00-04:00,3762.5,3778.39990234375,3749.699951171875,3774.199951171875,61112
2025-09-24 16:00:00-04:00,3774.5,3776.699951171875,3762.300048828125,3762.39990234375,5963
2025-09-24 20:00:00-04:00,3767.0,3782.199951171875,3760.5,3774.300048828125,28367
2025-09-25 00:00:00-04:00,3782.5,3785.60009765625,3762.199951171875,3767.199951171875,28537
2025-09-25 04:00:00-04:00,3784.0,3792.300048828125,3771.0,3782.60009765625,43631
2025-09-25 08:00:00-04:00,3766.89990234375,3787.0,3751.89990234375,3783.699951171875,91444
2025-09-25 12:00:00-04:00,3777.5,3789.5,3762.5,3766.89990234375,53265
2025-09-25 16:00:00-04:00,3775.0,3783.89990234375,3768.5,3777.5,7524
2025-09-25 20:00:00-04:00,3775.39990234375,3783.5,3764.0,3775.0,19873
2025-09-26 00:00:00-04:00,3777.89990234375,3784.39990234375,3768.800048828125,3775.10009765625,20136
2025-09-26 04:00:00-04:00,3778.699951171875,3785.199951171875,3772.800048828125,3777.89990234375,22701
2025-09-26 08:00:00-04:00,3810.39990234375,3814.39990234375,3776.39990234375,3778.800048828125,87319
2025-09-26 12:00:00-04:00,3795.800048828125,3813.300048828125,3793.60009765625,3810.39990234375,43595
2025-09-26 16:00:00-04:00,3809.0,3809.0,3789.0,3796.0,6381
2025-09-28 16:00:00-04:00,3795.89990234375,3801.60009765625,3794.89990234375,3796.800048828125,6154
2025-09-28 20:00:00-04:00,3823.5,3828.5,3792.89990234375,3795.800048828125,45612
2025-09-29 00:00:00-04:00,3836.10009765625,3849.0,3822.10009765625,3824.0,42943
2025-09-29 04:00:00-04:00,3858.199951171875,3860.60009765625,3836.199951171875,3836.199951171875,40687
2025-09-29 08:00:00-04:00,3859.300048828125,3862.199951171875,3838.60009765625,3858.10009765625,75674
2025-09-29 12:00:00-04:00,3857.10009765625,3862.199951171875,3850.89990234375,3859.199951171875,33872
2025-09-29 16:00:00-04:00,3861.10009765625,3863.699951171875,3854.39990234375,3857.0,6517
2025-09-29 20:00:00-04:00,3893.300048828125,3895.5,3859.5,3861.199951171875,39813
2025-09-30 00:00:00-04:00,3872.199951171875,3899.199951171875,3867.89990234375,3892.800048828125,43352
2025-09-30 04:00:00-04:00,3842.60009765625,3875.60009765625,3820.60009765625,3872.0,72465
2025-09-30 08:00:00-04:00,3866.300048828125,3882.300048828125,3836.5,3842.39990234375,98380
2025-09-30 12:00:00-04:00,3886.699951171875,3888.699951171875,3865.699951171875,3866.800048828125,37670
2025-09-30 16:00:00-04:00,3890.60009765625,3890.800048828125,3878.699951171875,3886.800048828125,8961
2025-09-30 20:00:00-04:00,3889.699951171875,3904.10009765625,3883.5,3890.60009765625,32679
2025-10-01 00:00:00-04:00,3907.199951171875,3908.300048828125,3880.300048828125,3889.5,34546
2025-10-01 04:00:00-04:00,3911.10009765625,3922.699951171875,3905.39990234375,3907.39990234375,48190
2025-10-01 08:00:00-04:00,3895.10009765625,3918.800048828125,3882.800048828125,3911.199951171875,116764
2025-10-01 12:00:00-04:00,3894.300048828125,3898.5,3881.39990234375,3895.0,39670
2025-10-01 16:00:00-04:00,3888.89990234375,3895.699951171875,3882.89990234375,3894.300048828125,8118
2025-10-01 20:00:00-04:00,3891.5,3895.199951171875,3877.0,3888.699951171875,19045
2025-10-02 00:00:00-04:00,3894.0,3899.60009765625,3886.60009765625,3891.60009765625,22991
2025-10-02 04:00:00-04:00,3911.199951171875,3911.699951171875,3889.699951171875,3893.60009765625,25873
2025-10-02 08:00:00-04:00,3851.800048828125,3923.300048828125,3842.800048828125,3911.300048828125,148438
2025-10-02 12:00:00-04:00,3880.10009765625,3883.39990234375,3850.699951171875,3851.699951171875,46793
2025-10-02 16:00:00-04:00,3886.800048828125,3888.10009765625,3876.0,3880.300048828125,5721
2025-10-02 20:00:00-04:00,3865.800048828125,3887.199951171875,3861.10009765625,3886.60009765625,26310
2025-10-03 00:00:00-04:00,3887.300048828125,3888.699951171875,3864.60009765625,3865.699951171875,23602
2025-10-03 04:00:00-04:00,3885.300048828125,3891.5,3877.60009765625,3887.5,24655
2025-10-03 08:00:00-04:00,3914.39990234375,3916.800048828125,3883.699951171875,3885.39990234375,94537
2025-10-03 12:00:00-04:00,3910.89990234375,3914.800048828125,3901.699951171875,3914.5,33276
2025-10-03 16:00:00-04:00,3908.89990234375,3912.699951171875,3908.5,3910.89990234375,3034
2025-10-05 16:00:00-04:00,3935.300048828125,3945.199951171875,3908.89990234375,3911.199951171875,23613
2025-10-05 20:00:00-04:00,3954.300048828125,3956.800048828125,3924.300048828125,3935.39990234375,35382
2025-10-06 00:00:00-04:00,3965.699951171875,3969.0,3947.39990234375,3954.60009765625,40954
2025-10-06 04:00:00-04:00,3962.39990234375,3973.699951171875,3954.699951171875,3965.800048828125,37050
2025-10-06 08:00:00-04:00,3986.39990234375,3988.199951171875,3950.0,3962.199951171875,83692
2025-10-06 12:00:00-04:00,3983.199951171875,3994.5,3969.5,3986.39990234375,47850
2025-10-06 16:00:00-04:00,3984.39990234375,3986.199951171875,3981.0,3983.199951171875,3546
2025-10-07 00:00:00-04:00,3968.60009765625,3979.39990234375,3965.800048828125,3974.39990234375,7399
2025-10-07 04:00:00-04:00,3989.800048828125,3992.10009765625,3963.39990234375,3968.60009765625,36447
2025-10-07 08:00:00-04:00,3988.699951171875,4014.60009765625,3983.39990234375,3989.699951171875,106197
2025-10-07 12:00:00-04:00,4002.5,4011.10009765625,3985.300048828125,3989.0,52597
2025-10-07 16:00:00-04:00,4016.199951171875,4018.0,4002.699951171875,4002.699951171875,9620
2025-10-07 20:00:00-04:00,4036.60009765625,4038.699951171875,4006.699951171875,4016.300048828125,45910
2025-10-08 00:00:00-04:00,4056.5,4061.199951171875,4037.10009765625,4037.10009765625,52991
2025-10-08 04:00:00-04:00,4060.0,4071.5,4053.60009765625,4056.39990234375,48669
2025-10-08 08:00:00-04:00,4067.199951171875,4072.39990234375,4047.5,4060.10009765625,99129
2025-10-08 12:00:00-04:00,4064.199951171875,4081.0,4052.5,4067.300048828125,73392
2025-10-08 16:00:00-04:00,4030.10009765625,4067.0,4019.199951171875,4064.300048828125,19395
2025-10-08 20:00:00-04:00,4045.0,4057.0,4022.39990234375,4030.0,57077
2025-10-09 00:00:00-04:00,4051.199951171875,4062.10009765625,4041.10009765625,4046.10009765625,31673
2025-10-09 04:00:00-04:00,4063.699951171875,4066.89990234375,4049.800048828125,4051.0,27473
2025-10-09 08:00:00-04:00,4029.60009765625,4077.89990234375,4018.10009765625,4063.699951171875,163128
2025-10-09 12:00:00-04:00,3988.300048828125,4037.89990234375,3957.89990234375,4029.5,139608
2025-10-09 16:00:00-04:00,4006.60009765625,4007.60009765625,3973.0,3988.300048828125,12938
2025-10-09 20:00:00-04:00,3979.10009765625,4009.699951171875,3975.0,4006.60009765625,38111
2025-10-10 00:00:00-04:00,3985.10009765625,3991.699951171875,3961.199951171875,3976.800048828125,44855
2025-10-10 04:00:00-04:00,4002.300048828125,4020.5,3982.800048828125,3985.0,45556
2025-10-10 08:00:00-04:00,4013.39990234375,4038.60009765625,3986.699951171875,4002.39990234375,127599
2025-10-10 12:00:00-04:00,4028.10009765625,4038.0,3988.39990234375,4013.5,75275
2025-10-10 16:00:00-04:00,4000.39990234375,4038.5,4000.39990234375,4028.0,7026
2025-10-12 16:00:00-04:00,4053.10009765625,4078.10009765625,4000.39990234375,4018.300048828125,28404
2025-10-12 20:00:00-04:00,4070.199951171875,4079.300048828125,4042.10009765625,4053.0,43720
2025-10-13 00:00:00-04:00,4089.699951171875,4096.7001953125,4068.89990234375,4069.800048828125,40631
2025-10-13 04:00:00-04:00,4093.199951171875,4104.2998046875,4087.39990234375,4089.60009765625,40590
2025-10-13 08:00:00-04:00,4124.7998046875,4127.5,4092.300048828125,4093.199951171875,87925
2025-10-13 12:00:00-04:00,4127.2998046875,4137.2001953125,4110.2998046875,4124.7998046875,51364
2025-10-13 16:00:00-04:00,4145.89990234375,4150.0,4124.7998046875,4127.2998046875,14774
2025-10-13 20:00:00-04:00,4175.2998046875,4178.60009765625,4137.0,4145.7001953125,60510
2025-10-14 00:00:00-04:00,4141.7998046875,4190.89990234375,4105.0,4175.60009765625,115452
2025-10-14 04:00:00-04:00,4148.60009765625,4161.7998046875,4136.7001953125,4141.60009765625,50079
2025-10-14 08:00:00-04:00,4154.2998046875,4159.10009765625,4113.60009765625,4148.7998046875,96710
2025-10-14 12:00:00-04:00,4159.2001953125,4172.10009765625,4144.5,4154.5,55330
2025-10-14 16:00:00-04:00,4179.60009765625,4185.39990234375,4156.39990234375,4159.2998046875,7970
2025-10-14 20:00:00-04:00,4206.0,4210.0,4171.60009765625,4179.60009765625,43858
2025-10-15 00:00:00-04:00,4225.7998046875,4227.89990234375,4192.39990234375,4206.0,35717
2025-10-15 04:00:00-04:00,4214.2998046875,4235.7998046875,4180.0,4225.7001953125,61837
2025-10-15 08:00:00-04:00,4207.0,4227.7001953125,4191.2001953125,4214.5,95649
2025-10-15 12:00:00-04:00,4226.0,4229.60009765625,4198.2001953125,4207.0,50278
2025-10-15 16:00:00-04:00,4223.2001953125,4230.60009765625,4214.5,4226.0,8871
2025-10-15 20:00:00-04:00,4249.2001953125,4255.39990234375,4218.39990234375,4223.10009765625,47625
2025-10-16 00:00:00-04:00,4244.5,4253.2001953125,4216.39990234375,4247.60009765625,52875
2025-10-16 04:00:00-04:00,4256.10009765625,4264.0,4237.2998046875,4244.60009765625,39956
2025-10-16 08:00:00-04:00,4289.39990234375,4292.7001953125,4241.89990234375,4256.2998046875,98975
2025-10-16 12:00:00-04:00,4321.39990234375,4328.7001953125,4275.7001953125,4289.5,102949
2025-10-16 16:00:00-04:00,4378.7998046875,4392.0,4321.7998046875,4321.89990234375,29298
2025-10-16 20:00:00-04:00,4377.2001953125,4383.5,4291.2998046875,4378.2998046875,94852
2025-10-17 00:00:00-04:00,4354.5,4390.39990234375,4320.0,4378.89990234375,67933
2025-10-17 04:00:00-04:00,4298.7001953125,4363.7998046875,4298.0,4354.5,73952
2025-10-17 08:00:00-04:00,4251.39990234375,4332.2998046875,4226.0,4298.7001953125,176534
2025-10-17 12:00:00-04:00,4240.2998046875,4259.0,4196.0,4251.5,97656
2025-10-17 16:00:00-04:00,4213.2998046875,4268.0,4213.2998046875,4241.7001953125,7250
2025-10-19 16:00:00-04:00,4250.0,4289.89990234375,4213.2998046875,4269.0,15805
2025-10-19 20:00:00-04:00,4277.7998046875,4283.0,4229.7001953125,4249.39990234375,41917
2025-10-20 00:00:00-04:00,4269.2998046875,4281.5,4233.60009765625,4278.0,38151
2025-10-20 04:00:00-04:00,4294.7998046875,4295.2998046875,4259.5,4269.10009765625,33773
2025-10-20 08:00:00-04:00,4366.0,4372.2998046875,4287.60009765625,4294.60009765625,129496
2025-10-20 12:00:00-04:00,4394.2998046875,4398.0,4354.39990234375,4366.0,56453
2025-10-20 16:00:00-04:00,4377.2998046875,4396.5,4363.7001953125,4394.39990234375,19793
2025-10-20 20:00:00-04:00,4362.89990234375,4390.0,4348.39990234375,4377.39990234375,45937
2025-10-21 00:00:00-04:00,4312.7998046875,4362.7998046875,4309.2998046875,4362.7998046875,50366
2025-10-21 04:00:00-04:00,4266.7998046875,4316.2998046875,4257.7001953125,4312.60009765625,78454
2025-10-21 08:00:00-04:00,4150.60009765625,4270.89990234375,4093.0,4266.7998046875,233480
2025-10-21 12:00:00-04:00,4124.2001953125,4156.7001953125,4105.0,4150.5,91358
2025-10-21 16:00:00-04:00,4106.7001953125,4146.7001953125,4103.39990234375,4124.5,17831
2025-10-21 20:00:00-04:00,4143.7001953125,4157.89990234375,4021.199951171875,4106.7998046875,88206
2025-10-22 00:00:00-04:00,4146.2998046875,4175.0,4121.89990234375,4142.7998046875,42208
2025-10-22 04:00:00-04:00,4042.699951171875,4149.5,4029.10009765625,4146.2001953125,92096
2025-10-22 08:00:00-04:00,4053.10009765625,4101.0,4025.10009765625,4042.5,137071
2025-10-22 12:00:00-04:00,4120.0,4131.39990234375,4039.39990234375,4053.5,77244
2025-10-22 16:00:00-04:00,4104.7001953125,4133.60009765625,4096.39990234375,4120.39990234375,13362
2025-10-22 20:00:00-04:00,4106.89990234375,4116.39990234375,4079.60009765625,4104.2001953125,29060
2025-10-23 00:00:00-04:00,4109.60009765625,4152.89990234375,4094.39990234375,4106.7001953125,43345
2025-10-23 04:00:00-04:00,4123.7001953125,4140.7001953125,4109.7998046875,4109.89990234375,37670
2025-10-23 08:00:00-04:00,4158.60009765625,4171.5,4113.7001953125,4123.39990234375,86887
2025-10-23 12:00:00-04:00,4134.60009765625,4165.39990234375,4132.5,4158.60009765625,50000
2025-10-23 16:00:00-04:00,4136.7998046875,4149.0,4121.2001953125,4134.60009765625,9707
2025-10-23 20:00:00-04:00,4135.89990234375,4159.0,4122.10009765625,4137.10009765625,35185
2025-10-24 00:00:00-04:00,4088.89990234375,4137.10009765625,4083.10009765625,4136.2001953125,46752
2025-10-24 04:00:00-04:00,4075.60009765625,4092.300048828125,4055.699951171875,4088.800048828125,44096
2025-10-24 08:00:00-04:00,4146.7001953125,4151.10009765625,4073.39990234375,4075.699951171875,105754
2025-10-24 12:00:00-04:00,4119.7001953125,4156.0,4117.5,4146.60009765625,47902
2025-10-24 16:00:00-04:00,4137.7998046875,4137.7998046875,4111.0,4119.7001953125,4840
2025-10-26 16:00:00-04:00,4078.199951171875,4137.7998046875,4074.199951171875,4103.2001953125,23834
2025-10-26 20:00:00-04:00,4083.5,4112.0,4071.800048828125,4078.699951171875,33157
2025-10-27 00:00:00-04:00,4081.699951171875,4098.60009765625,4065.800048828125,4082.0,28155
2025-10-27 04:00:00-04:00,4038.0,4083.60009765625,4028.0,4081.60009765625,54991
2025-10-27 08:00:00-04:00,4004.60009765625,4064.800048828125,3985.89990234375,4037.89990234375,122968
2025-10-27 12:00:00-04:00,4006.0,4025.800048828125,3998.60009765625,4004.800048828125,54247
2025-10-27 16:00:00-04:00,4012.5,4019.0,3994.10009765625,4005.800048828125,11950
2025-10-27 20:00:00-04:00,4006.60009765625,4034.199951171875,3987.199951171875,4012.800048828125,38667
2025-10-28 00:00:00-04:00,3947.39990234375,4008.199951171875,3936.89990234375,4007.0,53406
2025-10-28 04:00:00-04:00,3937.10009765625,3950.89990234375,3901.300048828125,3947.60009765625,74062
2025-10-28 08:00:00-04:00,3978.60009765625,3983.800048828125,3919.199951171875,3937.0,90803
2025-10-28 12:00:00-04:00,3975.800048828125,3985.699951171875,3959.10009765625,3978.699951171875,60105
2025-10-28 16:00:00-04:00,3979.0,3982.5,3930.0,3975.39990234375,9283
2025-10-28 20:00:00-04:00,3977.300048828125,3995.699951171875,3957.199951171875,3978.60009765625,33832
2025-10-29 00:00:00-04:00,4014.5,4014.800048828125,3963.89990234375,3977.199951171875,27246
2025-10-29 04:00:00-04:00,4030.199951171875,4043.699951171875,4013.39990234375,4014.800048828125,45080
2025-10-29 08:00:00-04:00,4007.5,4046.199951171875,4003.39990234375,4031.0,70030
2025-10-29 12:00:00-04:00,3959.199951171875,4021.699951171875,3940.39990234375,4007.800048828125,84171
2025-10-29 16:00:00-04:00,3963.89990234375,3967.800048828125,3925.10009765625,3958.699951171875,11449
2025-10-29 20:00:00-04:00,3947.300048828125,3978.199951171875,3927.60009765625,3964.10009765625,36558
2025-10-30 00:00:00-04:00,3972.800048828125,3996.0,3946.699951171875,3949.5,38159
2025-10-30 04:00:00-04:00,3985.699951171875,4024.199951171875,3971.39990234375,3973.0,41993
2025-10-30 08:00:00-04:00,4015.300048828125,4028.300048828125,3970.89990234375,3985.800048828125,76371
2025-10-30 12:00:00-04:00,4035.199951171875,4038.5,4004.60009765625,4015.300048828125,34258
2025-10-30 16:00:00-04:00,4048.60009765625,4059.89990234375,4029.300048828125,4035.199951171875,12063
2025-10-30 20:00:00-04:00,4009.0,4051.39990234375,4003.60009765625,4048.699951171875,34647
2025-10-31 00:00:00-04:00,4032.60009765625,4036.60009765625,4001.89990234375,4009.5,27697
2025-10-31 04:00:00-04:00,4022.300048828125,4038.5,4010.0,4032.39990234375,24685
2025-10-31 08:00:00-04:00,4025.0,4049.199951171875,4020.800048828125,4022.39990234375,63667
2025-10-31 12:00:00-04:00,4012.89990234375,4027.5,3982.300048828125,4024.800048828125,67434
2025-10-31 16:00:00-04:00,4014.199951171875,4018.89990234375,4007.60009765625,4012.699951171875,3129
2025-11-02 15:00:00-05:00,3989.699951171875,4009.0,3988.10009765625,4001.89990234375,5571
2025-11-02 19:00:00-05:00,4021.300048828125,4025.39990234375,3971.300048828125,3990.0,35835
2025-11-02 23:00:00-05:00,4013.5,4024.60009765625,4011.699951171875,4021.39990234375,4542
2025-11-03 00:00:00-05:00,4029.89990234375,4038.699951171875,4007.0,4013.800048828125,26419
2025-11-03 04:00:00-05:00,4025.300048828125,4036.89990234375,4003.300048828125,4030.199951171875,35962
2025-11-03 08:00:00-05:00,4019.800048828125,4043.10009765625,4006.0,4025.199951171875,79855
2025-11-03 12:00:00-05:00,4022.699951171875,4027.39990234375,4007.10009765625,4019.89990234375,30739
2025-11-03 16:00:00-05:00,3996.10009765625,4022.699951171875,3988.10009765625,4022.5,10801
2025-11-03 20:00:00-05:00,3995.300048828125,4009.199951171875,3984.199951171875,3996.300048828125,28625
2025-11-04 00:00:00-05:00,4006.800048828125,4011.60009765625,3975.0,3994.60009765625,32474
2025-11-04 04:00:00-05:00,3994.699951171875,4010.699951171875,3992.89990234375,4006.5,24437
2025-11-04 08:00:00-05:00,3979.39990234375,4006.800048828125,3937.10009765625,3994.5,95401
2025-11-04 12:00:00-05:00,3948.699951171875,3981.199951171875,3940.89990234375,3979.39990234375,46478
2025-11-04 16:00:00-05:00,3948.0,3951.5,3935.699951171875,3948.800048828125,10418
2025-11-04 20:00:00-05:00,3977.60009765625,3982.39990234375,3942.60009765625,3948.39990234375,25956
2025-11-05 00:00:00-05:00,3990.0,3997.0,3970.300048828125,3978.800048828125,26882
2025-11-05 04:00:00-05:00,3979.300048828125,3991.300048828125,3965.10009765625,3989.800048828125,25254
2025-11-05 08:00:00-05:00,3996.800048828125,4000.699951171875,3972.89990234375,3979.300048828125,53119
2025-11-05 12:00:00-05:00,3994.800048828125,4000.300048828125,3988.10009765625,3996.800048828125,27796
2025-11-05 16:00:00-05:00,3984.699951171875,3995.60009765625,3973.89990234375,3995.10009765625,5299
2025-11-05 20:00:00-05:00,3997.300048828125,3998.699951171875,3973.199951171875,3984.89990234375,15858
2025-11-06 00:00:00-05:00,4024.300048828125,4026.0,3990.699951171875,3997.0,25277
2025-11-06 04:00:00-05:00,4014.5,4028.699951171875,4012.0,4024.10009765625,27515
2025-11-06 08:00:00-05:00,3989.10009765625,4025.5,3983.5,4014.60009765625,67575
2025-11-06 12:00:00-05:00,3988.800048828125,4003.699951171875,3973.199951171875,3989.5,37308
2025-11-06 16:00:00-05:00,3996.0,4002.0,3981.60009765625,3989.0,5961
2025-11-06 20:00:00-05:00,4005.5,4011.300048828125,3992.60009765625,3995.89990234375,17430
2025-11-07 00:00:00-05:00,4018.0,4018.699951171875,3998.699951171875,4006.0,18586
2025-11-07 04:00:00-05:00,4003.300048828125,4022.60009765625,3998.89990234375,4017.89990234375,25512
2025-11-07 08:00:00-05:00,4015.800048828125,4035.800048828125,3991.0,4003.39990234375,70860
2025-11-07 12:00:00-05:00,4012.10009765625,4018.0,3999.60009765625,4015.89990234375,58048
2025-11-07 16:00:00-05:00,4008.39990234375,4013.10009765625,4006.300048828125,4011.800048828125,1934
2025-11-09 16:00:00-05:00,4028.300048828125,4032.10009765625,4009.800048828125,4017.800048828125,11152
2025-11-09 20:00:00-05:00,4062.89990234375,4065.89990234375,4026.800048828125,4027.89990234375,38946
2025-11-10 00:00:00-05:00,4090.300048828125,4093.699951171875,4058.699951171875,4062.800048828125,31327
2025-11-10 04:00:00-05:00,4106.10009765625,4108.7001953125,4079.5,4090.5,33349
2025-11-10 08:00:00-05:00,4103.2001953125,4115.0,4082.39990234375,4105.89990234375,69315
2025-11-10 12:00:00-05:00,4118.7998046875,4123.89990234375,4101.2998046875,4103.10009765625,54430
2025-11-10 16:00:00-05:00,4137.2998046875,4139.89990234375,4117.60009765625,4118.89990234375,12080
2025-11-10 20:00:00-05:00,4148.89990234375,4155.0,4133.89990234375,4137.2998046875,32725
2025-11-11 00:00:00-05:00,4142.2998046875,4150.60009765625,4131.2001953125,4149.10009765625,28166
2025-11-11 04:00:00-05:00,4140.7001953125,4152.39990234375,4139.39990234375,4142.39990234375,22683
2025-11-11 08:00:00-05:00,4119.2001953125,4153.39990234375,4102.7998046875,4140.7998046875,94533
2025-11-11 12:00:00-05:00,4135.7001953125,4138.5,4112.39990234375,4119.0,43433
2025-11-11 16:00:00-05:00,4139.0,4151.5,4131.7001953125,4135.60009765625,8576
2025-11-11 20:00:00-05:00,4116.5,4143.2001953125,4109.39990234375,4139.0,30508
2025-11-12 00:00:00-05:00,4136.7998046875,4138.2001953125,4104.39990234375,4116.5,29982
2025-11-12 04:00:00-05:00,4136.39990234375,4145.89990234375,4123.39990234375,4136.7001953125,26604
2025-11-12 08:00:00-05:00,4203.0,4204.60009765625,4128.7001953125,4136.39990234375,100355
2025-11-12 12:00:00-05:00,4201.2998046875,4218.5,4196.0,4203.2001953125,73605
2025-11-12 16:00:00-05:00,4209.2998046875,4212.5,4189.10009765625,4201.2998046875,13353
2025-11-12 20:00:00-05:00,4214.60009765625,4223.89990234375,4183.2001953125,4209.2001953125,37303
2025-11-13 00:00:00-05:00,4237.5,4244.2998046875,4206.89990234375,4213.2998046875,37228
2025-11-13 04:00:00-05:00,4247.39990234375,4250.0,4224.0,4237.39990234375,35639
2025-11-13 08:00:00-05:00,4210.7998046875,4248.7001953125,4188.60009765625,4247.2001953125,87910
2025-11-13 12:00:00-05:00,4168.10009765625,4212.7998046875,4148.5,4211.0,84598
2025-11-13 16:00:00-05:00,4186.89990234375,4192.60009765625,4165.0,4167.89990234375,10695
2025-11-13 20:00:00-05:00,4206.2001953125,4215.10009765625,4176.2001953125,4186.5,25344
2025-11-14 00:00:00-05:00,4179.10009765625,4206.60009765625,4162.10009765625,4206.2998046875,37698
2025-11-14 04:00:00-05:00,4118.2998046875,4183.60009765625,4109.0,4178.60009765625,57613
2025-11-14 08:00:00-05:00,4107.10009765625,4121.2998046875,4032.60009765625,4117.7998046875,148921
2025-11-14 12:00:00-05:00,4088.89990234375,4112.7001953125,4077.5,4107.39990234375,49308
2025-11-14 16:00:00-05:00,4094.199951171875,4094.199951171875,4078.800048828125,4088.60009765625,3721
2025-11-16 16:00:00-05:00,4084.39990234375,4107.60009765625,4081.0,4100.0,10162
2025-11-16 20:00:00-05:00,4078.800048828125,4103.60009765625,4070.5,4084.300048828125,28745
2025-11-17 00:00:00-05:00,4078.800048828125,4097.10009765625,4051.10009765625,4079.800048828125,38204
2025-11-17 04:00:00-05:00,4078.5,4091.0,4062.300048828125,4078.39990234375,32015
2025-11-17 08:00:00-05:00,4071.10009765625,4093.5,4053.10009765625,4078.60009765625,52958
2025-11-17 12:00:00-05:00,4041.199951171875,4082.5,4006.800048828125,4071.199951171875,62609
2025-11-17 16:00:00-05:00,4039.800048828125,4055.39990234375,4026.89990234375,4041.0,9552
2025-11-17 20:00:00-05:00,4011.0,4044.800048828125,4002.5,4040.10009765625,32425
2025-11-18 00:00:00-05:00,4036.800048828125,4042.5,3997.39990234375,4010.10009765625,42592
2025-11-18 04:00:00-05:00,4031.699951171875,4050.199951171875,4028.10009765625,4036.10009765625,25759
2025-11-18 08:00:00-05:00,4067.39990234375,4082.300048828125,4030.39990234375,4031.89990234375,86380
2025-11-18 12:00:00-05:00,4069.800048828125,4083.699951171875,4059.300048828125,4067.199951171875,27923
2025-11-18 16:00:00-05:00,4069.0,4078.199951171875,4064.89990234375,4069.699951171875,5011
2025-11-18 20:00:00-05:00,4075.300048828125,4081.300048828125,4056.10009765625,4068.89990234375,18472
2025-11-19 00:00:00-05:00,4083.60009765625,4100.0,4073.89990234375,4075.199951171875,28600
2025-11-19 04:00:00-05:00,4115.10009765625,4121.0,4081.10009765625,4083.800048828125,32304
2025-11-19 08:00:00-05:00,4075.699951171875,4134.2998046875,4068.300048828125,4115.0,91415
2025-11-19 12:00:00-05:00,4076.5,4092.39990234375,4055.60009765625,4074.699951171875,47693
2025-11-19 16:00:00-05:00,4102.0,4109.60009765625,4065.0,4076.300048828125,9020
2025-11-19 20:00:00-05:00,4075.10009765625,4108.0,4034.0,4102.0,37065
2025-11-20 00:00:00-05:00,4062.39990234375,4077.0,4037.39990234375,4074.199951171875,34742
2025-11-20 04:00:00-05:00,4081.199951171875,4081.60009765625,4049.60009765625,4062.39990234375,33847
2025-11-20 08:00:00-05:00,4047.60009765625,4106.89990234375,4043.5,4081.39990234375,97965
2025-11-20 12:00:00-05:00,4077.300048828125,4087.300048828125,4042.60009765625,4047.5,50681
2025-11-20 16:00:00-05:00,4073.60009765625,4089.39990234375,4071.0,4077.300048828125,5393
2025-11-20 20:00:00-05:00,4049.39990234375,4079.10009765625,4045.5,4073.39990234375,23958
2025-11-21 00:00:00-05:00,4037.89990234375,4063.39990234375,4018.10009765625,4050.300048828125,39462
2025-11-21 04:00:00-05:00,4064.199951171875,4070.5,4028.10009765625,4037.800048828125,47112
2025-11-21 08:00:00-05:00,4099.7001953125,4100.60009765625,4053.39990234375,4064.5,83129
2025-11-21 12:00:00-05:00,4064.5,4101.0,4053.5,4099.60009765625,47663
2025-11-21 16:00:00-05:00,4079.5,4079.5,4052.199951171875,4064.39990234375,4134
2025-11-23 16:00:00-05:00,4064.699951171875,4074.800048828125,4054.800048828125,4068.5,7471
2025-11-23 20:00:00-05:00,4039.89990234375,4070.60009765625,4037.199951171875,4064.800048828125,23082
2025-11-24 00:00:00-05:00,4060.699951171875,4064.5,4036.39990234375,4040.800048828125,21011
2025-11-24 04:00:00-05:00,4077.89990234375,4081.60009765625,4059.89990234375,4060.199951171875,28796
2025-11-24 08:00:00-05:00,4096.2001953125,4097.39990234375,4066.0,4078.0,71965
2025-11-24 12:00:00-05:00,4130.5,4132.89990234375,4086.5,4096.60009765625,60206
2025-11-24 16:00:00-05:00,4126.60009765625,4142.7998046875,4124.0,4130.2998046875,6791
2025-11-24 20:00:00-05:00,4138.7998046875,4152.0,4120.5,4126.7001953125,12034
2025-11-25 00:00:00-05:00,4113.0,4166.7001953125,4106.7001953125,4138.5,45022
2025-11-25 04:00:00-05:00,4127.10009765625,4172.89990234375,4111.0,4150.0,47571
2025-11-25 08:00:00-05:00,4132.2001953125,4185.60009765625,4106.7998046875,4127.10009765625,102533
2025-11-25 12:00:00-05:00,4166.7001953125,4194.0,4125.60009765625,4132.2001953125,184447
2025-11-25 16:00:00-05:00,4177.2001953125,4178.7001953125,4124.39990234375,4129.10009765625,4555
2025-11-25 20:00:00-05:00,4197.2998046875,4204.89990234375,4135.89990234375,4177.60009765625,23341
2025-11-26 00:00:00-05:00,4195.39990234375,4204.0,4144.10009765625,4197.5,23904
2025-11-26 04:00:00-05:00,4190.39990234375,4209.0,4145.39990234375,4195.10009765625,29363
2025-11-26 08:00:00-05:00,4201.60009765625,4203.0,4132.89990234375,4189.89990234375,72185
2025-11-26 12:00:00-05:00,4196.89990234375,4206.60009765625,4155.60009765625,4201.5,29975
2025-11-26 16:00:00-05:00,4197.10009765625,4200.89990234375,4158.39990234375,4196.89990234375,3027
2025-11-26 20:00:00-05:00,4182.7001953125,4198.2001953125,4140.0,4197.0,19248
2025-11-28 09:30:00-05:00,4251.39990234375,4251.7001953125,4185.10009765625,4217.60009765625,48166
2025-11-30 16:00:00-05:00,4267.2001953125,4269.7998046875,4214.89990234375,4245.10009765625,16312
2025-11-30 20:00:00-05:00,4280.5,4291.7998046875,4223.0,4266.7001953125,36994
2025-12-01 00:00:00-05:00,4279.2001953125,4288.7998046875,4220.2998046875,4280.5,33101
2025-12-01 04:00:00-05:00,4280.7998046875,4297.7998046875,4250.89990234375,4279.2998046875,26792
2025-12-01 08:00:00-05:00,4258.89990234375,4299.60009765625,4219.2998046875,4280.60009765625,78093
2025-12-01 12:00:00-05:00,4270.7998046875,4278.7998046875,4222.89990234375,4259.10009765625,30347
2025-12-01 16:00:00-05:00,4259.60009765625,4274.10009765625,4230.5,4270.7998046875,5794
2025-12-01 20:00:00-05:00,4249.10009765625,4260.0,4199.7001953125,4259.7001953125,30799
2025-12-02 00:00:00-05:00,4241.39990234375,4258.10009765625,4209.2998046875,4249.7001953125,22747
2025-12-02 04:00:00-05:00,4239.7998046875,4244.39990234375,4182.10009765625,4241.2001953125,32638
2025-12-02 08:00:00-05:00,4215.7001953125,4262.2001953125,4167.0,4239.7998046875,86289
2025-12-02 12:00:00-05:00,4241.60009765625,4244.10009765625,4187.7001953125,4215.2998046875,31367
2025-12-02 16:00:00-05:00,4243.0,4248.0,4206.89990234375,4241.60009765625,6521
2025-12-02 20:00:00-05:00,4252.60009765625,4260.10009765625,4215.7001953125,4243.2001953125,17267
2025-12-03 00:00:00-05:00,4236.60009765625,4254.7998046875,4202.89990234375,4253.5,23769
2025-12-03 04:00:00-05:00,4244.5,4245.0,4195.7001953125,4236.89990234375,22544
2025-12-03 08:00:00-05:00,4231.89990234375,4273.2998046875,4209.0,4244.5,70189
2025-12-03 12:00:00-05:00,4237.2001953125,4246.89990234375,4199.2001953125,4231.60009765625,27375
2025-12-03 16:00:00-05:00,4241.2998046875,4245.60009765625,4232.2998046875,4237.39990234375,4983
2025-12-03 20:00:00-05:00,4224.7001953125,4246.89990234375,4211.0,4241.2001953125,20193
2025-12-04 00:00:00-05:00,4213.89990234375,4227.60009765625,4175.0,4225.60009765625,25876
2025-12-04 04:00:00-05:00,4219.89990234375,4236.39990234375,4184.2998046875,4213.7001953125,22457
2025-12-04 08:00:00-05:00,4245.89990234375,4251.10009765625,4203.2001953125,4219.89990234375,56192
2025-12-04 12:00:00-05:00,4240.2001953125,4248.10009765625,4202.0,4246.2001953125,24709
2025-12-04 16:00:00-05:00,4231.7001953125,4240.89990234375,4207.0,4240.2001953125,4249
2025-12-04 20:00:00-05:00,4246.0,4247.0,4204.10009765625,4231.7001953125,19398
2025-12-05 00:00:00-05:00,4250.7001953125,4261.10009765625,4243.60009765625,4246.39990234375,21691
2025-12-05 04:00:00-05:00,4259.0,4260.0,4245.7998046875,4250.5,14689
2025-12-05 08:00:00-05:00,4244.10009765625,4290.5,4207.39990234375,4259.0,94707
2025-12-05 12:00:00-05:00,4231.60009765625,4251.0,4205.10009765625,4244.0,29529
2025-12-05 16:00:00-05:00,4227.7001953125,4231.7001953125,4194.5,4231.39990234375,3823
2025-12-07 16:00:00-05:00,4240.2001953125,4241.2998046875,4224.5,4228.10009765625,6798
2025-12-07 20:00:00-05:00,4236.2998046875,4241.89990234375,4204.7998046875,4240.39990234375,15276
2025-12-08 00:00:00-05:00,4239.2001953125,4247.89990234375,4208.5,4237.0,16544
2025-12-08 04:00:00-05:00,4243.2998046875,4245.10009765625,4203.39990234375,4238.89990234375,16709
2025-12-08 08:00:00-05:00,4220.7001953125,4244.39990234375,4195.2998046875,4243.2998046875,62497
2025-12-08 12:00:00-05:00,4221.10009765625,4225.0,4213.0,4220.7998046875,24003
2025-12-08 16:00:00-05:00,4219.60009765625,4224.89990234375,4217.89990234375,4221.2001953125,4367
2025-12-08 20:00:00-05:00,4216.60009765625,4227.60009765625,4213.60009765625,4219.5,18927
2025-12-09 00:00:00-05:00,4220.2998046875,4220.2998046875,4197.7998046875,4215.89990234375,30104
2025-12-09 04:00:00-05:00,4233.39990234375,4242.2998046875,4219.39990234375,4220.10009765625,25083
2025-12-09 08:00:00-05:00,4242.10009765625,4251.7001953125,4218.0,4233.60009765625,68301
2025-12-09 12:00:00-05:00,4240.7998046875,4246.0,4230.10009765625,4242.39990234375,24568
2025-12-09 16:00:00-05:00,4236.89990234375,4241.7998046875,4235.2001953125,4240.89990234375,4161
2025-12-09 20:00:00-05:00,4235.89990234375,4247.89990234375,4232.5,4237.2001953125,13990
2025-12-10 00:00:00-05:00,4225.7998046875,4242.60009765625,4224.7998046875,4235.5,18127
2025-12-10 04:00:00-05:00,4224.5,4230.2998046875,4215.2998046875,4225.60009765625,19598
2025-12-10 08:00:00-05:00,4233.2001953125,4235.2998046875,4216.60009765625,4224.60009765625,43025
2025-12-10 12:00:00-05:00,4259.10009765625,4268.7998046875,4207.7998046875,4233.0,77868
2025-12-10 16:00:00-05:00,4266.5,4274.60009765625,4251.0,4259.10009765625,10396
2025-12-10 20:00:00-05:00,4241.2001953125,4277.7001953125,4235.7001953125,4266.5,28726
2025-12-11 00:00:00-05:00,4244.0,4247.39990234375,4231.2001953125,4240.60009765625,16439
2025-12-11 04:00:00-05:00,4248.0,4253.89990234375,4235.60009765625,4244.0,19169
2025-12-11 08:00:00-05:00,4304.39990234375,4309.39990234375,4231.89990234375,4248.0,95289
2025-12-11 12:00:00-05:00,4304.7998046875,4317.2998046875,4292.60009765625,4304.10009765625,47004
2025-12-11 16:00:00-05:00,4299.60009765625,4313.5,4298.7001953125,4304.89990234375,8041
2025-12-11 20:00:00-05:00,4297.60009765625,4307.60009765625,4295.5,4299.5,14959
2025-12-12 00:00:00-05:00,4339.10009765625,4340.7001953125,4297.0,4297.5,27123
2025-12-12 04:00:00-05:00,4361.10009765625,4376.7998046875,4338.0,4339.39990234375,51656
2025-12-12 08:00:00-05:00,4312.7998046875,4387.7998046875,4286.0,4361.39990234375,138240
2025-12-12 12:00:00-05:00,4329.7001953125,4336.10009765625,4301.7998046875,4312.7998046875,41653
2025-12-12 16:00:00-05:00,4329.7998046875,4335.0,4328.60009765625,4329.7998046875,2367
2025-12-14 16:00:00-05:00,4339.5,4339.7001953125,4331.7998046875,4337.2998046875,5668
2025-12-14 20:00:00-05:00,4358.89990234375,4363.10009765625,4337.7001953125,4339.7001953125,19227
2025-12-15 00:00:00-05:00,4380.39990234375,4382.60009765625,4357.7998046875,4359.0,22606
2025-12-15 04:00:00-05:00,4379.89990234375,4384.2998046875,4369.39990234375,4380.2998046875,20802
2025-12-15 08:00:00-05:00,4328.2001953125,4380.7001953125,4315.89990234375,4379.89990234375,95917
2025-12-15 12:00:00-05:00,4333.7001953125,4347.0,4321.2001953125,4328.10009765625,33764
2025-12-15 16:00:00-05:00,4335.7998046875,4341.89990234375,4329.7001953125,4333.89990234375,5486
2025-12-15 20:00:00-05:00,4315.10009765625,4345.2998046875,4307.2001953125,4336.0,24995
2025-12-16 00:00:00-05:00,4311.7998046875,4318.89990234375,4297.39990234375,4315.39990234375,22766
2025-12-16 04:00:00-05:00,4323.2001953125,4323.39990234375,4301.2001953125,4311.5,22754
2025-12-16 08:00:00-05:00,4332.0,4367.89990234375,4319.2001953125,4323.0,95712
2025-12-16 12:00:00-05:00,4334.10009765625,4346.2001953125,4326.2998046875,4332.10009765625,33122
2025-12-16 16:00:00-05:00,4342.2001953125,4343.60009765625,4329.7001953125,4334.10009765625,3747
2025-12-16 20:00:00-05:00,4359.7998046875,4361.60009765625,4339.89990234375,4342.0,21498
2025-12-17 00:00:00-05:00,4348.2998046875,4373.60009765625,4337.89990234375,4359.5,25903
2025-12-17 04:00:00-05:00,4347.5,4353.7001953125,4335.7001953125,4348.10009765625,17994
2025-12-17 08:00:00-05:00,4365.2001953125,4383.60009765625,4345.2998046875,4347.7998046875,97410
2025-12-17 12:00:00-05:00,4373.39990234375,4379.0,4360.2001953125,4365.10009765625,36287
2025-12-17 16:00:00-05:00,4366.89990234375,4379.39990234375,4365.39990234375,4373.2998046875,4932
2025-12-17 20:00:00-05:00,4362.0,4369.5,4355.2001953125,4366.89990234375,14262
2025-12-18 00:00:00-05:00,4357.39990234375,4368.7001953125,4352.2998046875,4361.60009765625,14616
2025-12-18 04:00:00-05:00,4352.89990234375,4360.89990234375,4348.60009765625,4357.10009765625,20001
2025-12-18 08:00:00-05:00,4394.60009765625,4409.5,4338.0,4352.7001953125,117055
2025-12-18 12:00:00-05:00,4365.89990234375,4397.7001953125,4352.60009765625,4394.60009765625,56009
2025-12-18 16:00:00-05:00,4356.10009765625,4368.39990234375,4355.5,4365.7001953125,4429
2025-12-18 20:00:00-05:00,4350.7998046875,4357.39990234375,4336.2998046875,4356.2001953125,20528
2025-12-19 00:00:00-05:00,4355.0,4359.7001953125,4344.89990234375,4350.89990234375,13048
2025-12-19 04:00:00-05:00,4356.0,4362.39990234375,4349.7998046875,4354.60009765625,16929
2025-12-19 08:00:00-05:00,4383.7998046875,4388.0,4350.7001953125,4356.2001953125,71389
2025-12-19 12:00:00-05:00,4370.2998046875,4389.0,4368.0,4383.5,33593
2025-12-19 16:00:00-05:00,4387.2998046875,4387.2998046875,4367.7998046875,4370.60009765625,1582
2025-12-21 16:00:00-05:00,4396.5,4397.10009765625,4372.7998046875,4373.2998046875,10850
2025-12-21 20:00:00-05:00,4431.10009765625,4433.7001953125,4391.7001953125,4396.60009765625,30573
2025-12-22 00:00:00-05:00,4441.2998046875,4453.0,4429.60009765625,4431.0,32667
2025-12-22 04:00:00-05:00,4449.5,4449.89990234375,4439.5,4441.5,21398
2025-12-22 08:00:00-05:00,4474.0,4477.7001953125,4445.89990234375,4449.5,70117
2025-12-22 12:00:00-05:00,4472.5,4477.2998046875,4464.10009765625,4473.7998046875,26761
2025-12-22 16:00:00-05:00,4504.5,4504.7998046875,4472.5,4472.5,11034
2025-12-22 20:00:00-05:00,4514.2001953125,4530.7998046875,4502.2001953125,4504.5,34333
2025-12-23 00:00:00-05:00,4520.7998046875,4524.5,4502.60009765625,4514.5,22068
2025-12-23 04:00:00-05:00,4518.60009765625,4526.2998046875,4510.0,4520.7998046875,20856
2025-12-23 08:00:00-05:00,4501.39990234375,4529.2998046875,4457.7001953125,4518.5,107641
2025-12-23 12:00:00-05:00,4523.7998046875,4526.2001953125,4496.60009765625,4501.60009765625,41347
2025-12-23 16:00:00-05:00,4539.7001953125,4547.0,4512.2001953125,4523.7998046875,10084
2025-12-23 20:00:00-05:00,4524.89990234375,4555.10009765625,4496.5,4539.5,35716
2025-12-24 09:30:00-05:00,4505.60009765625,4518.2001953125,4474.2998046875,4516.10009765625,53548
2025-12-26 00:00:00-05:00,4549.2998046875,4550.7001953125,4535.7001953125,4538.7998046875,14571
2025-12-26 04:00:00-05:00,4539.0,4554.0,4531.2001953125,4549.2001953125,15773
2025-12-26 08:00:00-05:00,4570.2998046875,4584.0,4533.10009765625,4538.7998046875,65141
2025-12-26 12:00:00-05:00,4560.39990234375,4571.60009765625,4543.39990234375,4570.39990234375,40974
2025-12-26 16:00:00-05:00,4552.7001953125,4565.89990234375,4552.7001953125,4560.60009765625,3246
2025-12-28 16:00:00-05:00,4516.89990234375,4571.7998046875,4490.2998046875,4570.5,29438
2025-12-28 20:00:00-05:00,4538.60009765625,4545.0,4511.60009765625,4516.89990234375,26053
2025-12-29 00:00:00-05:00,4481.10009765625,4541.39990234375,4463.2998046875,4537.60009765625,45361
2025-12-29 04:00:00-05:00,4484.5,4496.60009765625,4454.39990234375,4481.2001953125,34616
2025-12-29 08:00:00-05:00,4359.7998046875,4488.7001953125,4316.0,4484.2998046875,126060
2025-12-29 12:00:00-05:00,4354.2998046875,4362.5,4332.7998046875,4360.2001953125,39403
2025-12-29 16:00:00-05:00,4354.7001953125,4366.0,4338.7998046875,4354.0,7875
2025-12-29 20:00:00-05:00,4377.60009765625,4384.0,4339.0,4354.7001953125,25917
2025-12-30 00:00:00-05:00,4380.7998046875,4398.5,4366.60009765625,4378.2998046875,25073
2025-12-30 04:00:00-05:00,4417.0,4418.7998046875,4379.7998046875,4381.0,24037
2025-12-30 08:00:00-05:00,4393.5,4420.5,4370.5,4417.60009765625,60872
2025-12-30 12:00:00-05:00,4357.5,4397.7998046875,4352.39990234375,4393.60009765625,35705
2025-12-30 16:00:00-05:00,4354.89990234375,4366.10009765625,4338.10009765625,4358.0,9572
2025-12-30 20:00:00-05:00,4344.60009765625,4384.89990234375,4342.89990234375,4354.60009765625,26234
2025-12-31 00:00:00-05:00,4319.39990234375,4354.2998046875,4284.2998046875,4345.10009765625,39844
2025-12-31 04:00:00-05:00,4326.10009765625,4349.0,4315.0,4319.2998046875,20191
2025-12-31 08:00:00-05:00,4336.7998046875,4367.7998046875,4320.2001953125,4326.60009765625,38343
2025-12-31 12:00:00-05:00,4326.0,4345.7001953125,4316.7998046875,4337.10009765625,23465
2025-12-31 16:00:00-05:00,4332.10009765625,4333.2001953125,4320.7001953125,4326.89990234375,1696
2026-01-02 00:00:00-05:00,4399.2001953125,4409.5,4383.5,4386.0,17513
2026-01-02 04:00:00-05:00,4407.0,4411.7998046875,4395.60009765625,4398.89990234375,15451
2026-01-02 08:00:00-05:00,4337.5,4414.7998046875,4325.2998046875,4407.0,64142
2026-01-02 12:00:00-05:00,4341.2998046875,4344.5,4319.7001953125,4337.10009765625,28519
2026-01-02 16:00:00-05:00,4329.60009765625,4342.7001953125,4329.60009765625,4341.39990234375,1786
2026-01-04 16:00:00-05:00,4404.5,4406.39990234375,4363.2998046875,4368.7998046875,17072
2026-01-04 20:00:00-05:00,4415.10009765625,4430.7001953125,4397.10009765625,4404.60009765625,28255
2026-01-05 00:00:00-05:00,4439.89990234375,4444.0,4410.0,4413.39990234375,27905
2026-01-05 04:00:00-05:00,4421.39990234375,4451.7001953125,4416.7001953125,4439.7998046875,28904
2026-01-05 08:00:00-05:00,4452.7001953125,4467.60009765625,4407.0,4421.5,70205
2026-01-05 12:00:00-05:00,4454.89990234375,4461.0,4443.2001953125,4452.89990234375,27735
2026-01-05 16:00:00-05:00,4447.39990234375,4471.60009765625,4440.7001953125,4455.10009765625,5737
2026-01-05 20:00:00-05:00,4478.0,4479.39990234375,4437.89990234375,4447.39990234375,19195
2026-01-06 00:00:00-05:00,4478.7998046875,4486.0,4460.2001953125,4477.89990234375,23051
2026-01-06 04:00:00-05:00,4474.39990234375,4479.2001953125,4452.5,4479.0,23016
2026-01-06 08:00:00-05:00,4498.7001953125,4501.7998046875,4464.10009765625,4474.2001953125,59721
2026-01-06 12:00:00-05:00,4504.2001953125,4504.7001953125,4488.0,4498.7001953125,32305
2026-01-06 16:00:00-05:00,4502.89990234375,4512.39990234375,4493.2001953125,4504.10009765625,6459
2026-01-06 20:00:00-05:00,4474.39990234375,4506.89990234375,4470.10009765625,4503.2001953125,24789
2026-01-07 00:00:00-05:00,4478.2998046875,4485.0,4451.5,4474.7001953125,27043
2026-01-07 04:00:00-05:00,4454.5,4478.5,4448.60009765625,4477.89990234375,19838
2026-01-07 08:00:00-05:00,4474.2001953125,4478.39990234375,4432.89990234375,4454.2998046875,82745
2026-01-07 12:00:00-05:00,4462.60009765625,4475.5,4455.0,4474.10009765625,32964
2026-01-07 16:00:00-05:00,4459.0,4475.2001953125,4455.10009765625,4462.5,5066
2026-01-07 20:00:00-05:00,4440.60009765625,4469.39990234375,4438.39990234375,4458.60009765625,18712
2026-01-08 00:00:00-05:00,4439.39990234375,4448.39990234375,4423.60009765625,4439.7998046875,25408
2026-01-08 04:00:00-05:00,4434.7001953125,4443.2998046875,4415.0,4439.2001953125,23118
2026-01-08 08:00:00-05:00,4472.5,4474.5,4425.0,4435.10009765625,65906
2026-01-08 12:00:00-05:00,4485.10009765625,4487.7001953125,4453.7001953125,4472.7001953125,49241
2026-01-08 16:00:00-05:00,4472.39990234375,4493.7001953125,4469.39990234375,4485.2001953125,7557
2026-01-08 20:00:00-05:00,4474.5,4485.5,4461.7998046875,4472.5,15942
2026-01-09 00:00:00-05:00,4476.89990234375,4486.0,4466.60009765625,4473.39990234375,16208
2026-01-09 04:00:00-05:00,4474.5,4489.60009765625,4469.5,4477.10009765625,17405
2026-01-09 08:00:00-05:00,4516.5,4527.0,4467.0,4474.60009765625,80816
2026-01-09 12:00:00-05:00,4516.10009765625,4521.5,4491.39990234375,4516.39990234375,56968
2026-01-09 16:00:00-05:00,4500.89990234375,4520.2998046875,4500.89990234375,4516.0,2373
2026-01-11 16:00:00-05:00,4600.0,4612.7001953125,4531.39990234375,4538.10009765625,32587
2026-01-11 20:00:00-05:00,4579.39990234375,4606.10009765625,4573.10009765625,4600.2001953125,33827
2026-01-12 00:00:00-05:00,4607.0,4608.5,4576.89990234375,4580.0,26101
2026-01-12 04:00:00-05:00,4600.39990234375,4609.60009765625,4587.60009765625,4606.89990234375,24902
2026-01-12 08:00:00-05:00,4627.0,4640.5,4595.10009765625,4600.39990234375,100447
2026-01-12 12:00:00-05:00,4603.2998046875,4630.7001953125,4601.0,4626.7998046875,56470
2026-01-12 16:00:00-05:00,4595.7998046875,4616.89990234375,4586.39990234375,4603.39990234375,7849
2026-01-12 20:00:00-05:00,4606.39990234375,4608.7998046875,4584.2998046875,4596.2001953125,18196
2026-01-13 00:00:00-05:00,4601.60009765625,4611.2001953125,4582.7998046875,4605.60009765625,23080
2026-01-13 04:00:00-05:00,4602.0,4604.10009765625,4586.2001953125,4601.10009765625,22945
2026-01-13 08:00:00-05:00,4622.2001953125,4644.0,4599.10009765625,4601.7001953125,97231
2026-01-13 12:00:00-05:00,4594.10009765625,4624.89990234375,4576.7001953125,4622.2998046875,72891
2026-01-13 16:00:00-05:00,4616.89990234375,4618.39990234375,4590.7001953125,4594.2001953125,8611
2026-01-13 20:00:00-05:00,4636.0,4638.89990234375,4613.7001953125,4617.2001953125,26402
2026-01-14 00:00:00-05:00,4641.7998046875,4647.60009765625,4624.7001953125,4636.7998046875,35463
2026-01-14 04:00:00-05:00,4646.89990234375,4650.10009765625,4634.10009765625,4641.89990234375,29938
2026-01-14 08:00:00-05:00,4624.10009765625,4649.7998046875,4605.89990234375,4647.0,87568
2026-01-14 12:00:00-05:00,4639.2001953125,4650.5,4607.7001953125,4624.0,97704
2026-01-14 16:00:00-05:00,4619.2998046875,4639.7998046875,4607.2001953125,4639.2998046875,9818
2026-01-14 20:00:00-05:00,4596.60009765625,4622.0,4584.5,4619.5,44412
2026-01-15 00:00:00-05:00,4608.2001953125,4618.0,4584.60009765625,4595.7001953125,24932
2026-01-15 04:00:00-05:00,4617.89990234375,4627.0,4604.60009765625,4608.10009765625,23676
2026-01-15 08:00:00-05:00,4610.2001953125,4630.10009765625,4584.0,4618.0,76897
2026-01-15 12:00:00-05:00,4609.7998046875,4626.5,4604.2001953125,4610.39990234375,36805
2026-01-15 16:00:00-05:00,4604.39990234375,4625.5,4602.39990234375,4609.5,7213
2026-01-15 20:00:00-05:00,4604.60009765625,4612.2998046875,4594.60009765625,4603.7998046875,21386
2026-01-16 00:00:00-05:00,4606.7998046875,4620.2001953125,4597.10009765625,4604.5,26075
2026-01-16 04:00:00-05:00,4605.7001953125,4620.5,4601.0,4606.7998046875,21865
2026-01-16 08:00:00-05:00,4595.7998046875,4624.60009765625,4539.10009765625,4605.7998046875,130547
2026-01-16 12:00:00-05:00,4587.2998046875,4601.10009765625,4581.0,4596.2001953125,31453
2026-01-16 16:00:00-05:00,4601.10009765625,4602.10009765625,4587.2001953125,4587.2001953125,3758
2026-01-18 20:00:00-05:00,4671.2001953125,4672.2998046875,4595.39990234375,4595.39990234375,997
2026-01-20 00:00:00-05:00,4735.60009765625,4738.0,4700.0,4700.89990234375,46752
2026-01-20 04:00:00-05:00,4733.2998046875,4742.89990234375,4727.2001953125,4735.5,32281
2026-01-20 08:00:00-05:00,4758.0,4762.0,4720.0,4733.39990234375,102567
2026-01-20 12:00:00-05:00,4761.39990234375,4771.5,4750.2998046875,4757.7001953125,48901
2026-01-20 16:00:00-05:00,4789.60009765625,4792.89990234375,4761.10009765625,4761.5,8980
2026-01-20 20:00:00-05:00,4867.5,4873.60009765625,4788.5,4789.60009765625,59383
2026-01-21 00:00:00-05:00,4856.89990234375,4891.10009765625,4835.2001953125,4868.39990234375,53023
2026-01-21 04:00:00-05:00,4868.0,4879.39990234375,4854.5,4856.89990234375,39369
2026-01-21 08:00:00-05:00,4836.5,4884.5,4813.7998046875,4868.2001953125,123917
2026-01-21 12:00:00-05:00,4830.0,4857.2001953125,4757.10009765625,4836.7001953125,96372
2026-01-21 16:00:00-05:00,4798.7998046875,4842.7998046875,4779.2998046875,4829.60009765625,12150
2026-01-21 20:00:00-05:00,4797.7001953125,4810.60009765625,4772.7001953125,4798.39990234375,24469
2026-01-22 00:00:00-05:00,4832.2001953125,4841.10009765625,4794.7001953125,4798.10009765625,26776
2026-01-22 04:00:00-05:00,4821.5,4839.5,4815.2998046875,4832.2001953125,32005
2026-01-22 08:00:00-05:00,4880.7998046875,4888.10009765625,4809.60009765625,4821.60009765625,91494
2026-01-22 12:00:00-05:00,4920.5,4932.2001953125,4871.0,4880.7998046875,65737
2026-01-22 16:00:00-05:00,4967.60009765625,4968.5,4918.2998046875,4920.7001953125,12693
2026-01-22 20:00:00-05:00,4958.0,4970.0,4938.0,4968.0,29590
2026-01-23 00:00:00-05:00,4915.2998046875,4969.0,4901.89990234375,4957.7998046875,39018
2026-01-23 04:00:00-05:00,4940.0,4943.39990234375,4901.2001953125,4914.7998046875,34032
2026-01-23 08:00:00-05:00,4981.39990234375,4989.89990234375,4924.2998046875,4940.2001953125,93301
2026-01-23 12:00:00-05:00,4981.39990234375,4991.39990234375,4959.5,4981.7001953125,53721
2026-01-23 16:00:00-05:00,4988.2998046875,4990.2001953125,4978.60009765625,4981.39990234375,4736
2026-01-25 16:00:00-05:00,5041.0,5051.39990234375,5010.89990234375,5023.2998046875,20543
2026-01-25 20:00:00-05:00,5068.60009765625,5091.5,5028.0,5040.7998046875,49008
2026-01-26 00:00:00-05:00,5081.2998046875,5107.89990234375,5049.7001953125,5067.89990234375,50679
2026-01-26 04:00:00-05:00,5076.2001953125,5097.39990234375,5073.10009765625,5081.2998046875,42601
2026-01-26 08:00:00-05:00,5086.39990234375,5103.0,5052.0,5076.60009765625,136441
2026-01-26 12:00:00-05:00,5049.39990234375,5102.10009765625,5002.7001953125,5087.0,98969
2026-01-26 16:00:00-05:00,5027.10009765625,5056.0,4983.60009765625,5049.60009765625,21411
2026-01-26 20:00:00-05:00,5061.10009765625,5074.7998046875,5013.0,5027.2998046875,27077
2026-01-27 00:00:00-05:00,5075.60009765625,5097.2998046875,5051.89990234375,5062.60009765625,36620
2026-01-27 04:00:00-05:00,5081.60009765625,5096.2998046875,5062.2001953125,5075.0,34250
2026-01-27 08:00:00-05:00,5085.10009765625,5100.2998046875,5042.0,5081.5,115390
2026-01-27 12:00:00-05:00,5174.7001953125,5184.2001953125,5074.0,5085.2001953125,78652
2026-01-27 16:00:00-05:00,5168.5,5190.7998046875,5154.7998046875,5175.0,14571
2026-01-27 20:00:00-05:00,5242.7001953125,5244.0,5165.10009765625,5168.89990234375,14744
2026-01-28 00:00:00-05:00,5327.0,5345.0,5237.10009765625,5240.89990234375,89075
2026-01-28 04:00:00-05:00,5311.7001953125,5331.2001953125,5271.0,5326.7998046875,48766
2026-01-28 08:00:00-05:00,5333.60009765625,5334.5,5266.5,5311.60009765625,135821
2026-01-28 12:00:00-05:00,5409.39990234375,5425.10009765625,5301.0,5334.0,97972
2026-01-28 16:00:00-05:00,5548.5,5626.7998046875,5409.39990234375,5409.7998046875,30104
2026-01-28 20:00:00-05:00,5589.7998046875,5595.0,5472.39990234375,5548.89990234375,64747
2026-01-29 00:00:00-05:00,5540.60009765625,5625.89990234375,5503.89990234375,5588.0,66287
2026-01-29 04:00:00-05:00,5564.5,5573.2998046875,5501.0,5540.10009765625,48332
2026-01-29 08:00:00-05:00,5292.5,5581.2998046875,5126.0,5565.2001953125,228020
2026-01-29 12:00:00-05:00,5423.2998046875,5438.60009765625,5292.2001953125,5292.89990234375,79327
2026-01-29 16:00:00-05:00,5435.2998046875,5480.2001953125,5400.0,5422.89990234375,19753
2026-01-29 20:00:00-05:00,5243.10009765625,5438.89990234375,5145.7998046875,5436.0,75129
2026-01-30 00:00:00-05:00,5145.0,5269.2001953125,5075.10009765625,5242.10009765625,46446
2026-01-30 04:00:00-05:00,5092.0,5175.60009765625,4962.7001953125,5143.7998046875,74093
2026-01-30 08:00:00-05:00,5067.5,5142.2998046875,5006.2998046875,5093.10009765625,72605
2026-02-02 12:00:00-05:00,4676.2998046875,4736.0,4653.5,4677.39990234375,84657
2026-02-02 16:00:00-05:00,4802.7001953125,4853.7001953125,4667.0,4677.89990234375,11866
2026-02-02 20:00:00-05:00,4832.60009765625,4882.0,4768.5,4803.10009765625,29039
2026-02-03 00:00:00-05:00,4935.7998046875,4975.5,4831.2998046875,4832.7998046875,36070
2026-02-03 04:00:00-05:00,4938.2001953125,4959.5,4905.2001953125,4935.7998046875,31941
2026-02-03 08:00:00-05:00,4978.2001953125,5018.10009765625,4917.60009765625,4938.39990234375,79520
2026-02-03 12:00:00-05:00,4967.5,4992.7001953125,4900.5,4978.2998046875,57784
2026-02-03 16:00:00-05:00,5038.10009765625,5039.7001953125,4930.39990234375,4967.10009765625,10215
2026-02-03 20:00:00-05:00,5100.2001953125,5101.0,5006.39990234375,5038.60009765625,27428
2026-02-04 00:00:00-05:00,5106.5,5113.89990234375,5071.0,5100.10009765625,26783
2026-02-04 04:00:00-05:00,5064.60009765625,5109.7001953125,5036.0,5105.89990234375,26218
2026-02-04 08:00:00-05:00,4926.89990234375,5087.0,4867.7001953125,5064.2998046875,97263
2026-02-04 12:00:00-05:00,4961.60009765625,4979.39990234375,4893.89990234375,4926.5,48328
2026-02-04 16:00:00-05:00,5028.10009765625,5045.0,4960.0,4960.89990234375,6124
2026-02-04 20:00:00-05:00,4888.5,5033.7001953125,4805.0,5028.7001953125,51162
2026-02-05 00:00:00-05:00,4934.0,4962.0,4842.0,4881.7001953125,25618
2026-02-05 04:00:00-05:00,4876.2001953125,4937.10009765625,4831.0,4934.39990234375,31085
2026-02-05 08:00:00-05:00,4912.0,4930.0,4820.7998046875,4876.10009765625,73214
2026-02-05 12:00:00-05:00,4833.60009765625,4913.2998046875,4814.60009765625,4910.89990234375,29618
2026-02-05 16:00:00-05:00,4779.89990234375,4848.5,4670.0,4833.2001953125,25980
2026-02-05 20:00:00-05:00,4831.89990234375,4863.5,4710.0,4779.10009765625,27666
2026-02-06 00:00:00-05:00,4884.7998046875,4921.60009765625,4824.5,4830.39990234375,25120
2026-02-06 04:00:00-05:00,4921.7001953125,4926.0,4862.2001953125,4884.10009765625,19879
2026-02-06 08:00:00-05:00,4975.2998046875,4988.7998046875,4916.2001953125,4922.0,45976
2026-02-06 12:00:00-05:00,4977.2001953125,4995.60009765625,4960.39990234375,4975.2998046875,22457
2026-02-06 16:00:00-05:00,4988.60009765625,4992.10009765625,4970.10009765625,4977.2001953125,2361
2026-02-08 16:00:00-05:00,5041.2001953125,5069.0,4991.2998046875,5000.0,10328
2026-02-08 20:00:00-05:00,5034.7001953125,5064.2001953125,4989.2998046875,5042.10009765625,16385
2026-02-09 00:00:00-05:00,5048.10009765625,5067.60009765625,5015.2001953125,5034.0,14193
2026-02-09 04:00:00-05:00,5035.7001953125,5062.60009765625,5002.60009765625,5048.7001953125,15146
2026-02-09 08:00:00-05:00,5096.89990234375,5106.7998046875,5016.89990234375,5035.39990234375,37054
2026-02-09 12:00:00-05:00,5102.89990234375,5111.10009765625,5064.39990234375,5097.7998046875,20417
2026-02-09 16:00:00-05:00,5042.60009765625,5107.10009765625,5011.0,5103.60009765625,5080
2026-02-09 20:00:00-05:00,5052.7998046875,5079.0,5035.5,5042.89990234375,10283
2026-02-10 00:00:00-05:00,5063.7998046875,5077.10009765625,5032.7998046875,5052.89990234375,9879
2026-02-10 04:00:00-05:00,5054.89990234375,5085.2998046875,5042.0,5063.60009765625,16162
2026-02-10 08:00:00-05:00,5046.5,5102.7001953125,5021.2998046875,5055.0,38666
2026-02-10 12:00:00-05:00,5052.89990234375,5068.89990234375,5026.7001953125,5046.39990234375,17927
2026-02-10 16:00:00-05:00,5060.89990234375,5077.39990234375,5043.0,5052.0,3255
2026-02-10 20:00:00-05:00,5073.2001953125,5085.0,5053.39990234375,5060.39990234375,8164
2026-02-11 00:00:00-05:00,5077.0,5093.2998046875,5067.60009765625,5071.2001953125,12747
2026-02-11 04:00:00-05:00,5107.2001953125,5144.5,5070.39990234375,5077.39990234375,31261
2026-02-11 08:00:00-05:00,5099.2001953125,5115.0,5036.2998046875,5107.5,45188
2026-02-11 12:00:00-05:00,5111.39990234375,5123.39990234375,5090.10009765625,5098.7001953125,22321
2026-02-11 16:00:00-05:00,5084.89990234375,5122.7998046875,5071.0,5111.39990234375,4147
2026-02-11 20:00:00-05:00,5090.39990234375,5096.0,5065.0,5083.0,7761
2026-02-12 00:00:00-05:00,5090.0,5099.2998046875,5068.89990234375,5090.0,10913
2026-02-12 04:00:00-05:00,5074.2001953125,5102.5,5070.60009765625,5089.5,12522
2026-02-12 08:00:00-05:00,4976.2998046875,5106.7001953125,4900.0,5074.39990234375,80532
2026-02-12 12:00:00-05:00,4935.10009765625,5004.39990234375,4926.89990234375,4974.5,36231
2026-02-12 16:00:00-05:00,4946.7001953125,4967.7001953125,4907.10009765625,4935.7001953125,5457
2026-02-12 20:00:00-05:00,4994.0,5016.39990234375,4945.60009765625,4946.7001953125,11393
2026-02-13 00:00:00-05:00,5001.89990234375,5009.5,4963.2001953125,4996.10009765625,13984
2026-02-13 04:00:00-05:00,4988.7998046875,5002.7998046875,4952.7998046875,5002.7998046875,17339
2026-02-13 08:00:00-05:00,5030.0,5056.7998046875,4977.10009765625,4990.0,47256
2026-02-13 12:00:00-05:00,5054.0,5069.10009765625,5027.7998046875,5030.0,19992
2026-02-13 16:00:00-05:00,5046.2998046875,5067.39990234375,5046.2998046875,5053.89990234375,1712
2026-02-15 16:00:00-05:00,5035.0,5051.60009765625,5018.2001953125,5046.2998046875,2630
2026-02-15 20:00:00-05:00,4994.7001953125,5051.39990234375,4986.0,5034.10009765625,8229
2026-02-17 00:00:00-05:00,4939.5,4972.2998046875,4875.2001953125,4970.7998046875,19745
2026-02-17 04:00:00-05:00,4951.60009765625,4964.0,4926.2998046875,4939.0,13912
2026-02-17 08:00:00-05:00,4887.7001953125,4953.0,4854.2001953125,4951.2998046875,50060
2026-02-17 12:00:00-05:00,4896.7001953125,4931.0,4868.0,4887.5,21090
2026-02-17 16:00:00-05:00,4891.7998046875,4905.2001953125,4868.5,4896.2001953125,2845
2026-02-17 20:00:00-05:00,4951.60009765625,4961.7998046875,4891.7998046875,4891.7998046875,7416
2026-02-18 00:00:00-05:00,4937.7001953125,4962.2001953125,4936.2998046875,4953.5,8064
2026-02-18 04:00:00-05:00,4963.5,4967.5,4925.89990234375,4937.5,15373
2026-02-18 08:00:00-05:00,5021.2001953125,5031.89990234375,4962.89990234375,4963.2998046875,39521
2026-02-18 12:00:00-05:00,5005.2998046875,5024.2001953125,4993.7001953125,5021.39990234375,17919
2026-02-18 16:00:00-05:00,4980.2001953125,5007.7998046875,4971.5,5004.89990234375,2530
2026-02-18 20:00:00-05:00,5002.7998046875,5004.7001953125,4979.10009765625,4980.2001953125,5023
2026-02-19 00:00:00-05:00,5035.5,5040.89990234375,5002.5,5002.5,9008
2026-02-19 04:00:00-05:00,5004.39990234375,5039.10009765625,4997.10009765625,5035.7998046875,14969
2026-02-19 08:00:00-05:00,5014.2001953125,5042.7998046875,4982.0,5005.10009765625,34970
2026-02-19 12:00:00-05:00,5020.60009765625,5022.2001953125,4994.0,5014.2001953125,13610
2026-02-19 16:00:00-05:00,5024.5,5026.5,5003.5,5020.7001953125,2699
2026-02-19 20:00:00-05:00,5017.5,5033.39990234375,4999.2998046875,5024.60009765625,6345
2026-02-20 00:00:00-05:00,5048.7001953125,5050.60009765625,5015.89990234375,5018.10009765625,11822
2026-02-20 04:00:00-05:00,5044.5,5063.0,5025.7001953125,5048.5,20054
2026-02-20 08:00:00-05:00,5087.0,5089.7998046875,5005.5,5044.10009765625,54690
2026-02-20 12:00:00-05:00,5119.39990234375,5120.7001953125,5075.10009765625,5087.0,28794
2026-02-20 16:00:00-05:00,5080.89990234375,5131.0,5080.89990234375,5119.5,3745
2026-02-22 16:00:00-05:00,5165.89990234375,5194.2001953125,5151.0,5157.0,13308
2026-02-22 20:00:00-05:00,5181.2998046875,5198.7998046875,5161.60009765625,5166.2998046875,11535
2026-02-23 00:00:00-05:00,5161.0,5183.2998046875,5142.7998046875,5182.0,14779
2026-02-23 04:00:00-05:00,5185.0,5186.39990234375,5159.39990234375,5160.7001953125,17866
2026-02-23 08:00:00-05:00,5230.39990234375,5240.89990234375,5161.5,5185.0,48521
2026-02-23 12:00:00-05:00,5255.60009765625,5257.2998046875,5211.2001953125,5231.10009765625,22069
2026-02-23 16:00:00-05:00,5243.10009765625,5269.39990234375,5236.7998046875,5255.2001953125,7577
2026-02-23 20:00:00-05:00,5188.39990234375,5243.0,5164.10009765625,5243.0,23468
2026-02-24 00:00:00-05:00,5193.0,5205.60009765625,5173.60009765625,5188.10009765625,15784
2026-02-24 04:00:00-05:00,5168.7998046875,5201.0,5162.2001953125,5192.2998046875,16359
2026-02-24 08:00:00-05:00,5159.7001953125,5180.10009765625,5109.5,5169.2001953125,54088
2026-02-24 12:00:00-05:00,5181.7998046875,5191.39990234375,5159.39990234375,5159.7001953125,21388
2026-02-24 16:00:00-05:00,5171.0,5183.89990234375,5135.89990234375,5181.89990234375,3623
2026-02-24 20:00:00-05:00,5201.2998046875,5212.0,5162.7998046875,5171.10009765625,12803
2026-02-25 00:00:00-05:00,5204.5,5230.0,5199.5,5202.10009765625,13190
2026-02-25 04:00:00-05:00,5201.0,5214.7001953125,5173.2001953125,5204.2998046875,18224
2026-02-25 08:00:00-05:00,5231.7001953125,5233.60009765625,5177.0,5201.89990234375,37857
2026-02-25 12:00:00-05:00,5169.89990234375,5237.2998046875,5163.2998046875,5232.0,17102
2026-02-25 16:00:00-05:00,5203.2001953125,5207.39990234375,5168.60009765625,5171.2001953125,7875
2026-02-25 20:00:00-05:00,5208.7001953125,5215.39990234375,5188.7998046875,5203.7998046875,10415
2026-02-26 00:00:00-05:00,5195.7998046875,5221.89990234375,5182.89990234375,5208.7998046875,14828
2026-02-26 04:00:00-05:00,5200.0,5206.39990234375,5173.10009765625,5195.39990234375,20423
2026-02-26 08:00:00-05:00,5196.2998046875,5210.10009765625,5144.7998046875,5200.10009765625,46161
2026-02-26 12:00:00-05:00,5213.5,5218.2001953125,5176.2998046875,5196.7001953125,26352
2026-02-26 16:00:00-05:00,5191.60009765625,5217.7998046875,5186.0,5213.7998046875,4686
2026-02-26 20:00:00-05:00,5200.5,5216.2001953125,5182.89990234375,5191.10009765625,10850
2026-02-27 00:00:00-05:00,5195.10009765625,5217.5,5191.10009765625,5198.10009765625,14238
2026-02-27 04:00:00-05:00,5204.2998046875,5207.0,5183.2001953125,5195.39990234375,14670
2026-02-27 08:00:00-05:00,5246.89990234375,5276.60009765625,5203.5,5204.5,68886
2026-02-27 12:00:00-05:00,5281.2998046875,5283.7998046875,5237.39990234375,5247.10009765625,27394
2026-02-27 16:00:00-05:00,5247.89990234375,5299.0,5247.89990234375,5281.60009765625,4487
2026-03-01 16:00:00-05:00,5360.60009765625,5409.7001953125,5353.89990234375,5364.2001953125,18501
2026-03-01 20:00:00-05:00,5369.7998046875,5380.0,5315.2998046875,5360.5,23295
2026-03-02 00:00:00-05:00,5408.89990234375,5434.10009765625,5353.39990234375,5368.2001953125,28785
2026-03-02 04:00:00-05:00,5412.39990234375,5418.39990234375,5386.0,5409.10009765625,25112
2026-03-02 08:00:00-05:00,5304.0,5432.2001953125,5272.89990234375,5412.2001953125,84099
2026-03-02 12:00:00-05:00,5346.10009765625,5360.89990234375,5300.39990234375,5303.60009765625,26347
2026-03-02 16:00:00-05:00,5364.5,5376.89990234375,5334.89990234375,5346.5,5057
2026-03-02 20:00:00-05:00,5377.89990234375,5394.2001953125,5346.7001953125,5364.89990234375,15264
2026-03-03 00:00:00-05:00,5308.7998046875,5381.5,5292.10009765625,5374.7001953125,26846
2026-03-03 04:00:00-05:00,5234.5,5317.39990234375,5081.39990234375,5308.5,78990
2026-03-03 08:00:00-05:00,5117.89990234375,5234.60009765625,5005.0,5234.60009765625,96210
2026-03-03 12:00:00-05:00,5109.2998046875,5161.5,5075.10009765625,5117.7998046875,34576
2026-03-03 16:00:00-05:00,5147.2998046875,5149.5,5092.7998046875,5108.60009765625,5816
2026-03-03 20:00:00-05:00,5166.39990234375,5200.7001953125,5147.89990234375,5148.2001953125,19850
2026-03-04 00:00:00-05:00,5178.60009765625,5192.7998046875,5130.0,5165.7001953125,19009
2026-03-04 04:00:00-05:00,5182.0,5218.2998046875,5167.89990234375,5177.89990234375,24819
2026-03-04 08:00:00-05:00,5161.5,5207.5,5140.2001953125,5182.2001953125,42521
2026-03-04 12:00:00-05:00,5146.7998046875,5165.0,5119.39990234375,5160.89990234375,21718
2026-03-04 16:00:00-05:00,5183.89990234375,5191.5,5141.39990234375,5146.89990234375,4381
2026-03-04 20:00:00-05:00,5179.7001953125,5204.2998046875,5175.2001953125,5184.10009765625,12177
2026-03-05 00:00:00-05:00,5176.0,5185.89990234375,5129.0,5181.0,17987
2026-03-05 04:00:00-05:00,5173.0,5192.5,5156.89990234375,5175.89990234375,15684
2026-03-05 08:00:00-05:00,5086.5,5174.89990234375,5062.39990234375,5173.60009765625,64509
2026-03-05 12:00:00-05:00,5086.60009765625,5104.39990234375,5058.89990234375,5086.60009765625,28677
2026-03-05 16:00:00-05:00,5092.5,5119.2001953125,5082.0,5086.2998046875,4276
2026-03-05 20:00:00-05:00,5137.2001953125,5151.2998046875,5074.0,5092.39990234375,13913
2026-03-06 00:00:00-05:00,5116.7001953125,5138.89990234375,5104.5,5136.0,12621
2026-03-06 04:00:00-05:00,5091.89990234375,5117.7998046875,5071.0,5117.60009765625,20338
2026-03-06 08:00:00-05:00,5149.5,5182.0,5073.89990234375,5091.60009765625,64043
2026-03-06 12:00:00-05:00,5161.39990234375,5183.7998046875,5138.7001953125,5150.10009765625,29893
2026-03-06 16:00:00-05:00,5158.7001953125,5185.0,5158.7001953125,5161.10009765625,2451
2026-03-08 17:00:00-04:00,5056.89990234375,5180.0,5035.5,5165.5,24088
2026-03-08 21:00:00-04:00,5098.0,5109.10009765625,5021.2001953125,5056.7001953125,20622
2026-03-09 00:00:00-04:00,5106.7001953125,5147.60009765625,5087.10009765625,5098.0,16391
2026-03-09 04:00:00-04:00,5095.7001953125,5140.5,5086.5,5106.7998046875,24175
2026-03-09 08:00:00-04:00,5108.5,5124.7001953125,5066.89990234375,5096.2001953125,46239
2026-03-09 12:00:00-04:00,5150.5,5154.7001953125,5097.7001953125,5108.10009765625,33570
2026-03-09 16:00:00-04:00,5149.7998046875,5165.60009765625,5127.10009765625,5150.89990234375,4734
2026-03-09 20:00:00-04:00,5166.39990234375,5195.7998046875,5134.0,5149.2998046875,18584
2026-03-10 00:00:00-04:00,5190.5,5191.2998046875,5162.39990234375,5165.2998046875,10937
2026-03-10 04:00:00-04:00,5184.2001953125,5204.0,5165.60009765625,5190.60009765625,24566
2026-03-10 08:00:00-04:00,5238.0,5248.7001953125,5171.39990234375,5184.60009765625,62648
2026-03-10 12:00:00-04:00,5207.0,5245.10009765625,5169.0,5238.10009765625,44399
2026-03-10 16:00:00-04:00,5204.89990234375,5207.7001953125,5191.2998046875,5206.7001953125,3109
2026-03-10 20:00:00-04:00,5211.10009765625,5230.89990234375,5194.0,5205.0,13307
2026-03-11 00:00:00-04:00,5203.7001953125,5218.39990234375,5192.10009765625,5211.5,12036
2026-03-11 04:00:00-04:00,5189.2001953125,5206.7001953125,5182.2998046875,5203.2998046875,19870
2026-03-11 08:00:00-04:00,5173.39990234375,5207.5,5155.89990234375,5188.7001953125,47576
2026-03-11 12:00:00-04:00,5191.0,5191.2001953125,5158.39990234375,5173.39990234375,32664
2026-03-11 16:00:00-04:00,5140.0,5191.5,5135.0,5190.7998046875,6352
2026-03-11 20:00:00-04:00,5158.2001953125,5180.60009765625,5130.0,5139.39990234375,15813
2026-03-12 00:00:00-04:00,5188.39990234375,5190.89990234375,5142.0,5158.39990234375,11464
2026-03-12 04:00:00-04:00,5184.7998046875,5197.7998046875,5178.60009765625,5188.2001953125,16067
2026-03-12 08:00:00-04:00,5138.0,5192.5,5114.60009765625,5185.0,47320
2026-03-12 12:00:00-04:00,5091.7001953125,5144.2998046875,5084.5,5138.10009765625,37989
2026-03-12 16:00:00-04:00,5101.5,5104.39990234375,5058.2001953125,5092.0,11015
2026-03-12 20:00:00-04:00,5119.2001953125,5132.39990234375,5100.39990234375,5101.0,16830
2026-03-13 00:00:00-04:00,5089.5,5121.10009765625,5075.5,5118.89990234375,17125
2026-03-13 04:00:00-04:00,5112.89990234375,5112.89990234375,5066.0,5089.7998046875,20105
2026-03-13 08:00:00-04:00,5039.10009765625,5128.5,5032.2001953125,5113.0,54756
2026-03-13 12:00:00-04:00,5022.0,5068.10009765625,5014.10009765625,5038.7998046875,37428
2026-03-13 16:00:00-04:00,5023.10009765625,5030.0,5017.0,5022.2998046875,4024
2026-03-15 16:00:00-04:00,5000.60009765625,5030.0,4970.10009765625,5027.60009765625,9572
2026-03-15 20:00:00-04:00,5022.5,5035.39990234375,4986.0,5001.10009765625,17306
2026-03-16 00:00:00-04:00,4998.89990234375,5039.7998046875,4992.89990234375,5023.2001953125,15830
2026-03-16 04:00:00-04:00,5001.89990234375,5028.2001953125,4973.5,4998.7001953125,34858
2026-03-16 08:00:00-04:00,4991.89990234375,5044.5,4988.5,5001.7001953125,56897
2026-03-16 12:00:00-04:00,5019.2998046875,5026.5,4978.60009765625,4991.5,27751
2026-03-16 16:00:00-04:00,5018.0,5028.0,5003.89990234375,5018.89990234375,3690
2026-03-16 20:00:00-04:00,5030.2998046875,5037.5,4998.7001953125,5018.0,9049
2026-03-17 00:00:00-04:00,5025.0,5049.39990234375,5009.0,5031.10009765625,16052
2026-03-17 04:00:00-04:00,5007.2998046875,5033.5,4994.7998046875,5025.2001953125,21570
2026-03-17 08:00:00-04:00,5002.60009765625,5036.7001953125,4977.0,5007.0,44179
2026-03-17 12:00:00-04:00,5005.10009765625,5013.7001953125,4995.60009765625,5002.5,20275
2026-03-17 16:00:00-04:00,5006.60009765625,5011.60009765625,4996.89990234375,5004.89990234375,2280
2026-03-17 20:00:00-04:00,4992.7001953125,5022.0,4988.5,5006.60009765625,12575
2026-03-18 00:00:00-04:00,4999.10009765625,5020.5,4984.89990234375,4994.5,14739
2026-03-18 04:00:00-04:00,4933.2998046875,5001.7001953125,4928.0,4999.0,44619
2026-03-18 08:00:00-04:00,4866.2998046875,4935.89990234375,4837.10009765625,4933.89990234375,83626
2026-03-18 12:00:00-04:00,4846.7998046875,4904.5,4841.39990234375,4866.2001953125,41093
2026-03-18 16:00:00-04:00,4839.2001953125,4852.10009765625,4806.0,4846.5,9852
2026-03-18 20:00:00-04:00,4852.7001953125,4868.7001953125,4833.7001953125,4838.39990234375,13087
2026-03-19 00:00:00-04:00,4729.60009765625,4855.7001953125,4727.2998046875,4852.39990234375,31136
2026-03-19 04:00:00-04:00,4654.39990234375,4742.2001953125,4652.39990234375,4729.2998046875,62223
2026-03-19 08:00:00-04:00,4598.2998046875,4657.0,4505.0,4654.89990234375,132484
2026-03-19 12:00:00-04:00,4647.89990234375,4666.89990234375,4576.7001953125,4598.0,48597
2026-03-19 16:00:00-04:00,4645.5,4679.5,4635.7998046875,4647.5,5576
2026-03-19 20:00:00-04:00,4725.2001953125,4738.2001953125,4640.5,4645.5,22535
2026-03-20 00:00:00-04:00,4707.2001953125,4728.0,4661.60009765625,4726.2998046875,22070
2026-03-20 04:00:00-04:00,4673.39990234375,4736.2998046875,4638.2001953125,4707.7001953125,35858
2026-03-20 08:00:00-04:00,4555.2998046875,4696.89990234375,4542.10009765625,4673.39990234375,74190
2026-03-20 12:00:00-04:00,4503.7998046875,4616.2998046875,4478.39990234375,4554.89990234375,56639
2026-03-20 16:00:00-04:00,4496.2998046875,4516.60009765625,4492.0,4503.5,3848
2026-03-22 16:00:00-04:00,4465.89990234375,4537.10009765625,4453.2001953125,4511.7001953125,13077
2026-03-22 20:00:00-04:00,4355.2998046875,4474.7998046875,4322.0,4466.2001953125,61437
2026-03-23 00:00:00-04:00,4205.7001953125,4385.0,4100.0,4355.89990234375,84146
2026-03-23 04:00:00-04:00,4379.2001953125,4466.2998046875,4203.60009765625,4206.5,83743
2026-03-23 08:00:00-04:00,4365.60009765625,4516.5,4338.0,4380.10009765625,94316
2026-03-23 12:00:00-04:00,4401.5,4469.5,4354.10009765625,4364.10009765625,49293
2026-03-23 16:00:00-04:00,4442.7998046875,4450.5,4363.5,4400.7001953125,5681
2026-03-23 20:00:00-04:00,4346.7998046875,4448.39990234375,4306.2998046875,4442.7001953125,26602
2026-03-24 00:00:00-04:00,4420.2001953125,4437.60009765625,4319.89990234375,4347.39990234375,23398
2026-03-24 04:00:00-04:00,4408.0,4443.2001953125,4372.39990234375,4420.10009765625,37217
2026-03-24 08:00:00-04:00,4412.7998046875,4435.0,4350.39990234375,4408.2001953125,66632
2026-03-24 12:00:00-04:00,4400.89990234375,4428.89990234375,4372.2001953125,4412.39990234375,36822
2026-03-24 16:00:00-04:00,4549.2001953125,4555.0,4397.7001953125,4400.7998046875,18762
2026-03-24 20:00:00-04:00,4567.7998046875,4601.0,4540.5,4549.0,39991
2026-03-25 00:00:00-04:00,4539.0,4573.2001953125,4532.5,4568.5,26161
2026-03-25 04:00:00-04:00,4577.39990234375,4586.2001953125,4525.7001953125,4539.2001953125,35321
2026-03-25 08:00:00-04:00,4557.39990234375,4582.5,4519.5,4577.7998046875,69425
2026-03-25 12:00:00-04:00,4528.7001953125,4566.60009765625,4484.2998046875,4557.10009765625,49361
2026-03-25 16:00:00-04:00,4495.2998046875,4539.60009765625,4485.60009765625,4528.2998046875,7906
2026-03-25 20:00:00-04:00,4510.2001953125,4541.60009765625,4495.2001953125,4495.2998046875,14463
2026-03-26 00:00:00-04:00,4449.39990234375,4520.89990234375,4412.10009765625,4513.2998046875,29704
2026-03-26 04:00:00-04:00,4419.7001953125,4456.0,4409.2998046875,4448.7001953125,45221
2026-03-26 08:00:00-04:00,4434.0,4476.60009765625,4412.7001953125,4420.10009765625,74784
2026-03-26 12:00:00-04:00,4361.2998046875,4438.89990234375,4356.39990234375,4434.0,56379
2026-03-26 16:00:00-04:00,4400.2998046875,4416.7998046875,4348.2001953125,4361.10009765625,13508
2026-03-26 20:00:00-04:00,4432.0,4440.2001953125,4370.5,4399.39990234375,4092
2026-03-27 00:00:00-04:00,4475.2001953125,4483.2001953125,4426.2001953125,4431.7998046875,35997
2026-03-27 04:00:00-04:00,4447.5,4478.2001953125,4432.2001953125,4475.2998046875,31298
2026-03-27 08:00:00-04:00,4554.39990234375,4585.2998046875,4439.7998046875,4447.60009765625,78457
2026-03-27 12:00:00-04:00,4543.10009765625,4563.7998046875,4515.0,4554.60009765625,45097
2026-03-27 16:00:00-04:00,4520.5,4549.2998046875,4518.89990234375,4543.5,4381
2026-03-29 16:00:00-04:00,4476.89990234375,4538.89990234375,4472.0,4510.10009765625,9844
2026-03-29 20:00:00-04:00,4528.10009765625,4548.0,4444.7001953125,4477.0,25619
2026-03-30 00:00:00-04:00,4555.2001953125,4579.2001953125,4514.89990234375,4526.5,17970
2026-03-30 04:00:00-04:00,4589.0,4611.39990234375,4551.2998046875,4555.10009765625,24952
2026-03-30 08:00:00-04:00,4578.10009765625,4609.0,4542.0,4589.5,46067
2026-03-30 12:00:00-04:00,4543.2001953125,4580.0,4522.7001953125,4578.39990234375,25678
2026-03-30 16:00:00-04:00,4542.10009765625,4552.5,4520.7998046875,4543.7001953125,4109
2026-03-30 20:00:00-04:00,4584.89990234375,4649.5,4510.0,4541.39990234375,30662
2026-03-31 00:00:00-04:00,4594.7001953125,4610.2001953125,4571.7998046875,4585.89990234375,16948
2026-03-31 04:00:00-04:00,4612.7998046875,4623.89990234375,4558.89990234375,4594.5,25600
2026-03-31 08:00:00-04:00,4640.0,4662.0,4597.7998046875,4613.2998046875,50286
2026-03-31 12:00:00-04:00,4713.2998046875,4716.2998046875,4637.5,4640.10009765625,39262
2026-03-31 16:00:00-04:00,4723.60009765625,4728.7998046875,4690.0,4713.39990234375,6804
2026-03-31 20:00:00-04:00,4707.0,4751.89990234375,4704.5,4723.60009765625,21782
2026-04-01 00:00:00-04:00,4739.39990234375,4774.2001953125,4693.0,4707.60009765625,28450
2026-04-01 04:00:00-04:00,4780.2001953125,4791.5,4737.0,4739.60009765625,23338
2026-04-01 08:00:00-04:00,4814.39990234375,4816.2001953125,4743.2998046875,4780.2001953125,48997
2026-04-01 12:00:00-04:00,4791.7001953125,4821.0,4768.2001953125,4814.2998046875,25776
2026-04-01 16:00:00-04:00,4808.89990234375,4825.89990234375,4776.60009765625,4791.7001953125,5079
2026-04-01 20:00:00-04:00,4707.10009765625,4823.89990234375,4675.7001953125,4809.2998046875,41662
2026-04-02 00:00:00-04:00,4668.2001953125,4708.60009765625,4580.39990234375,4703.60009765625,38859
2026-04-02 04:00:00-04:00,4626.2001953125,4674.5,4618.7998046875,4668.10009765625,23109
2026-04-02 08:00:00-04:00,4687.5,4726.39990234375,4605.5,4626.60009765625,53494
2026-04-02 12:00:00-04:00,4697.89990234375,4708.60009765625,4668.60009765625,4686.89990234375,21668
2026-04-02 16:00:00-04:00,4702.7001953125,4703.60009765625,4690.39990234375,4698.60009765625,1974
2026-04-05 16:00:00-04:00,4636.7998046875,4699.2998046875,4631.0,4675.0,11036
2026-04-05 20:00:00-04:00,4666.2998046875,4697.5,4626.2001953125,4637.2001953125,13247
2026-04-06 00:00:00-04:00,4710.5,4714.2998046875,4665.10009765625,4665.2998046875,10928
2026-04-06 04:00:00-04:00,4704.60009765625,4733.10009765625,4703.39990234375,4710.39990234375,11821
2026-04-06 08:00:00-04:00,4693.39990234375,4724.0,4677.39990234375,4704.89990234375,25387
2026-04-06 12:00:00-04:00,4682.2001953125,4698.0,4671.39990234375,4693.5,14052
2026-04-06 16:00:00-04:00,4685.89990234375,4694.89990234375,4674.60009765625,4682.60009765625,1779
2026-04-06 20:00:00-04:00,4674.89990234375,4692.0,4641.39990234375,4685.89990234375,17807
2026-04-07 00:00:00-04:00,4671.10009765625,4690.2998046875,4648.39990234375,4675.2001953125,15244
2026-04-07 04:00:00-04:00,4684.60009765625,4721.2001953125,4653.89990234375,4671.2001953125,32157
2026-04-07 08:00:00-04:00,4681.2998046875,4696.2998046875,4631.89990234375,4685.2001953125,41079
2026-04-07 12:00:00-04:00,4727.2998046875,4745.7001953125,4678.10009765625,4681.7998046875,30029
2026-04-07 16:00:00-04:00,4860.7001953125,4863.5,4723.0,4727.2998046875,15648
2026-04-07 20:00:00-04:00,4828.2001953125,4888.0,4817.2001953125,4860.7001953125,38734
2026-04-08 00:00:00-04:00,4839.7001953125,4872.2001953125,4819.7998046875,4826.7998046875,25997
2026-04-08 04:00:00-04:00,4826.39990234375,4846.0,4798.2001953125,4839.89990234375,26799
2026-04-08 08:00:00-04:00,4782.0,4834.7998046875,4757.60009765625,4826.2998046875,55895
2026-04-08 12:00:00-04:00,4755.2998046875,4791.10009765625,4720.60009765625,4782.2001953125,33835
2026-04-08 16:00:00-04:00,4738.7998046875,4757.7001953125,4728.5,4755.2001953125,4060
2026-04-08 20:00:00-04:00,4735.0,4756.60009765625,4718.60009765625,4739.39990234375,16653
2026-04-09 00:00:00-04:00,4748.39990234375,4755.2001953125,4727.2001953125,4734.60009765625,19315
2026-04-09 04:00:00-04:00,4781.2998046875,4782.7001953125,4744.10009765625,4748.2998046875,16056
2026-04-09 08:00:00-04:00,4817.39990234375,4823.89990234375,4759.60009765625,4781.7001953125,45513
2026-04-09 12:00:00-04:00,4793.0,4826.0,4790.7001953125,4817.7001953125,24832
2026-04-09 16:00:00-04:00,4787.0,4810.0,4779.7998046875,4793.0,3378
2026-04-09 20:00:00-04:00,4789.10009765625,4800.39990234375,4760.39990234375,4786.60009765625,18729
2026-04-10 00:00:00-04:00,4773.0,4794.60009765625,4764.60009765625,4790.39990234375,11867
2026-04-10 04:00:00-04:00,4792.0,4792.89990234375,4752.7001953125,4773.2998046875,16319
2026-04-10 08:00:00-04:00,4785.7998046875,4820.0,4779.2998046875,4792.10009765625,40813
2026-04-10 12:00:00-04:00,4783.60009765625,4797.7001953125,4768.39990234375,4785.89990234375,22390
2026-04-10 16:00:00-04:00,4771.0,4783.5,4764.0,4783.5,3254
2026-04-12 16:00:00-04:00,4693.60009765625,4707.39990234375,4664.60009765625,4688.7001953125,10751
2026-04-12 20:00:00-04:00,4741.60009765625,4749.5,4686.89990234375,4693.7001953125,15099
2026-04-13 00:00:00-04:00,4756.39990234375,4762.5,4729.2001953125,4740.0,12199
2026-04-13 04:00:00-04:00,4729.10009765625,4761.2001953125,4725.2001953125,4756.7001953125,13693
2026-04-13 08:00:00-04:00,4736.89990234375,4768.0,4722.5,4728.60009765625,33848
2026-04-13 12:00:00-04:00,4765.5,4774.39990234375,4731.5,4737.2001953125,31988
2026-04-13 16:00:00-04:00,4781.2998046875,4789.7001953125,4762.2001953125,4765.2998046875,3144
2026-04-13 20:00:00-04:00,4792.2998046875,4802.7998046875,4775.5,4781.7001953125,10656
2026-04-14 00:00:00-04:00,4800.2001953125,4820.39990234375,4780.0,4790.0,16245
2026-04-14 04:00:00-04:00,4797.10009765625,4813.7001953125,4773.2998046875,4799.60009765625,19931
2026-04-14 08:00:00-04:00,4831.89990234375,4842.0,4784.2001953125,4797.10009765625,44113
2026-04-14 12:00:00-04:00,4868.7001953125,4870.0,4829.0,4832.10009765625,29162
2026-04-14 16:00:00-04:00,4861.7001953125,4874.60009765625,4857.2001953125,4869.2001953125,4032
2026-04-14 20:00:00-04:00,4849.60009765625,4895.39990234375,4841.0,4861.5,18560
2026-04-15 00:00:00-04:00,4834.10009765625,4854.2998046875,4827.39990234375,4848.0,12868
2026-04-15 04:00:00-04:00,4835.7001953125,4845.39990234375,4808.39990234375,4833.7998046875,19075
2026-04-15 08:00:00-04:00,4823.5,4854.60009765625,4807.89990234375,4835.0,29053
2026-04-15 12:00:00-04:00,4818.2998046875,4835.0,4812.2001953125,4824.0,16958
2026-04-15 16:00:00-04:00,4845.39990234375,4848.60009765625,4810.5,4818.7001953125,3867
2026-04-15 20:00:00-04:00,4847.7001953125,4859.7001953125,4832.89990234375,4845.39990234375,12414
2026-04-16 00:00:00-04:00,4843.0,4861.2998046875,4836.0,4846.2998046875,20584
2026-04-16 04:00:00-04:00,4843.89990234375,4844.2998046875,4825.60009765625,4842.7998046875,12033
2026-04-16 08:00:00-04:00,4828.2001953125,4846.2001953125,4792.10009765625,4844.10009765625,38545
2026-04-16 12:00:00-04:00,4814.5,4831.39990234375,4802.0,4828.60009765625,15864
2026-04-16 16:00:00-04:00,4812.5,4818.7998046875,4806.0,4814.7998046875,1833
2026-04-16 20:00:00-04:00,4814.10009765625,4822.2001953125,4785.89990234375,4812.0,10974
2026-04-17 00:00:00-04:00,4805.5,4827.2001953125,4800.0,4813.89990234375,11985
2026-04-17 04:00:00-04:00,4822.0,4834.0,4802.60009765625,4806.10009765625,14261
2026-04-17 08:00:00-04:00,4889.7001953125,4917.7001953125,4819.7998046875,4821.7001953125,70800
2026-04-17 12:00:00-04:00,4875.5,4896.0,4873.60009765625,4889.5,14934
2026-04-17 16:00:00-04:00,4879.60009765625,4879.60009765625,4848.0,4875.60009765625,5343
2026-04-19 16:00:00-04:00,4775.0,4815.0,4752.0,4813.39990234375,11575
2026-04-19 20:00:00-04:00,4813.2998046875,4834.5,4764.2001953125,4774.39990234375,17137
2026-04-20 04:00:00-04:00,4830.89990234375,4879.60009765625,4804.60009765625,4879.60009765625,32519
2026-04-20 08:00:00-04:00,4819.89990234375,4847.89990234375,4811.89990234375,4830.7998046875,39006
2026-04-20 12:00:00-04:00,4834.7998046875,4842.10009765625,4812.5,4819.7998046875,14539
2026-04-20 16:00:00-04:00,4842.39990234375,4854.7998046875,4832.7998046875,4835.0,3193
2026-04-20 20:00:00-04:00,4816.2998046875,4851.2001953125,4811.2001953125,4843.0,11960
2026-04-21 00:00:00-04:00,4804.89990234375,4828.7998046875,4790.7998046875,4816.10009765625,22869
2026-04-21 04:00:00-04:00,4814.2001953125,4818.0,4793.2998046875,4804.5,14775
2026-04-21 08:00:00-04:00,4759.7998046875,4816.7001953125,4740.89990234375,4814.39990234375,63304
2026-04-21 12:00:00-04:00,4698.2998046875,4765.89990234375,4685.7998046875,4760.2998046875,47492
2026-04-21 16:00:00-04:00,4755.7998046875,4758.39990234375,4688.39990234375,4698.5,10008
2026-04-21 20:00:00-04:00,4777.0,4782.7001953125,4753.5,4756.2998046875,14341
2026-04-22 00:00:00-04:00,4779.5,4790.7998046875,4769.89990234375,4776.10009765625,15962
2026-04-22 04:00:00-04:00,4768.89990234375,4781.39990234375,4764.2998046875,4779.60009765625,13893
2026-04-22 08:00:00-04:00,4746.2001953125,4779.39990234375,4743.2001953125,4769.2001953125,31047
2026-04-22 12:00:00-04:00,4759.0,4770.2001953125,4742.10009765625,4746.10009765625,15166
2026-04-22 16:00:00-04:00,4745.0,4763.60009765625,4740.60009765625,4759.39990234375,2991
2026-04-22 20:00:00-04:00,4720.0,4771.2998046875,4710.39990234375,4745.0,26431
2026-04-23 00:00:00-04:00,4736.10009765625,4739.0,4705.7001953125,4719.0,20339
2026-04-23 04:00:00-04:00,4737.39990234375,4742.10009765625,4700.0,4735.60009765625,20490
2026-04-23 08:00:00-04:00,4737.2998046875,4761.7001953125,4733.2998046875,4737.10009765625,37121
2026-04-23 12:00:00-04:00,4712.7998046875,4754.10009765625,4680.10009765625,4737.60009765625,39404
2026-04-23 16:00:00-04:00,4710.7998046875,4719.7998046875,4702.0,4712.5,3160
2026-04-23 20:00:00-04:00,4687.5,4726.7001953125,4683.5,4711.7001953125,12192
2026-04-24 00:00:00-04:00,4709.39990234375,4710.7001953125,4672.2001953125,4686.89990234375,14843
2026-04-24 04:00:00-04:00,4723.2001953125,4733.89990234375,4689.60009765625,4710.10009765625,20741
2026-04-24 08:00:00-04:00,4743.89990234375,4757.10009765625,4705.39990234375,4723.2001953125,34924
2026-04-24 12:00:00-04:00,4732.10009765625,4747.0,4729.5,4743.60009765625,12738
2026-04-24 16:00:00-04:00,4740.89990234375,4740.89990234375,4721.10009765625,4731.89990234375,2765
2026-04-26 16:00:00-04:00,4694.7998046875,4704.0,4689.10009765625,4696.10009765625,3266
2026-04-26 20:00:00-04:00,4739.7998046875,4744.7998046875,4686.60009765625,4695.2998046875,13741
2026-04-27 00:00:00-04:00,4727.89990234375,4745.7998046875,4724.0,4739.7998046875,8653
2026-04-27 04:00:00-04:00,4719.7001953125,4730.0,4713.5,4728.39990234375,10053
2026-04-27 08:00:00-04:00,4684.7998046875,4728.0,4681.2001953125,4720.10009765625,30044
2026-04-27 12:00:00-04:00,4696.2001953125,4700.89990234375,4681.5,4684.60009765625,15013
2026-04-27 16:00:00-04:00,4707.10009765625,4710.2998046875,4691.7998046875,4695.89990234375,1945
2026-04-27 20:00:00-04:00,4685.60009765625,4716.5,4679.89990234375,4707.10009765625,11008
2026-04-28 00:00:00-04:00,4646.60009765625,4685.10009765625,4634.39990234375,4684.60009765625,24985
2026-04-28 04:00:00-04:00,4575.2001953125,4649.39990234375,4568.0,4647.0,32173
2026-04-28 08:00:00-04:00,4600.10009765625,4613.7998046875,4567.60009765625,4575.60009765625,49345
2026-04-28 12:00:00-04:00,4609.60009765625,4615.89990234375,4591.39990234375,4600.0,16664
2026-04-28 16:00:00-04:00,4609.7001953125,4614.0,4602.0,4609.39990234375,2444
2026-04-28 20:00:00-04:00,4609.60009765625,4624.2998046875,4589.10009765625,4609.5,12484
2026-04-29 00:00:00-04:00,4581.39990234375,4621.2998046875,4580.5,4609.10009765625,13597
2026-04-29 04:00:00-04:00,4574.7001953125,4594.2998046875,4564.5,4581.60009765625,18488
2026-04-29 08:00:00-04:00,4560.2001953125,4582.10009765625,4522.2001953125,4574.2001953125,44568
2026-04-29 12:00:00-04:00,4560.7998046875,4578.2998046875,4532.0,4560.60009765625,28975
2026-04-29 16:00:00-04:00,4573.7998046875,4574.2001953125,4550.7998046875,4561.2001953125,3263
2026-04-29 20:00:00-04:00,4567.89990234375,4594.10009765625,4566.89990234375,4573.60009765625,12620
2026-04-30 00:00:00-04:00,4610.60009765625,4617.2998046875,4552.2001953125,4567.39990234375,18551
2026-04-30 04:00:00-04:00,4643.0,4658.7998046875,4609.2001953125,4610.5,28591
2026-04-30 08:00:00-04:00,4628.10009765625,4658.60009765625,4621.2998046875,4643.2998046875,32442
2026-04-30 12:00:00-04:00,4630.0,4640.2998046875,4618.0,4628.2001953125,18683
2026-04-30 16:00:00-04:00,4638.89990234375,4652.0,4628.2998046875,4630.39990234375,2398
2026-04-30 20:00:00-04:00,4638.60009765625,4648.10009765625,4625.89990234375,4639.0,7381
2026-05-01 00:00:00-04:00,4589.5,4640.2998046875,4586.7998046875,4637.7998046875,12143
2026-05-01 04:00:00-04:00,4590.0,4594.0,4570.0,4589.7001953125,11650
2026-05-01 08:00:00-04:00,4654.39990234375,4673.0,4586.0,4589.5,40145
2026-05-01 12:00:00-04:00,4623.0,4661.2998046875,4621.0,4654.0,16065
2026-05-01 16:00:00-04:00,4644.5,4644.5,4619.0,4623.0,1556
2026-05-03 16:00:00-04:00,4625.0,4640.89990234375,4622.39990234375,4633.2998046875,2495
2026-05-03 20:00:00-04:00,4627.7998046875,4629.89990234375,4602.0,4624.7998046875,9469
2026-05-04 00:00:00-04:00,4589.7001953125,4626.5,4588.60009765625,4626.5,10267
2026-05-04 04:00:00-04:00,4571.10009765625,4595.2998046875,4535.0,4589.89990234375,22513
2026-05-04 08:00:00-04:00,4531.60009765625,4594.7001953125,4520.60009765625,4571.2998046875,38702
2026-05-04 12:00:00-04:00,4527.60009765625,4541.7998046875,4510.10009765625,4531.39990234375,28192
2026-05-04 16:00:00-04:00,4528.10009765625,4535.89990234375,4521.2998046875,4527.5,2589
2026-05-04 20:00:00-04:00,4544.7001953125,4556.39990234375,4522.7001953125,4528.60009765625,9243
2026-05-05 00:00:00-04:00,4555.39990234375,4568.10009765625,4537.0,4543.5,11067
2026-05-05 04:00:00-04:00,4572.89990234375,4575.5,4550.0,4555.39990234375,13405
2026-05-05 08:00:00-04:00,4579.39990234375,4597.5,4564.2001953125,4572.7001953125,31953
2026-05-05 12:00:00-04:00,4566.0,4579.89990234375,4562.2998046875,4579.39990234375,16332
2026-05-05 16:00:00-04:00,4604.5,4606.2001953125,4556.10009765625,4566.0,4295
2026-05-05 20:00:00-04:00,4653.5,4662.0,4598.2998046875,4604.10009765625,19640
2026-05-06 00:00:00-04:00,4692.39990234375,4693.2001953125,4653.2998046875,4653.60009765625,22787
2026-05-06 04:00:00-04:00,4703.2998046875,4734.60009765625,4682.7998046875,4692.7001953125,40426
2026-05-06 08:00:00-04:00,4699.2998046875,4728.7001953125,4671.0,4703.2998046875,45259
2026-05-06 12:00:00-04:00,4703.0,4711.2998046875,4689.7998046875,4699.0,18566
2026-05-06 16:00:00-04:00,4708.2001953125,4710.39990234375,4695.7998046875,4703.5,3511
2026-05-06 20:00:00-04:00,4709.0,4730.5,4694.0,4708.2998046875,13003
2026-05-07 00:00:00-04:00,4752.5,4760.5,4700.39990234375,4707.7001953125,18546
2026-05-07 04:00:00-04:00,4752.0,4763.60009765625,4732.0,4753.2001953125,19269
2026-05-07 08:00:00-04:00,4739.10009765625,4775.2001953125,4694.2998046875,4752.10009765625,46159
2026-05-07 12:00:00-04:00,4712.89990234375,4739.89990234375,4696.60009765625,4739.2998046875,47505
2026-05-07 16:00:00-04:00,4713.2001953125,4729.10009765625,4671.0,4713.0,5697
2026-05-07 20:00:00-04:00,4729.0,4741.39990234375,4702.7001953125,4713.39990234375,12628
2026-05-08 00:00:00-04:00,4717.39990234375,4743.5,4706.2001953125,4728.60009765625,14572
2026-05-08 04:00:00-04:00,4727.5,4737.7998046875,4715.89990234375,4717.2001953125,11980
2026-05-08 08:00:00-04:00,4716.60009765625,4760.39990234375,4709.60009765625,4727.5,47580
2026-05-08 12:00:00-04:00,4733.39990234375,4738.60009765625,4715.0,4716.39990234375,20472
2026-05-08 16:00:00-04:00,4730.7001953125,4733.89990234375,4723.2998046875,4733.7998046875,2075
2026-05-10 16:00:00-04:00,4700.2998046875,4707.5,4690.0,4696.7998046875,3887
2026-05-10 20:00:00-04:00,4687.0,4714.10009765625,4678.39990234375,4699.89990234375,19275
2026-05-11 00:00:00-04:00,4676.39990234375,4688.7998046875,4655.10009765625,4686.39990234375,17584
2026-05-11 04:00:00-04:00,4683.2998046875,4687.5,4658.7001953125,4676.2998046875,16848
2026-05-11 08:00:00-04:00,4741.7998046875,4758.39990234375,4675.89990234375,4682.89990234375,50917
2026-05-11 12:00:00-04:00,4743.5,4746.5,4716.7998046875,4742.0,23900
2026-05-11 16:00:00-04:00,4777.2001953125,4780.2998046875,4739.5,4743.7001953125,7031
2026-05-11 20:00:00-04:00,4729.0,4783.39990234375,4726.7998046875,4776.7001953125,16044
2026-05-12 00:00:00-04:00,4707.7998046875,4739.60009765625,4692.39990234375,4729.10009765625,18192
2026-05-12 04:00:00-04:00,4714.60009765625,4717.2001953125,4692.7998046875,4707.5,14958
2026-05-12 08:00:00-04:00,4673.10009765625,4719.7998046875,4645.2001953125,4714.5,52027
2026-05-12 12:00:00-04:00,4723.2001953125,4723.2998046875,4671.2998046875,4673.5,24959
2026-05-12 16:00:00-04:00,4724.7001953125,4731.60009765625,4719.39990234375,4722.7998046875,4658
2026-05-12 20:00:00-04:00,4703.0,4734.7998046875,4696.0,4724.5,14527
2026-05-13 00:00:00-04:00,4710.39990234375,4723.10009765625,4701.2998046875,4704.5,12570
2026-05-13 04:00:00-04:00,4705.2001953125,4718.2001953125,4692.2998046875,4710.2998046875,15534
2026-05-13 08:00:00-04:00,4703.2998046875,4709.39990234375,4676.0,4704.89990234375,37080
2026-05-13 12:00:00-04:00,4696.10009765625,4717.89990234375,4685.5,4703.0,26250
2026-05-13 16:00:00-04:00,4703.5,4709.0,4693.7001953125,4696.0,1891
2026-05-13 20:00:00-04:00,4680.7998046875,4714.0,4679.2998046875,4703.10009765625,11254
2026-05-14 00:00:00-04:00,4700.10009765625,4725.7998046875,4673.2001953125,4680.7998046875,17219
2026-05-14 04:00:00-04:00,4700.39990234375,4713.60009765625,4694.60009765625,4699.5,11748
2026-05-14 08:00:00-04:00,4691.89990234375,4716.89990234375,4671.2998046875,4700.2001953125,34499
2026-05-14 12:00:00-04:00,4659.5,4693.5,4658.0,4692.10009765625,20302
2026-05-14 16:00:00-04:00,4656.7001953125,4670.10009765625,4649.2998046875,4659.60009765625,5796
2026-05-14 20:00:00-04:00,4619.7998046875,4662.7998046875,4611.0,4656.39990234375,23090
2026-05-15 00:00:00-04:00,4575.7001953125,4625.89990234375,4560.10009765625,4619.2998046875,31407
2026-05-15 04:00:00-04:00,4555.89990234375,4577.0,4535.39990234375,4575.60009765625,30852
2026-05-15 08:00:00-04:00,4543.7998046875,4570.89990234375,4513.7998046875,4556.0,49131
2026-05-15 12:00:00-04:00,4549.7998046875,4568.7001953125,4533.2001953125,4543.7998046875,19547
2026-05-15 16:00:00-04:00,4561.89990234375,4561.89990234375,4537.0,4550.2001953125,2058
2026-05-17 16:00:00-04:00,4540.89990234375,4558.60009765625,4535.10009765625,4557.39990234375,4049
2026-05-17 20:00:00-04:00,4546.7998046875,4551.39990234375,4483.5,4541.0,27276
2026-05-18 00:00:00-04:00,4550.0,4564.0,4533.10009765625,4545.2001953125,23191
2026-05-18 04:00:00-04:00,4554.2001953125,4571.89990234375,4533.5,4550.0,21417
2026-05-18 08:00:00-04:00,4547.7001953125,4588.60009765625,4536.2001953125,4554.39990234375,45164
2026-05-18 12:00:00-04:00,4562.89990234375,4569.5,4537.60009765625,4548.60009765625,26362
2026-05-18 16:00:00-04:00,4585.5,4593.2001953125,4562.39990234375,4563.2998046875,3479
2026-05-18 20:00:00-04:00,4548.89990234375,4593.10009765625,4545.2001953125,4585.39990234375,15007
2026-05-19 00:00:00-04:00,4560.7001953125,4562.7001953125,4533.89990234375,4547.7998046875,17012
2026-05-19 04:00:00-04:00,4534.0,4562.5,4528.60009765625,4560.7001953125,17116
2026-05-19 08:00:00-04:00,4511.7001953125,4550.89990234375,4467.10009765625,4533.7998046875,65598
2026-05-19 12:00:00-04:00,4487.0,4516.0,4484.7998046875,4512.0,15612
2026-05-19 16:00:00-04:00,4491.7998046875,4499.5,4480.0,4486.89990234375,3943
2026-05-19 20:00:00-04:00,4467.10009765625,4512.0,4455.0,4492.2001953125,19054
2026-05-20 00:00:00-04:00,4480.89990234375,4488.7001953125,4458.60009765625,4465.7998046875,16240
2026-05-20 04:00:00-04:00,4501.2001953125,4503.7001953125,4475.10009765625,4481.10009765625,23686
2026-05-20 08:00:00-04:00,4532.10009765625,4558.39990234375,4469.10009765625,4501.0,62776
2026-05-20 12:00:00-04:00,4548.10009765625,4553.7998046875,4527.10009765625,4532.10009765625,20192
2026-05-20 16:00:00-04:00,4548.0,4553.2001953125,4535.60009765625,4548.39990234375,3656
2026-05-20 20:00:00-04:00,4529.89990234375,4572.39990234375,4528.2998046875,4548.2998046875,14046
2026-05-21 00:00:00-04:00,4520.7998046875,4541.60009765625,4513.2001953125,4529.39990234375,14274
2026-05-21 04:00:00-04:00,4515.0,4544.2001953125,4505.7001953125,4520.89990234375,19557
2026-05-21 08:00:00-04:00,4513.0,4522.2998046875,4488.2998046875,4515.2001953125,61248
2026-05-21 12:00:00-04:00,4544.10009765625,4561.2001953125,4513.10009765625,4513.2001953125,32283
2026-05-21 16:00:00-04:00,4536.0,4547.0,4532.7001953125,4543.89990234375,3451
2026-05-21 20:00:00-04:00,4529.89990234375,4541.89990234375,4519.39990234375,4536.2001953125,8092
2026-05-22 00:00:00-04:00,4522.7001953125,4535.39990234375,4508.2001953125,4530.60009765625,11997
2026-05-22 04:00:00-04:00,4521.5,4537.60009765625,4511.39990234375,4522.7001953125,19117
2026-05-22 08:00:00-04:00,4521.0,4537.39990234375,4488.0,4521.10009765625,43653
2026-05-22 12:00:00-04:00,4510.0,4529.89990234375,4505.60009765625,4521.2998046875,20181
2026-05-22 16:00:00-04:00,4523.2001953125,4523.2001953125,4505.39990234375,4510.10009765625,1621
2026-05-26 00:00:00-04:00,4538.60009765625,4543.60009765625,4521.7998046875,4542.7001953125,18635
2026-05-26 04:00:00-04:00,4507.5,4540.89990234375,4503.0,4539.0,41159
2026-05-26 08:00:00-04:00,4506.7001953125,4532.2998046875,4500.2001953125,4507.10009765625,66720
2026-05-26 12:00:00-04:00,4508.7001953125,4512.0,4480.0,4506.5,40188
2026-05-26 16:00:00-04:00,4519.60009765625,4528.10009765625,4498.89990234375,4509.0,2545
2026-05-26 20:00:00-04:00,4496.2998046875,4525.7998046875,4496.2001953125,4517.39990234375,2723
2026-05-27 00:00:00-04:00,4513.2001953125,4520.60009765625,4478.5,4496.0,30002
2026-05-27 04:00:00-04:00,4458.2998046875,4529.5,4454.2998046875,4513.10009765625,49992
2026-05-27 08:00:00-04:00,4468.0,4496.5,4431.0,4458.5,88245
2026-05-27 12:00:00-04:00,4483.0,4490.0,4465.60009765625,4468.10009765625,25758
2026-05-27 16:00:00-04:00,4477.7001953125,4502.0,4473.2001953125,4482.7998046875,3419
2026-05-27 20:00:00-04:00,4405.2998046875,4489.5,4398.0,4477.39990234375,21364
2026-05-28 00:00:00-04:00,4417.2001953125,4426.0,4395.60009765625,4404.2001953125,19084
2026-05-28 04:00:00-04:00,4418.2001953125,4434.2998046875,4405.5,4417.5,17418
2026-05-28 08:00:00-04:00,4512.5,4515.89990234375,4409.7998046875,4417.89990234375,57929
2026-05-28 12:00:00-04:00,4528.7001953125,4547.10009765625,4507.5,4512.89990234375,26476
2026-05-28 16:00:00-04:00,4525.60009765625,4531.7001953125,4519.5,4528.7001953125,3035
2026-05-28 20:00:00-04:00,4530.89990234375,4551.2001953125,4522.5,4525.5,11405
2026-05-29 00:00:00-04:00,4555.5,4557.2001953125,4531.39990234375,4531.39990234375,16746
2026-05-29 04:00:00-04:00,4569.10009765625,4574.39990234375,4540.0,4555.0,19191
2026-05-29 08:00:00-04:00,4602.10009765625,4627.10009765625,4543.39990234375,4569.2001953125,54002
2026-05-29 12:00:00-04:00,4576.7998046875,4604.5,4574.10009765625,4602.10009765625,19052
2026-05-29 16:00:00-04:00,4593.0,4593.0,4567.2998046875,4576.89990234375,1797
2026-05-31 16:00:00-04:00,4570.7001953125,4576.39990234375,4554.10009765625,4555.2998046875,3322
2026-05-31 20:00:00-04:00,4546.0,4577.2998046875,4540.2998046875,4570.5,10687
2026-06-01 00:00:00-04:00,4532.7001953125,4555.39990234375,4522.10009765625,4546.89990234375,12748
2026-06-01 04:00:00-04:00,4536.0,4542.7998046875,4518.60009765625,4533.0,15102
2026-06-01 08:00:00-04:00,4504.10009765625,4540.39990234375,4476.0,4535.7998046875,48604
2026-06-01 12:00:00-04:00,4511.10009765625,4525.60009765625,4493.10009765625,4504.7001953125,19687
2026-06-01 16:00:00-04:00,4514.2998046875,4518.60009765625,4508.2001953125,4511.2001953125,2962
2026-06-01 20:00:00-04:00,4528.39990234375,4530.0,4492.2998046875,4514.39990234375,13974
2026-06-02 00:00:00-04:00,4565.2001953125,4571.2998046875,4528.0,4529.2998046875,19493
2026-06-02 04:00:00-04:00,4557.2998046875,4569.2998046875,4550.89990234375,4565.2001953125,13796
2026-06-02 08:00:00-04:00,4531.7001953125,4563.7998046875,4519.39990234375,4557.5,30722
2026-06-02 12:00:00-04:00,4517.7001953125,4532.7998046875,4508.0,4531.7001953125,15808
2026-06-02 16:00:00-04:00,4502.89990234375,4522.7001953125,4490.5,4517.7998046875,6422
2026-06-02 20:00:00-04:00,4512.0,4525.10009765625,4491.2001953125,4502.60009765625,13222
2026-06-03 00:00:00-04:00,4481.60009765625,4516.10009765625,4481.10009765625,4512.39990234375,14562
2026-06-03 04:00:00-04:00,4490.60009765625,4496.5,4467.2001953125,4481.7998046875,18939
2026-06-03 08:00:00-04:00,4469.7998046875,4495.60009765625,4454.0,4490.89990234375,31275
2026-06-03 12:00:00-04:00,4472.0,4480.0,4461.10009765625,4470.0,14920
2026-06-03 16:00:00-04:00,4483.5,4491.2001953125,4450.10009765625,4471.89990234375,5034
2026-06-03 20:00:00-04:00,4490.60009765625,4504.2001953125,4470.0,4484.0,11770
2026-06-04 00:00:00-04:00,4488.5,4511.2001953125,4486.2001953125,4490.60009765625,11853
2026-06-04 04:00:00-04:00,4539.2001953125,4542.39990234375,4485.39990234375,4488.39990234375,18593
2026-06-04 08:00:00-04:00,4504.89990234375,4543.2001953125,4483.7998046875,4539.10009765625,41783
2026-06-04 12:00:00-04:00,4508.89990234375,4513.2001953125,4500.0,4504.89990234375,17144
2026-06-04 16:00:00-04:00,4488.39990234375,4509.2998046875,4487.7001953125,4508.5,3268
2026-06-04 20:00:00-04:00,4468.39990234375,4497.0,4461.2001953125,4488.2001953125,15292
2026-06-05 00:00:00-04:00,4487.7001953125,4494.2001953125,4454.7998046875,4468.7001953125,14182
2026-06-05 04:00:00-04:00,4497.0,4502.2001953125,4484.7998046875,4487.2998046875,12226
2026-06-05 08:00:00-04:00,4360.39990234375,4502.7998046875,4358.7998046875,4497.39990234375,85345
2026-06-05 12:00:00-04:00,4343.5,4372.0,4338.2998046875,4360.2998046875,37820
2026-06-05 16:00:00-04:00,4365.2998046875,4365.2998046875,4336.60009765625,4343.7001953125,4141
2026-06-07 16:00:00-04:00,4367.89990234375,4371.0,4337.2998046875,4342.2001953125,5697
2026-06-07 20:00:00-04:00,4339.7998046875,4377.5,4323.60009765625,4367.0,19737
2026-06-08 00:00:00-04:00,4319.89990234375,4346.39990234375,4293.0,4342.0,21790
2026-06-08 04:00:00-04:00,4356.2998046875,4358.5,4297.10009765625,4319.2998046875,28715
2026-06-08 08:00:00-04:00,4366.10009765625,4371.5,4339.0,4355.7001953125,41080
2026-06-08 12:00:00-04:00,4350.2998046875,4371.0,4346.60009765625,4365.89990234375,19152
2026-06-08 16:00:00-04:00,4340.89990234375,4363.39990234375,4336.0,4350.5,3290
2026-06-08 20:00:00-04:00,4359.7998046875,4366.5,4338.7998046875,4340.89990234375,11593
2026-06-09 00:00:00-04:00,4350.2001953125,4375.7001953125,4346.0,4360.7998046875,13082
2026-06-09 04:00:00-04:00,4364.2998046875,4368.2998046875,4344.5,4350.10009765625,13242
2026-06-09 08:00:00-04:00,4296.7001953125,4388.60009765625,4287.10009765625,4364.39990234375,53475
2026-06-09 12:00:00-04:00,4282.7001953125,4305.2998046875,4259.89990234375,4296.5,38233
2026-06-09 16:00:00-04:00,4245.10009765625,4286.10009765625,4233.0,4282.7998046875,6527
2026-06-09 20:00:00-04:00,4208.2001953125,4251.10009765625,4195.5,4245.2001953125,23047
2026-06-10 00:00:00-04:00,4209.7001953125,4245.5,4194.2001953125,4208.89990234375,18044
2026-06-10 04:00:00-04:00,4170.2001953125,4211.0,4168.2001953125,4209.39990234375,33716
2026-06-10 08:00:00-04:00,4151.89990234375,4209.5,4129.60009765625,4169.89990234375,75665
2026-06-10 12:00:00-04:00,4106.2001953125,4158.7998046875,4105.0,4152.7001953125,36042
2026-06-10 16:00:00-04:00,4069.699951171875,4106.39990234375,4046.199951171875,4106.0,10277
2026-06-10 20:00:00-04:00,4095.5,4138.5,4058.0,4070.89990234375,35745
2026-06-11 00:00:00-04:00,4125.7998046875,4131.5,4091.199951171875,4094.39990234375,19192
2026-06-11 04:00:00-04:00,4100.7001953125,4133.60009765625,4098.10009765625,4125.7001953125,17598
2026-06-11 08:00:00-04:00,4110.0,4116.7998046875,4072.800048828125,4100.89990234375,48891
2026-06-11 12:00:00-04:00,4229.89990234375,4241.2998046875,4092.89990234375,4110.2001953125,59917
2026-06-11 16:00:00-04:00,4240.60009765625,4267.7998046875,4226.2001953125,4230.2001953125,7423
2026-06-11 20:00:00-04:00,4220.89990234375,4251.7001953125,4192.89990234375,4240.10009765625,17233
2026-06-12 00:00:00-04:00,4215.2001953125,4222.60009765625,4191.10009765625,4219.0,13704
2026-06-12 04:00:00-04:00,4227.7998046875,4249.60009765625,4213.2001953125,4215.89990234375,22309
2026-06-12 08:00:00-04:00,4232.39990234375,4256.7998046875,4197.5,4227.89990234375,46989
2026-06-12 12:00:00-04:00,4231.89990234375,4256.2001953125,4223.2001953125,4232.2998046875,22683
2026-06-12 16:00:00-04:00,4238.7998046875,4240.60009765625,4230.7001953125,4231.60009765625,1729
2026-06-14 16:00:00-04:00,4314.2998046875,4327.0,4300.0,4325.60009765625,8295
2026-06-14 20:00:00-04:00,4345.7001953125,4356.7998046875,4306.39990234375,4314.2998046875,18448
2026-06-15 00:00:00-04:00,4344.2998046875,4353.89990234375,4321.60009765625,4346.39990234375,13538
2026-06-15 04:00:00-04:00,4356.60009765625,4368.89990234375,4342.7001953125,4344.10009765625,19940
2026-06-15 08:00:00-04:00,4377.60009765625,4391.5,4345.2998046875,4356.60009765625,41646
2026-06-15 12:00:00-04:00,4342.39990234375,4380.2998046875,4338.2001953125,4377.7998046875,19019
2026-06-15 16:00:00-04:00,4337.2998046875,4343.89990234375,4326.7001953125,4342.60009765625,4267
2026-06-15 20:00:00-04:00,4351.39990234375,4354.10009765625,4327.39990234375,4336.60009765625,10828
2026-06-16 00:00:00-04:00,4356.60009765625,4357.10009765625,4334.2001953125,4352.10009765625,9436
2026-06-16 04:00:00-04:00,4361.39990234375,4370.60009765625,4354.2001953125,4356.39990234375,15321
2026-06-16 08:00:00-04:00,4355.7001953125,4376.5,4333.7001953125,4361.60009765625,32298
2026-06-16 12:00:00-04:00,4355.60009765625,4368.10009765625,4346.39990234375,4355.60009765625,15230
2026-06-16 16:00:00-04:00,4350.7998046875,4358.0,4348.7001953125,4355.2998046875,1717
2026-06-16 20:00:00-04:00,4351.2001953125,4369.7998046875,4348.2001953125,4350.89990234375,7726
2026-06-17 00:00:00-04:00,4344.7001953125,4353.7998046875,4337.10009765625,4352.2001953125,9765
2026-06-17 04:00:00-04:00,4342.60009765625,4355.10009765625,4335.60009765625,4344.7998046875,9271
2026-06-17 08:00:00-04:00,4383.60009765625,4385.5,4338.7001953125,4342.7998046875,35178
2026-06-17 12:00:00-04:00,4254.2998046875,4403.60009765625,4237.39990234375,4383.2998046875,84923
2026-06-17 16:00:00-04:00,4297.2001953125,4303.0,4253.2998046875,4254.2001953125,9824
2026-06-17 20:00:00-04:00,4339.60009765625,4350.2001953125,4296.2001953125,4297.60009765625,18016
2026-06-18 00:00:00-04:00,4308.39990234375,4345.2001953125,4307.10009765625,4340.0,14309
2026-06-18 04:00:00-04:00,4260.60009765625,4312.60009765625,4257.89990234375,4308.60009765625,23136
2026-06-18 08:00:00-04:00,4245.5,4296.2001953125,4241.7001953125,4260.5,46578
2026-06-18 12:00:00-04:00,4236.2001953125,4252.5,4220.2998046875,4245.7998046875,25636
2026-06-18 16:00:00-04:00,4206.7998046875,4238.7001953125,4205.0,4236.2001953125,3348
2026-06-18 20:00:00-04:00,4167.5,4216.89990234375,4162.7001953125,4206.89990234375,11665
2026-06-21 16:00:00-04:00,4157.0,4181.5,4151.39990234375,4163.89990234375,6943
2026-06-21 20:00:00-04:00,4189.60009765625,4238.10009765625,4156.60009765625,4157.2998046875,19489
2026-06-22 00:00:00-04:00,4208.5,4225.39990234375,4172.89990234375,4189.2001953125,10338
2026-06-22 04:00:00-04:00,4225.2998046875,4233.7001953125,4172.89990234375,4208.2998046875,12822
2026-06-22 08:00:00-04:00,4201.0,4229.89990234375,4172.89990234375,4225.89990234375,37656
2026-06-22 12:00:00-04:00,4209.39990234375,4211.89990234375,4172.89990234375,4200.7998046875,12616
2026-06-22 16:00:00-04:00,4205.5,4213.60009765625,4172.89990234375,4209.39990234375,1829
2026-06-22 20:00:00-04:00,4162.2001953125,4216.0,4148.39990234375,4205.0,17290
2026-06-23 00:00:00-04:00,4116.0,4164.7998046875,4114.0,4161.7998046875,20070
2026-06-23 04:00:00-04:00,4141.10009765625,4151.10009765625,4108.2001953125,4116.2998046875,18540
2026-06-23 08:00:00-04:00,4156.7001953125,4163.5,4122.7998046875,4141.0,40393
2026-06-23 12:00:00-04:00,4129.60009765625,4161.7998046875,4129.10009765625,4156.7998046875,15157
2026-06-23 16:00:00-04:00,4116.60009765625,4132.39990234375,4097.89990234375,4129.89990234375,5477
2026-06-23 20:00:00-04:00,4079.89990234375,4129.7001953125,4067.0,4117.0,19707
2026-06-24 00:00:00-04:00,4091.5,4114.7001953125,4071.60009765625,4080.10009765625,14024
2026-06-24 04:00:00-04:00,4063.199951171875,4104.7998046875,4053.89990234375,4091.60009765625,17832
2026-06-24 08:00:00-04:00,4019.5,4065.199951171875,3980.300048828125,4063.39990234375,87394
2026-06-24 12:00:00-04:00,4004.89990234375,4039.699951171875,3975.699951171875,4019.39990234375,34253
2026-06-24 16:00:00-04:00,4026.60009765625,4033.89990234375,4001.60009765625,4005.5,6162
2026-06-24 20:00:00-04:00,4012.39990234375,4031.5,3976.300048828125,4028.300048828125,20036
2026-06-25 00:00:00-04:00,4003.5,4015.699951171875,3986.60009765625,4011.10009765625,16728
2026-06-25 04:00:00-04:00,3995.300048828125,4017.89990234375,3988.60009765625,4003.60009765625,16023
2026-06-25 08:00:00-04:00,4057.5,4058.699951171875,3993.5,3995.39990234375,58823
2026-06-25 12:00:00-04:00,4041.60009765625,4060.0,4036.800048828125,4057.199951171875,24346
2026-06-25 16:00:00-04:00,4030.199951171875,4051.60009765625,4027.5,4042.10009765625,2767
2026-06-25 20:00:00-04:00,4018.60009765625,4044.800048828125,3998.10009765625,4029.89990234375,15436
2026-06-26 00:00:00-04:00,4046.39990234375,4055.5,4013.800048828125,4019.39990234375,16140
2026-06-26 04:00:00-04:00,4061.0,4071.5,4041.199951171875,4046.10009765625,16408
2026-06-26 08:00:00-04:00,4106.2998046875,4111.5,4050.60009765625,4061.10009765625,43697
2026-06-26 12:00:00-04:00,4086.199951171875,4109.2001953125,4079.0,4106.10009765625,17037
2026-06-26 16:00:00-04:00,4096.2998046875,4104.39990234375,4079.0,4086.39990234375,2400
2026-06-28 16:00:00-04:00,4076.699951171875,4092.39990234375,4065.89990234375,4089.800048828125,4888
2026-06-28 20:00:00-04:00,4083.199951171875,4090.39990234375,4062.60009765625,4076.300048828125,11612
2026-06-29 00:00:00-04:00,4076.300048828125,4083.199951171875,4053.800048828125,4082.800048828125,13546
2026-06-29 04:00:00-04:00,4053.300048828125,4081.0,4038.10009765625,4075.699951171875,20295
2026-06-29 08:00:00-04:00,4041.5,4067.0,4012.0,4053.5,35187
2026-06-29 12:00:00-04:00,4030.39990234375,4046.699951171875,4019.199951171875,4041.5,15308
2026-06-29 16:00:00-04:00,4029.39990234375,4036.699951171875,4023.5,4030.60009765625,2535
2026-06-29 20:00:00-04:00,3983.800048828125,4028.89990234375,3955.39990234375,4028.60009765625,27348
2026-06-30 00:00:00-04:00,4046.300048828125,4048.699951171875,3981.300048828125,3982.5,19317
2026-06-30 04:00:00-04:00,4047.5,4051.800048828125,4025.89990234375,4046.39990234375,15397
2026-06-30 08:00:00-04:00,4044.199951171875,4078.10009765625,4022.10009765625,4048.0,40558
2026-06-30 12:00:00-04:00,4030.199951171875,4048.699951171875,4029.10009765625,4043.800048828125,14834
2026-06-30 16:00:00-04:00,4018.89990234375,4036.0,4018.0,4030.199951171875,4097
2026-06-30 20:00:00-04:00,3992.89990234375,4022.699951171875,3983.0,4018.89990234375,14464
2026-07-01 00:00:00-04:00,3988.699951171875,3995.39990234375,3973.0,3993.39990234375,18271
2026-07-01 04:00:00-04:00,4044.0,4049.39990234375,3982.5,3988.800048828125,18407
2026-07-01 08:00:00-04:00,4095.10009765625,4131.0,4026.60009765625,4044.5,64194
2026-07-01 12:00:00-04:00,4052.300048828125,4102.89990234375,4048.39990234375,4095.5,18301
2026-07-01 16:00:00-04:00,4047.39990234375,4057.199951171875,4042.10009765625,4052.199951171875,4825
2026-07-01 20:00:00-04:00,4082.300048828125,4086.300048828125,4042.800048828125,4047.10009765625,13396
2026-07-02 00:00:00-04:00,4076.60009765625,4092.5,4065.199951171875,4082.10009765625,12022
2026-07-02 04:00:00-04:00,4077.5,4092.60009765625,4069.699951171875,4076.5,14444
2026-07-02 08:00:00-04:00,4141.39990234375,4157.10009765625,4073.39990234375,4077.300048828125,58422
2026-07-02 12:00:00-04:00,4134.0,4143.2001953125,4113.0,4141.7001953125,18011
2026-07-02 16:00:00-04:00,4139.2001953125,4149.10009765625,4129.39990234375,4134.2001953125,4570
2026-07-02 20:00:00-04:00,4188.5,4208.2998046875,4135.89990234375,4139.0,17613
2026-07-05 16:00:00-04:00,4195.2001953125,4214.10009765625,4184.39990234375,4187.5,6643
2026-07-05 20:00:00-04:00,4177.0,4215.5,4172.7001953125,4195.7998046875,13878
2026-07-06 00:00:00-04:00,4175.7001953125,4187.2998046875,4156.39990234375,4177.0,10509
2026-07-06 04:00:00-04:00,4167.39990234375,4187.2998046875,4148.39990234375,4176.39990234375,12333
2026-07-06 08:00:00-04:00,4159.89990234375,4187.2998046875,4140.60009765625,4167.39990234375,29226
2026-07-06 12:00:00-04:00,4175.5,4187.2998046875,4152.0,4160.10009765625,14422
2026-07-06 16:00:00-04:00,4168.7001953125,4187.2998046875,4168.0,4175.39990234375,1381
2026-07-06 20:00:00-04:00,4141.7998046875,4174.5,4135.2001953125,4168.5,12004
2026-07-07 00:00:00-04:00,4135.7998046875,4152.39990234375,4127.7001953125,4142.39990234375,10479
2026-07-07 04:00:00-04:00,4168.60009765625,4170.0,4130.60009765625,4135.39990234375,15227
2026-07-07 08:00:00-04:00,4150.10009765625,4192.39990234375,4146.89990234375,4168.60009765625,40371
2026-07-07 12:00:00-04:00,4125.10009765625,4159.7998046875,4102.7001953125,4150.39990234375,25639
2026-07-07 16:00:00-04:00,4108.7998046875,4126.7001953125,4104.0,4125.2998046875,5136
2026-07-07 20:00:00-04:00,4133.7001953125,4142.2998046875,4106.7998046875,4108.5,14873
2026-07-08 00:00:00-04:00,4132.0,4144.7001953125,4125.39990234375,4134.2001953125,11079
2026-07-08 04:00:00-04:00,4072.300048828125,4132.5,4050.0,4132.0,42758
2026-07-08 08:00:00-04:00,4044.10009765625,4096.7998046875,4032.5,4071.89990234375,53416
2026-07-08 12:00:00-04:00,4090.199951171875,4101.60009765625,4043.39990234375,4044.5,32625
2026-07-08 16:00:00-04:00,4085.60009765625,4093.5,4081.10009765625,4090.5,3459
2026-07-08 20:00:00-04:00,4072.10009765625,4099.10009765625,4063.39990234375,4087.5,13261
2026-07-09 00:00:00-04:00,4117.89990234375,4121.0,4065.89990234375,4073.60009765625,18333
2026-07-09 04:00:00-04:00,4118.7001953125,4127.39990234375,4102.7998046875,4117.89990234375,15009
2026-07-09 08:00:00-04:00,4136.39990234375,4147.39990234375,4114.7998046875,4118.7001953125,40088
2026-07-09 12:00:00-04:00,4132.39990234375,4148.39990234375,4128.2998046875,4136.7998046875,22554
2026-07-09 16:00:00-04:00,4132.60009765625,4136.7998046875,4130.0,4132.10009765625,1561
2026-07-09 20:00:00-04:00,4129.5,4144.60009765625,4118.2998046875,4132.5,11572
2026-07-10 00:00:00-04:00,4117.89990234375,4130.5,4113.0,4128.7998046875,9734
2026-07-10 04:00:00-04:00,4111.0,4121.7998046875,4103.0,4117.60009765625,14449
2026-07-10 08:00:00-04:00,4122.10009765625,4127.0,4081.699951171875,4111.39990234375,35670
2026-07-10 12:00:00-04:00,4116.60009765625,4124.7998046875,4106.2998046875,4122.39990234375,17125
2026-07-10 16:00:00-04:00,4113.7001953125,4129.0,4113.7001953125,4116.39990234375,1563
2026-07-12 16:00:00-04:00,4092.89990234375,4102.2001953125,4075.800048828125,4097.89990234375,4830
2026-07-12 20:00:00-04:00,4067.39990234375,4099.7001953125,4060.699951171875,4093.10009765625,17637
2026-07-13 00:00:00-04:00,4072.800048828125,4080.89990234375,4052.0,4068.10009765625,15298
2026-07-13 04:00:00-04:00,4064.0,4089.10009765625,4055.0,4072.800048828125,17514
2026-07-13 08:00:00-04:00,4023.300048828125,4075.5,4005.800048828125,4064.0,52213
2026-07-13 12:00:00-04:00,4009.300048828125,4025.5,3992.89990234375,4023.10009765625,33594
2026-07-13 16:00:00-04:00,4007.89990234375,4015.5,3999.10009765625,4009.39990234375,3838
2026-07-13 20:00:00-04:00,4022.60009765625,4025.699951171875,3990.39990234375,4008.60009765625,16215
2026-07-14 00:00:00-04:00,4027.300048828125,4040.39990234375,4019.89990234375,4023.699951171875,12085
2026-07-14 04:00:00-04:00,4038.10009765625,4039.0,4020.10009765625,4027.300048828125,13522
2026-07-14 08:00:00-04:00,4073.10009765625,4112.5,4029.800048828125,4038.5,71392
2026-07-14 12:00:00-04:00,4062.10009765625,4073.800048828125,4049.199951171875,4073.199951171875,26929
2026-07-14 16:00:00-04:00,4058.800048828125,4063.10009765625,4052.699951171875,4062.10009765625,3367
2026-07-14 20:00:00-04:00,4037.89990234375,4068.60009765625,4033.89990234375,4059.0,12221
2026-07-15 00:00:00-04:00,4030.699951171875,4044.699951171875,4025.60009765625,4036.89990234375,13644
2026-07-15 04:00:00-04:00,4044.5,4046.5,4023.300048828125,4030.699951171875,13812
2026-07-15 08:00:00-04:00,4053.199951171875,4080.699951171875,4041.800048828125,4044.89990234375,36729
2026-07-15 12:00:00-04:00,4064.0,4089.10009765625,4033.0,4053.39990234375,30278
2026-07-15 16:00:00-04:00,4063.60009765625,4071.89990234375,4061.10009765625,4063.699951171875,3190
2026-07-15 20:00:00-04:00,4040.699951171875,4067.10009765625,4029.39990234375,4063.800048828125,11971
2026-07-16 00:00:00-04:00,4036.10009765625,4051.800048828125,4027.699951171875,4041.800048828125,10991
2026-07-16 04:00:00-04:00,4044.10009765625,4048.39990234375,4026.199951171875,4035.5,13793
2026-07-16 08:00:00-04:00,4011.800048828125,4048.699951171875,3977.10009765625,4044.39990234375,58081
2026-07-16 12:00:00-04:00,3984.60009765625,4012.300048828125,3973.39990234375,4011.39990234375,22637
2026-07-16 16:00:00-04:00,3989.199951171875,3989.89990234375,3976.199951171875,3984.800048828125,2906
2026-07-16 20:00:00-04:00,3995.699951171875,4012.199951171875,3974.10009765625,3989.5,13820
2026-07-17 00:00:00-04:00,3997.0,4010.699951171875,3978.39990234375,3995.0,13326
2026-07-17 04:00:00-04:00,3997.89990234375,4006.5,3991.300048828125,3996.60009765625,11126
2026-07-17 08:00:00-04:00,4024.10009765625,4026.10009765625,3963.0,3998.199951171875,48607
2026-07-17 12:00:00-04:00,4019.89990234375,4028.89990234375,4006.800048828125,4024.39990234375,19291
2026-07-17 16:00:00-04:00,4018.800048828125,4023.0,4013.199951171875,4019.89990234375,0
2026-07-19 16:00:00-04:00,3999.199951171875,4004.39990234375,3993.0,4001.0,2637
2026-07-19 20:00:00-04:00,4027.800048828125,4034.199951171875,3986.5,3999.60009765625,15713
2026-07-20 00:00:00-04:00,4022.0,4031.300048828125,4006.5,4028.699951171875,10506
2026-07-20 04:00:00-04:00,4030.5,4046.0,4018.699951171875,4022.199951171875,15269
2026-07-20 08:00:00-04:00,4016.199951171875,4030.199951171875,4001.60009765625,4030.0,36522
2026-07-20 12:00:00-04:00,4010.699951171875,4022.800048828125,4005.199951171875,4016.300048828125,16887
2026-07-20 16:00:00-04:00,4014.39990234375,4015.10009765625,4003.300048828125,4011.10009765625,3392
2026-07-20 20:00:00-04:00,4050.89990234375,4057.199951171875,4008.300048828125,4014.5,15891
2026-07-21 00:00:00-04:00,4075.699951171875,4088.39990234375,4048.39990234375,4051.699951171875,21455
2026-07-21 04:00:00-04:00,4060.60009765625,4076.89990234375,4058.89990234375,4075.60009765625,18417
2026-07-21 08:00:00-04:00,4078.60009765625,4088.0,4048.39990234375,4060.5,38657
2026-07-21 12:00:00-04:00,4088.60009765625,4092.5,4071.0,4078.5,15741
2026-07-21 16:00:00-04:00,4085.199951171875,4090.89990234375,4080.89990234375,4088.60009765625,2753
2026-07-21 20:00:00-04:00,4135.5,4146.0,4081.10009765625,4085.5,22086
2026-07-22 00:00:00-04:00,4114.60009765625,4140.0,4113.2998046875,4135.10009765625,17094
2026-07-22 04:00:00-04:00,4127.39990234375,4127.89990234375,4114.7998046875,4115.0,14639
2026-07-22 08:00:00-04:00,4164.10009765625,4171.39990234375,4110.39990234375,4127.5,48871
2026-07-22 12:00:00-04:00,4136.39990234375,4164.5,4133.89990234375,4164.39990234375,21198
2026-07-22 16:00:00-04:00,4135.7998046875,4142.7998046875,4074.60009765625,4136.39990234375,6181
2026-07-22 20:00:00-04:00,4127.60009765625,4144.0,4114.7001953125,4136.7998046875,13389
2026-07-23 00:00:00-04:00,4098.2998046875,4133.39990234375,4093.0,4127.7001953125,13507
2026-07-23 04:00:00-04:00,4088.89990234375,4102.39990234375,4075.699951171875,4098.5,19012
2026-07-23 08:00:00-04:00,4051.199951171875,4089.0,4042.5,4088.39990234375,66361
2026-07-23 12:00:00-04:00,4052.10009765625,4057.5,4042.5,4051.5,30270
2026-07-23 16:00:00-04:00,4049.39990234375,4053.800048828125,4048.800048828125,4051.89990234375,3208
2026-07-23 20:00:00-04:00,4031.10009765625,4054.10009765625,4025.300048828125,4049.800048828125,13644
2026-07-24 00:00:00-04:00,4051.10009765625,4056.300048828125,4024.0,4031.300048828125,13474
2026-07-24 04:00:00-04:00,4060.199951171875,4067.0,4047.5,4051.199951171875,14839
2026-07-24 08:00:00-04:00,4079.89990234375,4085.199951171875,4046.89990234375,4060.60009765625,44103
2026-07-24 12:00:00-04:00,4056.10009765625,4080.89990234375,4051.300048828125,4080.300048828125,22001
2026-07-24 16:00:00-04:00,4070.800048828125,4070.800048828125,4053.89990234375,4055.89990234375,1967
2026-07-26 16:00:00-04:00,4096.89990234375,4099.0,4085.800048828125,4091.5,3899
2026-07-26 20:00:00-04:00,4092.5,4119.2998046875,4087.0,4097.2001953125,15102
2026-07-27 00:00:00-04:00,4090.699951171875,4108.2998046875,4086.5,4093.0,10058
2026-07-27 04:00:00-04:00,4095.89990234375,4107.0,4088.39990234375,4090.89990234375,18298
2026-07-27 08:00:00-04:00,4080.60009765625,4099.7998046875,4067.10009765625,4096.10009765625,56144
2026-07-27 12:00:00-04:00,4085.5,4095.699951171875,4072.199951171875,4080.800048828125,24812
2026-07-27 16:00:00-04:00,4074.39990234375,4086.39990234375,4071.0,4085.39990234375,2733
2026-07-27 20:00:00-04:00,4049.60009765625,4075.5,4040.699951171875,4074.39990234375,13353
2026-07-28 00:00:00-04:00,4047.300048828125,4052.89990234375,4034.60009765625,4049.0,20242
2026-07-28 04:00:00-04:00,4027.800048828125,4055.60009765625,4016.5,4047.300048828125,30203
2026-07-28 08:00:00-04:00,4046.5,4047.39990234375,4011.10009765625,4027.300048828125,59429
2026-07-28 12:00:00-04:00,4025.89990234375,4046.800048828125,4021.39990234375,4046.699951171875,38149
2026-07-28 16:00:00-04:00,4024.300048828125,4034.0,4013.199951171875,4025.800048828125,3991
2026-07-28 20:00:00-04:00,4014.39990234375,4030.699951171875,4009.300048828125,4025.0,1377
